0	0	9.733333	1.564210
2	-2	7.714286	3.056530
2	-1	10.742857	4.548849
2	0	11.752381	6.041169
2	1	10.742857	7.533489
2	2	7.714286	9.025808
4	-4	7.163636	10.362971
4	-3	9.090909	11.700135
4	-2	10.467532	13.037298
4	-1	11.293506	14.374461
4	0	11.568831	15.711624
4	1	11.293506	17.048788
4	2	10.467532	18.385951
4	3	9.090909	19.723114
4	4	7.163636	21.060277
6	-6	6.906667	22.185563
6	-5	8.320000	23.310848
6	-4	9.476364	24.436134
6	-3	10.375758	25.561420
6	-2	11.018182	26.686705
6	-1	11.403636	27.811991
6	0	11.532121	28.937276
6	1	11.403636	30.062562
6	2	11.018182	31.187847
6	3	10.375758	32.313133
6	4	9.476364	33.438418
6	5	8.320000	34.563704
6	6	6.906667	35.688990
8	-8	6.757895	36.578389
8	-7	7.873684	37.467788
8	-6	8.840702	38.357188
8	-5	9.658947	39.246587
8	-4	10.328421	40.135986
8	-3	10.849123	41.025386
8	-2	11.221053	41.914785
8	-1	11.444211	42.804185
8	0	11.518596	43.693584
8	1	11.444211	44.582983
8	2	11.221053	45.472383
8	3	10.849123	46.361782
8	4	10.328421	47.251181
8	5	9.658947	48.140581
8	6	8.840702	49.029980
8	7	7.873684	49.919379
8	8	6.757895	50.808779
10	-10	6.660870	51.468996
10	-9	7.582609	52.129213
10	-8	8.407323	52.789430
10	-7	9.135011	53.449646
10	-6	9.765675	54.109863
10	-5	10.299314	54.770080
10	-4	10.735927	55.430297
10	-3	11.075515	56.090514
10	-2	11.318078	56.750731
10	-1	11.463616	57.410948
10	0	11.512128	58.071165
10	1	11.463616	58.731382
10	2	11.318078	59.391599
10	3	11.075515	60.051815
10	4	10.735927	60.712032
10	5	10.299314	61.372249
10	6	9.765675	62.032466
10	7	9.135011	62.692683
10	8	8.407323	63.352900
10	9	7.582609	64.013117
10	10	6.660870	64.673334
12	-12	6.592593	65.133624
12	-11	7.377778	65.593915
12	-10	8.094686	66.054206
12	-9	8.743317	66.514497
12	-8	9.323671	66.974787
12	-7	9.835749	67.435078
12	-6	10.279549	67.895369
12	-5	10.655072	68.355659
12	-4	10.962319	68.815950
12	-3	11.201288	69.276241
12	-2	11.371981	69.736532
12	-1	11.474396	70.196822
12	0	11.508535	70.657113
12	1	11.474396	71.117404
12	2	11.371981	71.577694
12	3	11.201288	72.037985
12	4	10.962319	72.498276
12	5	10.655072	72.958567
12	6	10.279549	73.418857
12	7	9.835749	73.879148
12	8	9.323671	74.339439
12	9	8.743317	74.799729
12	10	8.094686	75.260020
12	11	7.377778	75.720311
12	12	6.592593	76.180602
14	-14	6.541935	76.481995
14	-13	7.225806	76.783388
14	-12	7.859020	77.084781
14	-11	8.441577	77.386175
14	-10	8.973477	77.687568
14	-9	9.454719	77.988961
14	-8	9.885305	78.290354
14	-7	10.265233	78.591748
14	-6	10.594504	78.893141
14	-5	10.873118	79.194534
14	-4	11.101075	79.495927
14	-3	11.278375	79.797321
14	-2	11.405018	80.098714
14	-1	11.481004	80.400107
14	0	11.506332	80.701500
14	1	11.481004	81.002894
14	2	11.405018	81.304287
14	3	11.278375	81.605680
14	4	11.101075	81.907074
14	5	10.873118	82.208467
14	6	10.594504	82.509860
14	7	10.265233	82.811253
14	8	9.885305	83.112647
14	9	9.454719	83.414040
14	10	8.973477	83.715433
14	11	8.441577	84.016826
14	12	7.859020	84.318220
14	13	7.225806	84.619613
14	14	6.541935	84.921006
16	-16	6.502857	85.106355
16	-15	7.108571	85.291704
16	-14	7.675207	85.477054
16	-13	8.202765	85.662403
16	-12	8.691244	85.847752
16	-11	9.140645	86.033101
16	-10	9.550968	86.218450
16	-9	9.922212	86.403799
16	-8	10.254378	86.589149
16	-7	10.547465	86.774498
16	-6	10.801475	86.959847
16	-5	11.016406	87.145196
16	-4	11.192258	87.330545
16	-3	11.329032	87.515894
16	-2	11.426728	87.701244
16	-1	11.485346	87.886593
16	0	11.504885	88.071942
16	1	11.485346	88.257291
16	2	11.426728	88.442640
16	3	11.329032	88.627989
16	4	11.192258	88.813338
16	5	11.016406	88.998688
16	6	10.801475	89.184037
16	7	10.547465	89.369386
16	8	10.254378	89.554735
16	9	9.922212	89.740084
16	10	9.550968	89.925433
16	11	9.140645	90.110783
16	12	8.691244	90.296132
16	13	8.202765	90.481481
16	14	7.675207	90.666830
16	15	7.108571	90.852179
16	16	6.502857	91.037528
18	-18	6.471795	91.144583
18	-17	7.015385	91.251637
18	-16	7.527912	91.358691
18	-15	8.009377	91.465745
18	-14	8.459780	91.572799
18	-13	8.879121	91.679853
18	-12	9.267399	91.786907
18	-11	9.624615	91.893961
18	-10	9.950769	92.001016
18	-9	10.245861	92.108070
18	-8	10.509890	92.215124
18	-7	10.742857	92.322178
18	-6	10.944762	92.429232
18	-5	11.115604	92.536286
18	-4	11.255385	92.643340
18	-3	11.364103	92.750395
18	-2	11.441758	92.857449
18	-1	11.488352	92.964503
18	0	11.503883	93.071557
18	1	11.488352	93.178611
18	2	11.441758	93.285665
18	3	11.364103	93.392719
18	4	11.255385	93.499773
18	5	11.115604	93.606828
18	6	10.944762	93.713882
18	7	10.742857	93.820936
18	8	10.509890	93.927990
18	9	10.245861	94.035044
18	10	9.950769	94.142098
18	11	9.624615	94.249152
18	12	9.267399	94.356207
18	13	8.879121	94.463261
18	14	8.459780	94.570315
18	15	8.009377	94.677369
18	16	7.527912	94.784423
18	17	7.015385	94.891477
18	18	6.471795	94.998531
20	-20	6.446512	95.056604
20	-19	6.939535	95.114677
20	-18	7.407275	95.172749
20	-17	7.849732	95.230822
20	-16	8.266905	95.288895
20	-15	8.658795	95.346968
20	-14	9.025403	95.405040
20	-13	9.366726	95.463113
20	-12	9.682767	95.521186
20	-11	9.973524	95.579258
20	-10	10.238998	95.637331
20	-9	10.479189	95.695404
20	-8	10.694097	95.753477
20	-7	10.883721	95.811549
20	-6	11.048062	95.869622
20	-5	11.187120	95.927695
20	-4	11.300894	95.985767
20	-3	11.389386	96.043840
20	-2	11.452594	96.101913
20	-1	11.490519	96.159985
20	0	11.503160	96.218058
20	1	11.490519	96.276131
20	2	11.452594	96.334204
20	3	11.389386	96.392276
20	4	11.300894	96.450349
20	5	11.187120	96.508422
20	6	11.048062	96.566494
20	7	10.883721	96.624567
20	8	10.694097	96.682640
20	9	10.479189	96.740712
20	10	10.238998	96.798785
20	11	9.973524	96.856858
20	12	9.682767	96.914931
20	13	9.366726	96.973003
20	14	9.025403	97.031076
20	15	8.658795	97.089149
20	16	8.266905	97.147221
20	17	7.849732	97.205294
20	18	7.407275	97.263367
20	19	6.939535	97.321439
20	20	6.446512	97.379512
22	-22	6.425532	97.409099
22	-21	6.876596	97.438686
22	-20	7.306680	97.468272
22	-19	7.715784	97.497859
22	-18	8.103909	97.527446
22	-17	8.471054	97.557032
22	-16	8.817219	97.586619
22	-15	9.142405	97.616206
22	-14	9.446611	97.645792
22	-13	9.729837	97.675379
22	-12	9.992083	97.704966
22	-11	10.233350	97.734552
22	-10	10.453637	97.764139
22	-9	10.652944	97.793726
22	-8	10.831272	97.823313
22	-7	10.988619	97.852899
22	-6	11.124988	97.882486
22	-5	11.240376	97.912073
22	-4	11.334785	97.941659
22	-3	11.408214	97.971246
22	-2	11.460663	98.000833
22	-1	11.492133	98.030419
22	0	11.502622	98.060006
22	1	11.492133	98.089593
22	2	11.460663	98.119179
22	3	11.408214	98.148766
22	4	11.334785	98.178353
22	5	11.240376	98.207939
22	6	11.124988	98.237526
22	7	10.988619	98.267113
22	8	10.831272	98.296700
22	9	10.652944	98.326286
22	10	10.453637	98.355873
22	11	10.233350	98.385460
22	12	9.992083	98.415046
22	13	9.729837	98.444633
22	14	9.446611	98.474220
22	15	9.142405	98.503806
22	16	8.817219	98.533393
22	17	8.471054	98.562980
22	18	8.103909	98.592566
22	19	7.715784	98.622153
22	20	7.306680	98.651740
22	21	6.876596	98.681326
22	22	6.425532	98.710913
24	-24	6.407843	98.725070
24	-23	6.823529	98.739228
24	-22	7.221527	98.753385
24	-21	7.601836	98.767542
24	-20	7.964456	98.781699
24	-19	8.309387	98.795856
24	-18	8.636629	98.810013
24	-17	8.946183	98.824171
24	-16	9.238048	98.838328
24	-15	9.512224	98.852485
24	-14	9.768711	98.866642
24	-13	10.007509	98.880799
24	-12	10.228619	98.894956
24	-11	10.432040	98.909114
24	-10	10.617772	98.923271
24	-9	10.785816	98.937428
24	-8	10.936170	98.951585
24	-7	11.068836	98.965742
24	-6	11.183813	98.979899
24	-5	11.281101	98.994057
24	-4	11.360701	99.008214
24	-3	11.422612	99.022371
24	-2	11.466834	99.036528
24	-1	11.493367	99.050685
24	0	11.502211	99.064842
24	1	11.493367	99.079000
24	2	11.466834	99.093157
24	3	11.422612	99.107314
24	4	11.360701	99.121471
24	5	11.281101	99.135628
24	6	11.183813	99.149785
24	7	11.068836	99.163943
24	8	10.936170	99.178100
24	9	10.785816	99.192257
24	10	10.617772	99.206414
24	11	10.432040	99.220571
24	12	10.228619	99.234728
24	13	10.007509	99.248886
24	14	9.768711	99.263043
24	15	9.512224	99.277200
24	16	9.238048	99.291357
24	17	8.946183	99.305514
24	18	8.636629	99.319671
24	19	8.309387	99.333829
24	20	7.964456	99.347986
24	21	7.601836	99.362143
24	22	7.221527	99.376300
24	23	6.823529	99.390457
24	24	6.407843	99.404615
26	-26	6.392727	99.410977
26	-25	6.778182	99.417339
26	-24	7.148520	99.423701
26	-23	7.503743	99.430064
26	-22	7.843850	99.436426
26	-21	8.168841	99.442788
26	-20	8.478717	99.449150
26	-19	8.773476	99.455513
26	-18	9.053119	99.461875
26	-17	9.317647	99.468237
26	-16	9.567059	99.474600
26	-15	9.801355	99.480962
26	-14	10.020535	99.487324
26	-13	10.224599	99.493686
26	-12	10.413547	99.500049
26	-11	10.587380	99.506411
26	-10	10.746096	99.512773
26	-9	10.889697	99.519135
26	-8	11.018182	99.525498
26	-7	11.131551	99.531860
26	-6	11.229804	99.538222
26	-5	11.312941	99.544585
26	-4	11.380963	99.550947
26	-3	11.433868	99.557309
26	-2	11.471658	99.563671
26	-1	11.494332	99.570034
26	0	11.501889	99.576396
26	1	11.494332	99.582758
26	2	11.471658	99.589120
26	3	11.433868	99.595483
26	4	11.380963	99.601845
26	5	11.312941	99.608207
26	6	11.229804	99.614570
26	7	11.131551	99.620932
26	8	11.018182	99.627294
26	9	10.889697	99.633656
26	10	10.746096	99.640019
26	11	10.587380	99.646381
26	12	10.413547	99.652743
26	13	10.224599	99.659105
26	14	10.020535	99.665468
26	15	9.801355	99.671830
26	16	9.567059	99.678192
26	17	9.317647	99.684555
26	18	9.053119	99.690917
26	19	8.773476	99.697279
26	20	8.478717	99.703641
26	21	8.168841	99.710004
26	22	7.843850	99.716366
26	23	7.503743	99.722728
26	24	7.148520	99.729090
26	25	6.778182	99.735453
26	26	6.392727	99.741815
28	-28	6.379661	99.744500
28	-27	6.738983	99.747186
28	-26	7.085239	99.749871
28	-25	7.418428	99.752556
28	-24	7.738552	99.755242
28	-23	8.045609	99.757927
28	-22	8.339599	99.760613
28	-21	8.620524	99.763298
28	-20	8.888382	99.765983
28	-19	9.143174	99.768669
28	-18	9.384900	99.771354
28	-17	9.613559	99.774039
28	-16	9.829153	99.776725
28	-15	10.031680	99.779410
28	-14	10.221140	99.782096
28	-13	10.397535	99.784781
28	-12	10.560863	99.787466
28	-11	10.711125	99.790152
28	-10	10.848320	99.792837
28	-9	10.972450	99.795522
28	-8	11.083513	99.798208
28	-7	11.181510	99.800893
28	-6	11.266441	99.803578
28	-5	11.338305	99.806264
28	-4	11.397103	99.808949
28	-3	11.442835	99.811635
28	-2	11.475501	99.814320
28	-1	11.495100	99.817005
28	0	11.501633	99.819691
28	1	11.495100	99.822376
28	2	11.475501	99.825061
28	3	11.442835	99.827747
28	4	11.397103	99.830432
28	5	11.338305	99.833118
28	6	11.266441	99.835803
28	7	11.181510	99.838488
28	8	11.083513	99.841174
28	9	10.972450	99.843859
28	10	10.848320	99.846544
28	11	10.711125	99.849230
28	12	10.560863	99.851915
28	13	10.397535	99.854600
28	14	10.221140	99.857286
28	15	10.031680	99.859971
28	16	9.829153	99.862657
28	17	9.613559	99.865342
28	18	9.384900	99.868027
28	19	9.143174	99.870713
28	20	8.888382	99.873398
28	21	8.620524	99.876083
28	22	8.339599	99.878769
28	23	8.045609	99.881454
28	24	7.738552	99.884140
28	25	7.418428	99.886825
28	26	7.085239	99.889510
28	27	6.738983	99.892196
28	28	6.379661	99.894881
30	-30	6.368254	99.895945
30	-29	6.704762	99.897010
30	-28	7.029863	99.898075
30	-27	7.343557	99.899139
30	-26	7.645843	99.900204
30	-25	7.936723	99.901268
30	-24	8.216196	99.902333
30	-23	8.484262	99.903397
30	-22	8.740920	99.904462
30	-21	8.986172	99.905526
30	-20	9.220016	99.906591
30	-19	9.442454	99.907655
30	-18	9.653484	99.908720
30	-17	9.853107	99.909784
30	-16	10.041324	99.910849
30	-15	10.218133	99.911913
30	-14	10.383535	99.912978
30	-13	10.537530	99.914042
30	-12	10.680118	99.915107
30	-11	10.811299	99.916171
30	-10	10.931073	99.917236
30	-9	11.039440	99.918300
30	-8	11.136400	99.919365
30	-7	11.221953	99.920429
30	-6	11.296099	99.921494
30	-5	11.358838	99.922558
30	-4	11.410169	99.923623
30	-3	11.450094	99.924687
30	-2	11.478612	99.925752
30	-1	11.495722	99.926816
30	0	11.501426	99.927881
30	1	11.495722	99.928945
30	2	11.478612	99.930010
30	3	11.450094	99.931074
30	4	11.410169	99.932139
30	5	11.358838	99.933203
30	6	11.296099	99.934268
30	7	11.221953	99.935332
30	8	11.136400	99.936397
30	9	11.039440	99.937462
30	10	10.931073	99.938526
30	11	10.811299	99.939591
30	12	10.680118	99.940655
30	13	10.537530	99.941720
30	14	10.383535	99.942784
30	15	10.218133	99.943849
30	16	10.041324	99.944913
30	17	9.853107	99.945978
30	18	9.653484	99.947042
30	19	9.442454	99.948107
30	20	9.220016	99.949171
30	21	8.986172	99.950236
30	22	8.740920	99.951300
30	23	8.484262	99.952365
30	24	8.216196	99.953429
30	25	7.936723	99.954494
30	26	7.645843	99.955558
30	27	7.343557	99.956623
30	28	7.029863	99.957687
30	29	6.704762	99.958752
30	30	6.368254	99.959816
32	-32	6.358209	99.960213
32	-31	6.674627	99.960609
32	-30	6.981000	99.961005
32	-29	7.277328	99.961402
32	-28	7.563611	99.961798
32	-27	7.839848	99.962194
32	-26	8.106041	99.962591
32	-25	8.362189	99.962987
32	-24	8.608292	99.963383
32	-23	8.844350	99.963780
32	-22	9.070362	99.964176
32	-21	9.286330	99.964572
32	-20	9.492253	99.964969
32	-19	9.688131	99.965365
32	-18	9.873964	99.965761
32	-17	10.049751	99.966158
32	-16	10.215494	99.966554
32	-15	10.371192	99.966950
32	-14	10.516844	99.967347
32	-13	10.652452	99.967743
32	-12	10.778015	99.968139
32	-11	10.893532	99.968536
32	-10	10.999005	99.968932
32	-9	11.094433	99.969328
32	-8	11.179815	99.969725
32	-7	11.255153	99.970121
32	-6	11.320445	99.970517
32	-5	11.375693	99.970913
32	-4	11.420896	99.971310
32	-3	11.456053	99.971706
32	-2	11.481166	99.972102
32	-1	11.496233	99.972499
32	0	11.501256	99.972895
32	1	11.496233	99.973291
32	2	11.481166	99.973688
32	3	11.456053	99.974084
32	4	11.420896	99.974480
32	5	11.375693	99.974877
32	6	11.320445	99.975273
32	7	11.255153	99.975669
32	8	11.179815	99.976066
32	9	11.094433	99.976462
32	10	10.999005	99.976858
32	11	10.893532	99.977255
32	12	10.778015	99.977651
32	13	10.652452	99.978047
32	14	10.516844	99.978444
32	15	10.371192	99.978840
32	16	10.215494	99.979236
32	17	10.049751	99.979633
32	18	9.873964	99.980029
32	19	9.688131	99.980425
32	20	9.492253	99.980822
32	21	9.286330	99.981218
32	22	9.070362	99.981614
32	23	8.844350	99.982011
32	24	8.608292	99.982407
32	25	8.362189	99.982803
32	26	8.106041	99.983200
32	27	7.839848	99.983596
32	28	7.563611	99.983992
32	29	7.277328	99.984389
32	30	6.981000	99.984785
32	31	6.674627	99.985181
32	32	6.358209	99.985578
34	-34	6.349296	99.985716
34	-33	6.647887	99.985855
34	-32	6.937566	99.985993
34	-31	7.218331	99.986132
34	-30	7.490183	99.986271
34	-29	7.753122	99.986409
34	-28	8.007147	99.986548
34	-27	8.252260	99.986686
34	-26	8.488459	99.986825
34	-25	8.715745	99.986963
34	-24	8.934118	99.987102
34	-23	9.143578	99.987241
34	-22	9.344124	99.987379
34	-21	9.535758	99.987518
34	-20	9.718478	99.987656
34	-19	9.892285	99.987795
34	-18	10.057179	99.987934
34	-17	10.213160	99.988072
34	-16	10.360227	99.988211
34	-15	10.498381	99.988349
34	-14	10.627622	99.988488
34	-13	10.747950	99.988626
34	-12	10.859365	99.988765
34	-11	10.961867	99.988904
34	-10	11.055455	99.989042
34	-9	11.140130	99.989181
34	-8	11.215892	99.989319
34	-7	11.282741	99.989458
34	-6	11.340677	99.989597
34	-5	11.389699	99.989735
34	-4	11.429809	99.989874
34	-3	11.461005	99.990012
34	-2	11.483288	99.990151
34	-1	11.496658	99.990289
34	0	11.501114	99.990428
34	1	11.496658	99.990567
34	2	11.483288	99.990705
34	3	11.461005	99.990844
34	4	11.429809	99.990982
34	5	11.389699	99.991121
34	6	11.340677	99.991260
34	7	11.282741	99.991398
34	8	11.215892	99.991537
34	9	11.140130	99.991675
34	10	11.055455	99.991814
34	11	10.961867	99.991952
34	12	10.859365	99.992091
34	13	10.747950	99.992230
34	14	10.627622	99.992368
34	15	10.498381	99.992507
34	16	10.360227	99.992645
34	17	10.213160	99.992784
34	18	10.057179	99.992923
34	19	9.892285	99.993061
34	20	9.718478	99.993200
34	21	9.535758	99.993338
34	22	9.344124	99.993477
34	23	9.143578	99.993615
34	24	8.934118	99.993754
34	25	8.715745	99.993893
34	26	8.488459	99.994031
34	27	8.252260	99.994170
34	28	8.007147	99.994308
34	29	7.753122	99.994447
34	30	7.490183	99.994586
34	31	7.218331	99.994724
34	32	6.937566	99.994863
34	33	6.647887	99.995001
34	34	6.349296	99.995140
36	-36	6.341333	99.995185
36	-35	6.624000	99.995231
36	-34	6.898704	99.995276
36	-33	7.165446	99.995322
36	-32	7.424225	99.995367
36	-31	7.675042	99.995413
36	-30	7.917897	99.995458
36	-29	8.152789	99.995504
36	-28	8.379718	99.995550
36	-27	8.598685	99.995595
36	-26	8.809690	99.995641
36	-25	9.012732	99.995686
36	-24	9.207812	99.995732
36	-23	9.394930	99.995777
36	-22	9.574085	99.995823
36	-21	9.745277	99.995868
36	-20	9.908507	99.995914
36	-19	10.063775	99.995959
36	-18	10.211080	99.996005
36	-17	10.350423	99.996050
36	-16	10.481803	99.996096
36	-15	10.605221	99.996141
36	-14	10.720676	99.996187
36	-13	10.828169	99.996232
36	-12	10.927700	99.996278
36	-11	11.019268	99.996323
36	-10	11.102873	99.996369
36	-9	11.178516	99.996414
36	-8	11.246197	99.996460
36	-7	11.305915	99.996505
36	-6	11.357671	99.996551
36	-5	11.401465	99.996596
36	-4	11.437296	99.996642
36	-3	11.465164	99.996687
36	-2	11.485070	99.996733
36	-1	11.497014	99.996778
36	0	11.500995	99.996824
36	1	11.497014	99.996869
36	2	11.485070	99.996915
36	3	11.465164	99.996960
36	4	11.437296	99.997006
36	5	11.401465	99.997051
36	6	11.357671	99.997097
36	7	11.305915	99.997142
36	8	11.246197	99.997188
36	9	11.178516	99.997233
36	10	11.102873	99.997279
36	11	11.019268	99.997324
36	12	10.927700	99.997370
36	13	10.828169	99.997416
36	14	10.720676	99.997461
36	15	10.605221	99.997507
36	16	10.481803	99.997552
36	17	10.350423	99.997598
36	18	10.211080	99.997643
36	19	10.063775	99.997689
36	20	9.908507	99.997734
36	21	9.745277	99.997780
36	22	9.574085	99.997825
36	23	9.394930	99.997871
36	24	9.207812	99.997916
36	25	9.012732	99.997962
36	26	8.809690	99.998007
36	27	8.598685	99.998053
36	28	8.379718	99.998098
36	29	8.152789	99.998144
36	30	7.917897	99.998189
36	31	7.675042	99.998235
36	32	7.424225	99.998280
36	33	7.165446	99.998326
36	34	6.898704	99.998371
36	35	6.624000	99.998417
36	36	6.341333	99.998462
38	-38	6.334177	99.998476
38	-37	6.602532	99.998490
38	-36	6.863730	99.998504
38	-35	7.117772	99.998518
38	-34	7.364658	99.998532
38	-33	7.604388	99.998547
38	-32	7.836962	99.998561
38	-31	8.062380	99.998575
38	-30	8.280641	99.998589
38	-29	8.491747	99.998603
38	-28	8.695696	99.998617
38	-27	8.892489	99.998631
38	-26	9.082127	99.998645
38	-25	9.264608	99.998659
38	-24	9.439932	99.998673
38	-23	9.608101	99.998687
38	-22	9.769114	99.998701
38	-21	9.922970	99.998715
38	-20	10.069671	99.998729
38	-19	10.209215	99.998743
38	-18	10.341603	99.998757
38	-17	10.466835	99.998771
38	-16	10.584911	99.998785
38	-15	10.695831	99.998799
38	-14	10.799595	99.998813
38	-13	10.896203	99.998827
38	-12	10.985654	99.998841
38	-11	11.067949	99.998855
38	-10	11.143089	99.998869
38	-9	11.211072	99.998883
38	-8	11.271899	99.998897
38	-7	11.325570	99.998912
38	-6	11.372084	99.998926
38	-5	11.411443	99.998940
38	-4	11.443646	99.998954
38	-3	11.468692	99.998968
38	-2	11.486582	99.998982
38	-1	11.497316	99.998996
38	0	11.500895	99.999010
38	1	11.497316	99.999024
38	2	11.486582	99.999038
38	3	11.468692	99.999052
38	4	11.443646	99.999066
38	5	11.411443	99.999080
38	6	11.372084	99.999094
38	7	11.325570	99.999108
38	8	11.271899	99.999122
38	9	11.211072	99.999136
38	10	11.143089	99.999150
38	11	11.067949	99.999164
38	12	10.985654	99.999178
38	13	10.896203	99.999192
38	14	10.799595	99.999206
38	15	10.695831	99.999220
38	16	10.584911	99.999234
38	17	10.466835	99.999248
38	18	10.341603	99.999262
38	19	10.209215	99.999276
38	20	10.069671	99.999291
38	21	9.922970	99.999305
38	22	9.769114	99.999319
38	23	9.608101	99.999333
38	24	9.439932	99.999347
38	25	9.264608	99.999361
38	26	9.082127	99.999375
38	27	8.892489	99.999389
38	28	8.695696	99.999403
38	29	8.491747	99.999417
38	30	8.280641	99.999431
38	31	8.062380	99.999445
38	32	7.836962	99.999459
38	33	7.604388	99.999473
38	34	7.364658	99.999487
38	35	7.117772	99.999501
38	36	6.863730	99.999515
38	37	6.602532	99.999529
38	38	6.334177	99.999543
40	-40	6.327711	99.999547
40	-39	6.583133	99.999551
40	-38	6.832088	99.999555
40	-37	7.074577	99.999559
40	-36	7.310599	99.999564
40	-35	7.540156	99.999568
40	-34	7.763245	99.999572
40	-33	7.979869	99.999576
40	-32	8.190026	99.999580
40	-31	8.393717	99.999584
40	-30	8.590941	99.999588
40	-29	8.781699	99.999592
40	-28	8.965991	99.999596
40	-27	9.143816	99.999600
40	-26	9.315175	99.999604
40	-25	9.480067	99.999608
40	-24	9.638493	99.999612
40	-23	9.790453	99.999616
40	-22	9.935946	99.999620
40	-21	10.074973	99.999625
40	-20	10.207534	99.999629
40	-19	10.333628	99.999633
40	-18	10.453256	99.999637
40	-17	10.566418	99.999641
40	-16	10.673113	99.999645
40	-15	10.773341	99.999649
40	-14	10.867104	99.999653
40	-13	10.954400	99.999657
40	-12	11.035230	99.999661
40	-11	11.109593	99.999665
40	-10	11.177490	99.999669
40	-9	11.238920	99.999673
40	-8	11.293884	99.999677
40	-7	11.342382	99.999681
40	-6	11.384414	99.999686
40	-5	11.419979	99.999690
40	-4	11.449077	99.999694
40	-3	11.471710	99.999698
40	-2	11.487876	99.999702
40	-1	11.497575	99.999706
40	0	11.500808	99.999710
40	1	11.497575	99.999714
40	2	11.487876	99.999718
40	3	11.471710	99.999722
40	4	11.449077	99.999726
40	5	11.419979	99.999730
40	6	11.384414	99.999734
40	7	11.342382	99.999738
40	8	11.293884	99.999742
40	9	11.238920	99.999747
40	10	11.177490	99.999751
40	11	11.109593	99.999755
40	12	11.035230	99.999759
40	13	10.954400	99.999763
40	14	10.867104	99.999767
40	15	10.773341	99.999771
40	16	10.673113	99.999775
40	17	10.566418	99.999779
40	18	10.453256	99.999783
40	19	10.333628	99.999787
40	20	10.207534	99.999791
40	21	10.074973	99.999795
40	22	9.935946	99.999799
40	23	9.790453	99.999803
40	24	9.638493	99.999808
40	25	9.480067	99.999812
40	26	9.315175	99.999816
40	27	9.143816	99.999820
40	28	8.965991	99.999824
40	29	8.781699	99.999828
40	30	8.590941	99.999832
40	31	8.393717	99.999836
40	32	8.190026	99.999840
40	33	7.979869	99.999844
40	34	7.763245	99.999848
40	35	7.540156	99.999852
40	36	7.310599	99.999856
40	37	7.074577	99.999860
40	38	6.832088	99.999864
40	39	6.583133	99.999869
40	40	6.327711	99.999873
42	-42	6.321839	99.999874
42	-41	6.565517	99.999875
42	-40	6.803324	99.999876
42	-39	7.035258	99.999877
42	-38	7.261321	99.999878
42	-37	7.481512	99.999879
42	-36	7.695832	99.999880
42	-35	7.904279	99.999881
42	-34	8.106855	99.999883
42	-33	8.303559	99.999884
42	-32	8.494391	99.999885
42	-31	8.679352	99.999886
42	-30	8.858441	99.999887
42	-29	9.031658	99.999888
42	-28	9.199003	99.999889
42	-27	9.360476	99.999890
42	-26	9.516078	99.999891
42	-25	9.665808	99.999893
42	-24	9.809666	99.999894
42	-23	9.947653	99.999895
42	-22	10.079767	99.999896
42	-21	10.206010	99.999897
42	-20	10.326381	99.999898
42	-19	10.440881	99.999899
42	-18	10.549508	99.999900
42	-17	10.652264	99.999901
42	-16	10.749148	99.999902
42	-15	10.840161	99.999904
42	-14	10.925301	99.999905
42	-13	11.004570	99.999906
42	-12	11.077967	99.999907
42	-11	11.145492	99.999908
42	-10	11.207146	99.999909
42	-9	11.262928	99.999910
42	-8	11.312838	99.999911
42	-7	11.356876	99.999912
42	-6	11.395042	99.999914
42	-5	11.427337	99.999915
42	-4	11.453760	99.999916
42	-3	11.474311	99.999917
42	-2	11.488990	99.999918
42	-1	11.497798	99.999919
42	0	11.500734	99.999920
42	1	11.497798	99.999921
42	2	11.488990	99.999922
42	3	11.474311	99.999923
42	4	11.453760	99.999925
42	5	11.427337	99.999926
42	6	11.395042	99.999927
42	7	11.356876	99.999928
42	8	11.312838	99.999929
42	9	11.262928	99.999930
42	10	11.207146	99.999931
42	11	11.145492	99.999932
42	12	11.077967	99.999933
42	13	11.004570	99.999935
42	14	10.925301	99.999936
42	15	10.840161	99.999937
42	16	10.749148	99.999938
42	17	10.652264	99.999939
42	18	10.549508	99.999940
42	19	10.440881	99.999941
42	20	10.326381	99.999942
42	21	10.206010	99.999943
42	22	10.079767	99.999945
42	23	9.947653	99.999946
42	24	9.809666	99.999947
42	25	9.665808	99.999948
42	26	9.516078	99.999949
42	27	9.360476	99.999950
42	28	9.199003	99.999951
42	29	9.031658	99.999952
42	30	8.858441	99.999953
42	31	8.679352	99.999954
42	32	8.494391	99.999956
42	33	8.303559	99.999957
42	34	8.106855	99.999958
42	35	7.904279	99.999959
42	36	7.695832	99.999960
42	37	7.481512	99.999961
42	38	7.261321	99.999962
42	39	7.035258	99.999963
42	40	6.803324	99.999964
42	41	6.565517	99.999966
42	42	6.321839	99.999967
44	-44	6.316484	99.999967
44	-43	6.549451	99.999967
44	-42	6.777062	99.999967
44	-41	6.999318	99.999968
44	-40	7.216218	99.999968
44	-39	7.427763	99.999968
44	-38	7.633952	99.999969
44	-37	7.834786	99.999969
44	-36	8.030264	99.999969
44	-35	8.220387	99.999969
44	-34	8.405153	99.999970
44	-33	8.584565	99.999970
44	-32	8.758621	99.999970
44	-31	8.927321	99.999971
44	-30	9.090666	99.999971
44	-29	9.248655	99.999971
44	-28	9.401288	99.999971
44	-27	9.548566	99.999972
44	-26	9.690489	99.999972
44	-25	9.827056	99.999972
44	-24	9.958267	99.999973
44	-23	10.084123	99.999973
44	-22	10.204623	99.999973
44	-21	10.319768	99.999973
44	-20	10.429557	99.999974
44	-19	10.533990	99.999974
44	-18	10.633068	99.999974
44	-17	10.726790	99.999975
44	-16	10.815157	99.999975
44	-15	10.898168	99.999975
44	-14	10.975824	99.999975
44	-13	11.048124	99.999976
44	-12	11.115069	99.999976
44	-11	11.176658	99.999976
44	-10	11.232891	99.999977
44	-9	11.283769	99.999977
44	-8	11.329291	99.999977
44	-7	11.369458	99.999977
44	-6	11.404269	99.999978
44	-5	11.433725	99.999978
44	-4	11.457825	99.999978
44	-3	11.476569	99.999979
44	-2	11.489958	99.999979
44	-1	11.497992	99.999979
44	0	11.500669	99.999979
44	1	11.497992	99.999980
44	2	11.489958	99.999980
44	3	11.476569	99.999980
44	4	11.457825	99.999980
44	5	11.433725	99.999981
44	6	11.404269	99.999981
44	7	11.369458	99.999981
44	8	11.329291	99.999982
44	9	11.283769	99.999982
44	10	11.232891	99.999982
44	11	11.176658	99.999982
44	12	11.115069	99.999983
44	13	11.048124	99.999983
44	14	10.975824	99.999983
44	15	10.898168	99.999984
44	16	10.815157	99.999984
44	17	10.726790	99.999984
44	18	10.633068	99.999984
44	19	10.533990	99.999985
44	20	10.429557	99.999985
44	21	10.319768	99.999985
44	22	10.204623	99.999986
44	23	10.084123	99.999986
44	24	9.958267	99.999986
44	25	9.827056	99.999986
44	26	9.690489	99.999987
44	27	9.548566	99.999987
44	28	9.401288	99.999987
44	29	9.248655	99.999988
44	30	9.090666	99.999988
44	31	8.927321	99.999988
44	32	8.758621	99.999988
44	33	8.584565	99.999989
44	34	8.405153	99.999989
44	35	8.220387	99.999989
44	36	8.030264	99.999990
44	37	7.834786	99.999990
44	38	7.633952	99.999990
44	39	7.427763	99.999990
44	40	7.216218	99.999991
44	41	6.999318	99.999991
44	42	6.777062	99.999991
44	43	6.549451	99.999992
44	44	6.316484	99.999992
46	-46	6.311579	99.999992
46	-45	6.534737	99.999992
46	-44	6.752990	99.999992
46	-43	6.966339	99.999992
46	-42	7.174783	99.999992
46	-41	7.378323	99.999992
46	-40	7.576958	99.999992
46	-39	7.770688	99.999992
46	-38	7.959514	99.999992
46	-37	8.143436	99.999992
46	-36	8.322452	99.999993
46	-35	8.496564	99.999993
46	-34	8.665772	99.999993
46	-33	8.830075	99.999993
46	-32	8.989474	99.999993
46	-31	9.143968	99.999993
46	-30	9.293557	99.999993
46	-29	9.438242	99.999993
46	-28	9.578022	99.999993
46	-27	9.712898	99.999993
46	-26	9.842869	99.999993
46	-25	9.967935	99.999993
46	-24	10.088097	99.999993
46	-23	10.203355	99.999993
46	-22	10.313707	99.999993
46	-21	10.419156	99.999994
46	-20	10.519699	99.999994
46	-19	10.615338	99.999994
46	-18	10.706073	99.999994
46	-17	10.791903	99.999994
46	-16	10.872828	99.999994
46	-15	10.948849	99.999994
46	-14	11.019965	99.999994
46	-13	11.086177	99.999994
46	-12	11.147484	99.999994
46	-11	11.203887	99.999994
46	-10	11.255385	99.999994
46	-9	11.301978	99.999994
46	-8	11.343667	99.999994
46	-7	11.380451	99.999995
46	-6	11.412331	99.999995
46	-5	11.439306	99.999995
46	-4	11.461377	99.999995
46	-3	11.478543	99.999995
46	-2	11.490804	99.999995
46	-1	11.498161	99.999995
46	0	11.500613	99.999995
46	1	11.498161	99.999995
46	2	11.490804	99.999995
46	3	11.478543	99.999995
46	4	11.461377	99.999995
46	5	11.439306	99.999995
46	6	11.412331	99.999995
46	7	11.380451	99.999995
46	8	11.343667	99.999996
46	9	11.301978	99.999996
46	10	11.255385	99.999996
46	11	11.203887	99.999996
46	12	11.147484	99.999996
46	13	11.086177	99.999996
46	14	11.019965	99.999996
46	15	10.948849	99.999996
46	16	10.872828	99.999996
46	17	10.791903	99.999996
46	18	10.706073	99.999996
46	19	10.615338	99.999996
46	20	10.519699	99.999996
46	21	10.419156	99.999996
46	22	10.313707	99.999996
46	23	10.203355	99.999997
46	24	10.088097	99.999997
46	25	9.967935	99.999997
46	26	9.842869	99.999997
46	27	9.712898	99.999997
46	28	9.578022	99.999997
46	29	9.438242	99.999997
46	30	9.293557	99.999997
46	31	9.143968	99.999997
46	32	8.989474	99.999997
46	33	8.830075	99.999997
46	34	8.665772	99.999997
46	35	8.496564	99.999997
46	36	8.322452	99.999997
46	37	8.143436	99.999997
46	38	7.959514	99.999998
46	39	7.770688	99.999998
46	40	7.576958	99.999998
46	41	7.378323	99.999998
46	42	7.174783	99.999998
46	43	6.966339	99.999998
46	44	6.752990	99.999998
46	45	6.534737	99.999998
46	46	6.311579	99.999998
48	-48	6.307071	99.999998
48	-47	6.521212	99.999998
48	-46	6.730845	99.999998
48	-45	6.935970	99.999998
48	-44	7.136587	99.999998
48	-43	7.332695	99.999998
48	-42	7.524296	99.999998
48	-41	7.711388	99.999998
48	-40	7.893971	99.999998
48	-39	8.072047	99.999998
48	-38	8.245614	99.999998
48	-37	8.414673	99.999998
48	-36	8.579224	99.999998
48	-35	8.739266	99.999998
48	-34	8.894801	99.999998
48	-33	9.045827	99.999998
48	-32	9.192344	99.999998
48	-31	9.334354	99.999998
48	-30	9.471855	99.999998
48	-29	9.604848	99.999998
48	-28	9.733333	99.999998
48	-27	9.857310	99.999998
48	-26	9.976778	99.999998
48	-25	10.091738	99.999998
48	-24	10.202190	99.999998
48	-23	10.308134	99.999999
48	-22	10.409569	99.999999
48	-21	10.506497	99.999999
48	-20	10.598915	99.999999
48	-19	10.686826	99.999999
48	-18	10.770229	99.999999
48	-17	10.849123	99.999999
48	-16	10.923509	99.999999
48	-15	10.993386	99.999999
48	-14	11.058756	99.999999
48	-13	11.119617	99.999999
48	-12	11.175970	99.999999
48	-11	11.227815	99.999999
48	-10	11.275152	99.999999
48	-9	11.317980	99.999999
48	-8	11.356300	99.999999
48	-7	11.390112	99.999999
48	-6	11.419415	99.999999
48	-5	11.444211	99.999999
48	-4	11.464498	99.999999
48	-3	11.480276	99.999999
48	-2	11.491547	99.999999
48	-1	11.498309	99.999999
48	0	11.500564	99.999999
48	1	11.498309	99.999999
48	2	11.491547	99.999999
48	3	11.480276	99.999999
48	4	11.464498	99.999999
48	5	11.444211	99.999999
48	6	11.419415	99.999999
48	7	11.390112	99.999999
48	8	11.356300	99.999999
48	9	11.317980	99.999999
48	10	11.275152	99.999999
48	11	11.227815	99.999999
48	12	11.175970	99.999999
48	13	11.119617	99.999999
48	14	11.058756	99.999999
48	15	10.993386	99.999999
48	16	10.923509	99.999999
48	17	10.849123	99.999999
48	18	10.770229	99.999999
48	19	10.686826	99.999999
48	20	10.598915	99.999999
48	21	10.506497	99.999999
48	22	10.409569	99.999999
48	23	10.308134	99.999999
48	24	10.202190	99.999999
48	25	10.091738	99.999999
48	26	9.976778	99.999999
48	27	9.857310	99.999999
48	28	9.733333	99.999999
48	29	9.604848	99.999999
48	30	9.471855	99.999999
48	31	9.334354	99.999999
48	32	9.192344	99.999999
48	33	9.045827	99.999999
48	34	8.894801	99.999999
48	35	8.739266	99.999999
48	36	8.579224	99.999999
48	37	8.414673	99.999999
48	38	8.245614	99.999999
48	39	8.072047	99.999999
48	40	7.893971	99.999999
48	41	7.711388	99.999999
48	42	7.524296	99.999999
48	43	7.332695	100.000000
48	44	7.136587	100.000000
48	45	6.935970	100.000000
48	46	6.730845	100.000000
48	47	6.521212	100.000000
48	48	6.307071	100.000000
50	-50	6.302913	100.000000
50	-49	6.508738	100.000000
50	-48	6.710405	100.000000
50	-47	6.907914	100.000000
50	-46	7.101265	100.000000
50	-45	7.290458	100.000000
50	-44	7.475493	100.000000
50	-43	7.656370	100.000000
50	-42	7.833088	100.000000
50	-41	8.005649	100.000000
50	-40	8.174051	100.000000
50	-39	8.338296	100.000000
50	-38	8.498382	100.000000
50	-37	8.654310	100.000000
50	-36	8.806080	100.000000
50	-35	8.953692	100.000000
50	-34	9.097146	100.000000
50	-33	9.236442	100.000000
50	-32	9.371580	100.000000
50	-31	9.502560	100.000000
50	-30	9.629381	100.000000
50	-29	9.752045	100.000000
50	-28	9.870550	100.000000
50	-27	9.984898	100.000000
50	-26	10.095087	100.000000
50	-25	10.201118	100.000000
50	-24	10.302991	100.000000
50	-23	10.400706	100.000000
50	-22	10.494263	100.000000
50	-21	10.583662	100.000000
50	-20	10.668903	100.000000
50	-19	10.749985	100.000000
50	-18	10.826910	100.000000
50	-17	10.899676	100.000000
50	-16	10.968285	100.000000
50	-15	11.032735	100.000000
50	-14	11.093027	100.000000
50	-13	11.149162	100.000000
50	-12	11.201138	100.000000
50	-11	11.248956	100.000000
50	-10	11.292615	100.000000
50	-9	11.332117	100.000000
50	-8	11.367461	100.000000
50	-7	11.398647	100.000000
50	-6	11.425674	100.000000
50	-5	11.448544	100.000000
50	-4	11.467255	100.000000
50	-3	11.481808	100.000000
50	-2	11.492204	100.000000
50	-1	11.498441	100.000000
50	0	11.500520	100.000000
50	1	11.498441	100.000000
50	2	11.492204	100.000000
50	3	11.481808	100.000000
50	4	11.467255	100.000000
50	5	11.448544	100.000000
50	6	11.425674	100.000000
50	7	11.398647	100.000000
50	8	11.367461	100.000000
50	9	11.332117	100.000000
50	10	11.292615	100.000000
50	11	11.248956	100.000000
50	12	11.201138	100.000000
50	13	11.149162	100.000000
50	14	11.093027	100.000000
50	15	11.032735	100.000000
50	16	10.968285	100.000000
50	17	10.899676	100.000000
50	18	10.826910	100.000000
50	19	10.749985	100.000000
50	20	10.668903	100.000000
50	21	10.583662	100.000000
50	22	10.494263	100.000000
50	23	10.400706	100.000000
50	24	10.302991	100.000000
50	25	10.201118	100.000000
50	26	10.095087	100.000000
50	27	9.984898	100.000000
50	28	9.870550	100.000000
50	29	9.752045	100.000000
50	30	9.629381	100.000000
50	31	9.502560	100.000000
50	32	9.371580	100.000000
50	33	9.236442	100.000000
50	34	9.097146	100.000000
50	35	8.953692	100.000000
50	36	8.806080	100.000000
50	37	8.654310	100.000000
50	38	8.498382	100.000000
50	39	8.338296	100.000000
50	40	8.174051	100.000000
50	41	8.005649	100.000000
50	42	7.833088	100.000000
50	43	7.656370	100.000000
50	44	7.475493	100.000000
50	45	7.290458	100.000000
50	46	7.101265	100.000000
50	47	6.907914	100.000000
50	48	6.710405	100.000000
50	49	6.508738	100.000000
50	50	6.302913	100.000000
52	-52	6.299065	100.000000
52	-51	6.497196	100.000000
52	-50	6.691480	100.000000
52	-49	6.881916	100.000000
52	-48	7.068506	100.000000
52	-47	7.251248	100.000000
52	-46	7.430142	100.000000
52	-45	7.605190	100.000000
52	-44	7.776391	100.000000
52	-43	7.943744	100.000000
52	-42	8.107250	100.000000
52	-41	8.266909	100.000000
52	-40	8.422720	100.000000
52	-39	8.574685	100.000000
52	-38	8.722802	100.000000
52	-37	8.867072	100.000000
52	-36	9.007495	100.000000
52	-35	9.144070	100.000000
52	-34	9.276799	100.000000
52	-33	9.405680	100.000000
52	-32	9.530714	100.000000
52	-31	9.651901	100.000000
52	-30	9.769241	100.000000
52	-29	9.882733	100.000000
52	-28	9.992378	100.000000
52	-27	10.098176	100.000000
52	-26	10.200127	100.000000
52	-25	10.298231	100.000000
52	-24	10.392487	100.000000
52	-23	10.482896	100.000000
52	-22	10.569458	100.000000
52	-21	10.652173	100.000000
52	-20	10.731041	100.000000
52	-19	10.806061	100.000000
52	-18	10.877234	100.000000
52	-17	10.944560	100.000000
52	-16	11.008039	100.000000
52	-15	11.067671	100.000000
52	-14	11.123455	100.000000
52	-13	11.175392	100.000000
52	-12	11.223482	100.000000
52	-11	11.267725	100.000000
52	-10	11.308121	100.000000
52	-9	11.344669	100.000000
52	-8	11.377370	100.000000
52	-7	11.406224	100.000000
52	-6	11.431231	100.000000
52	-5	11.452391	100.000000
52	-4	11.469703	100.000000
52	-3	11.483168	100.000000
52	-2	11.492786	100.000000
52	-1	11.498557	100.000000
52	0	11.500481	100.000000
52	1	11.498557	100.000000
52	2	11.492786	100.000000
52	3	11.483168	100.000000
52	4	11.469703	100.000000
52	5	11.452391	100.000000
52	6	11.431231	100.000000
52	7	11.406224	100.000000
52	8	11.377370	100.000000
52	9	11.344669	100.000000
52	10	11.308121	100.000000
52	11	11.267725	100.000000
52	12	11.223482	100.000000
52	13	11.175392	100.000000
52	14	11.123455	100.000000
52	15	11.067671	100.000000
52	16	11.008039	100.000000
52	17	10.944560	100.000000
52	18	10.877234	100.000000
52	19	10.806061	100.000000
52	20	10.731041	100.000000
52	21	10.652173	100.000000
52	22	10.569458	100.000000
52	23	10.482896	100.000000
52	24	10.392487	100.000000
52	25	10.298231	100.000000
52	26	10.200127	100.000000
52	27	10.098176	100.000000
52	28	9.992378	100.000000
52	29	9.882733	100.000000
52	30	9.769241	100.000000
52	31	9.651901	100.000000
52	32	9.530714	100.000000
52	33	9.405680	100.000000
52	34	9.276799	100.000000
52	35	9.144070	100.000000
52	36	9.007495	100.000000
52	37	8.867072	100.000000
52	38	8.722802	100.000000
52	39	8.574685	100.000000
52	40	8.422720	100.000000
52	41	8.266909	100.000000
52	42	8.107250	100.000000
52	43	7.943744	100.000000
52	44	7.776391	100.000000
52	45	7.605190	100.000000
52	46	7.430142	100.000000
52	47	7.251248	100.000000
52	48	7.068506	100.000000
52	49	6.881916	100.000000
52	50	6.691480	100.000000
52	51	6.497196	100.000000
52	52	6.299065	100.000000
54	-54	6.295495	100.000000
54	-53	6.486486	100.000000
54	-52	6.673908	100.000000
54	-51	6.857759	100.000000
54	-50	7.038040	100.000000
54	-49	7.214751	100.000000
54	-48	7.387893	100.000000
54	-47	7.557464	100.000000
54	-46	7.723466	100.000000
54	-45	7.885897	100.000000
54	-44	8.044759	100.000000
54	-43	8.200051	100.000000
54	-42	8.351772	100.000000
54	-41	8.499924	100.000000
54	-40	8.644506	100.000000
54	-39	8.785518	100.000000
54	-38	8.922960	100.000000
54	-37	9.056833	100.000000
54	-36	9.187135	100.000000
54	-35	9.313867	100.000000
54	-34	9.437030	100.000000
54	-33	9.556622	100.000000
54	-32	9.672645	100.000000
54	-31	9.785097	100.000000
54	-30	9.893980	100.000000
54	-29	9.999293	100.000000
54	-28	10.101036	100.000000
54	-27	10.199209	100.000000
54	-26	10.293812	100.000000
54	-25	10.384845	100.000000
54	-24	10.472308	100.000000
54	-23	10.556201	100.000000
54	-22	10.636524	100.000000
54	-21	10.713278	100.000000
54	-20	10.786461	100.000000
54	-19	10.856075	100.000000
54	-18	10.922118	100.000000
54	-17	10.984592	100.000000
54	-16	11.043496	100.000000
54	-15	11.098830	100.000000
54	-14	11.150594	100.000000
54	-13	11.198788	100.000000
54	-12	11.243412	100.000000
54	-11	11.284466	100.000000
54	-10	11.321950	100.000000
54	-9	11.355864	100.000000
54	-8	11.386209	100.000000
54	-7	11.412983	100.000000
54	-6	11.436188	100.000000
54	-5	11.455822	100.000000
54	-4	11.471887	100.000000
54	-3	11.484382	100.000000
54	-2	11.493306	100.000000
54	-1	11.498661	100.000000
54	0	11.500446	100.000000
54	1	11.498661	100.000000
54	2	11.493306	100.000000
54	3	11.484382	100.000000
54	4	11.471887	100.000000
54	5	11.455822	100.000000
54	6	11.436188	100.000000
54	7	11.412983	100.000000
54	8	11.386209	100.000000
54	9	11.355864	100.000000
54	10	11.321950	100.000000
54	11	11.284466	100.000000
54	12	11.243412	100.000000
54	13	11.198788	100.000000
54	14	11.150594	100.000000
54	15	11.098830	100.000000
54	16	11.043496	100.000000
54	17	10.984592	100.000000
54	18	10.922118	100.000000
54	19	10.856075	100.000000
54	20	10.786461	100.000000
54	21	10.713278	100.000000
54	22	10.636524	100.000000
54	23	10.556201	100.000000
54	24	10.472308	100.000000
54	25	10.384845	100.000000
54	26	10.293812	100.000000
54	27	10.199209	100.000000
54	28	10.101036	100.000000
54	29	9.999293	100.000000
54	30	9.893980	100.000000
54	31	9.785097	100.000000
54	32	9.672645	100.000000
54	33	9.556622	100.000000
54	34	9.437030	100.000000
54	35	9.313867	100.000000
54	36	9.187135	100.000000
54	37	9.056833	100.000000
54	38	8.922960	100.000000
54	39	8.785518	100.000000
54	40	8.644506	100.000000
54	41	8.499924	100.000000
54	42	8.351772	100.000000
54	43	8.200051	100.000000
54	44	8.044759	100.000000
54	45	7.885897	100.000000
54	46	7.723466	100.000000
54	47	7.557464	100.000000
54	48	7.387893	100.000000
54	49	7.214751	100.000000
54	50	7.038040	100.000000
54	51	6.857759	100.000000
54	52	6.673908	100.000000
54	53	6.486486	100.000000
54	54	6.295495	100.000000
56	-56	6.292174	100.000000
56	-55	6.476522	100.000000
56	-54	6.657548	100.000000
56	-53	6.835253	100.000000
56	-52	7.009636	100.000000
56	-51	7.180697	100.000000
56	-50	7.348437	100.000000
56	-49	7.512855	100.000000
56	-48	7.673952	100.000000
56	-47	7.831727	100.000000
56	-46	7.986181	100.000000
56	-45	8.137313	100.000000
56	-44	8.285123	100.000000
56	-43	8.429612	100.000000
56	-42	8.570779	100.000000
56	-41	8.708625	100.000000
56	-40	8.843149	100.000000
56	-39	8.974352	100.000000
56	-38	9.102233	100.000000
56	-37	9.226792	100.000000
56	-36	9.348030	100.000000
56	-35	9.465946	100.000000
56	-34	9.580541	100.000000
56	-33	9.691814	100.000000
56	-32	9.799765	100.000000
56	-31	9.904395	100.000000
56	-30	10.005703	100.000000
56	-29	10.103690	100.000000
56	-28	10.198355	100.000000
56	-27	10.289698	100.000000
56	-26	10.377720	100.000000
56	-25	10.462421	100.000000
56	-24	10.543799	100.000000
56	-23	10.621857	100.000000
56	-22	10.696592	100.000000
56	-21	10.768006	100.000000
56	-20	10.836099	100.000000
56	-19	10.900870	100.000000
56	-18	10.962319	100.000000
56	-17	11.020447	100.000000
56	-16	11.075253	100.000000
56	-15	11.126737	100.000000
56	-14	11.174900	100.000000
56	-13	11.219741	100.000000
56	-12	11.261261	100.000000
56	-11	11.299459	100.000000
56	-10	11.334336	100.000000
56	-9	11.365891	100.000000
56	-8	11.394125	100.000000
56	-7	11.419036	100.000000
56	-6	11.440627	100.000000
56	-5	11.458895	100.000000
56	-4	11.473843	100.000000
56	-3	11.485468	100.000000
56	-2	11.493772	100.000000
56	-1	11.498754	100.000000
56	0	11.500415	100.000000
56	1	11.498754	100.000000
56	2	11.493772	100.000000
56	3	11.485468	100.000000
56	4	11.473843	100.000000
56	5	11.458895	100.000000
56	6	11.440627	100.000000
56	7	11.419036	100.000000
56	8	11.394125	100.000000
56	9	11.365891	100.000000
56	10	11.334336	100.000000
56	11	11.299459	100.000000
56	12	11.261261	100.000000
56	13	11.219741	100.000000
56	14	11.174900	100.000000
56	15	11.126737	100.000000
56	16	11.075253	100.000000
56	17	11.020447	100.000000
56	18	10.962319	100.000000
56	19	10.900870	100.000000
56	20	10.836099	100.000000
56	21	10.768006	100.000000
56	22	10.696592	100.000000
56	23	10.621857	100.000000
56	24	10.543799	100.000000
56	25	10.462421	100.000000
56	26	10.377720	100.000000
56	27	10.289698	100.000000
56	28	10.198355	100.000000
56	29	10.103690	100.000000
56	30	10.005703	100.000000
56	31	9.904395	100.000000
56	32	9.799765	100.000000
56	33	9.691814	100.000000
56	34	9.580541	100.000000
56	35	9.465946	100.000000
56	36	9.348030	100.000000
56	37	9.226792	100.000000
56	38	9.102233	100.000000
56	39	8.974352	100.000000
56	40	8.843149	100.000000
56	41	8.708625	100.000000
56	42	8.570779	100.000000
56	43	8.429612	100.000000
56	44	8.285123	100.000000
56	45	8.137313	100.000000
56	46	7.986181	100.000000
56	47	7.831727	100.000000
56	48	7.673952	100.000000
56	49	7.512855	100.000000
56	50	7.348437	100.000000
56	51	7.180697	100.000000
56	52	7.009636	100.000000
56	53	6.835253	100.000000
56	54	6.657548	100.000000
56	55	6.476522	100.000000
56	56	6.292174	100.000000
58	-58	6.289076	100.000000
58	-57	6.467227	100.000000
58	-56	6.642280	100.000000
58	-55	6.814235	100.000000
58	-54	6.983091	100.000000
58	-53	7.148849	100.000000
58	-52	7.311509	100.000000
58	-51	7.471071	100.000000
58	-50	7.627534	100.000000
58	-49	7.780899	100.000000
58	-48	7.931166	100.000000
58	-47	8.078334	100.000000
58	-46	8.222404	100.000000
58	-45	8.363376	100.000000
58	-44	8.501250	100.000000
58	-43	8.636025	100.000000
58	-42	8.767702	100.000000
58	-41	8.896281	100.000000
58	-40	9.021761	100.000000
58	-39	9.144143	100.000000
58	-38	9.263427	100.000000
58	-37	9.379613	100.000000
58	-36	9.492700	100.000000
58	-35	9.602689	100.000000
58	-34	9.709580	100.000000
58	-33	9.813372	100.000000
58	-32	9.914066	100.000000
58	-31	10.011662	100.000000
58	-30	10.106160	100.000000
58	-29	10.197559	100.000000
58	-28	10.285860	100.000000
58	-27	10.371063	100.000000
58	-26	10.453168	100.000000
58	-25	10.532174	100.000000
58	-24	10.608082	100.000000
58	-23	10.680891	100.000000
58	-22	10.750603	100.000000
58	-21	10.817216	100.000000
58	-20	10.880731	100.000000
58	-19	10.941147	100.000000
58	-18	10.998465	100.000000
58	-17	11.052685	100.000000
58	-16	11.103807	100.000000
58	-15	11.151830	100.000000
58	-14	11.196756	100.000000
58	-13	11.238582	100.000000
58	-12	11.277311	100.000000
58	-11	11.312941	100.000000
58	-10	11.345473	100.000000
58	-9	11.374907	100.000000
58	-8	11.401242	100.000000
58	-7	11.424479	100.000000
58	-6	11.444618	100.000000
58	-5	11.461659	100.000000
58	-4	11.475601	100.000000
58	-3	11.486445	100.000000
58	-2	11.494191	100.000000
58	-1	11.498838	100.000000
58	0	11.500387	100.000000
58	1	11.498838	100.000000
58	2	11.494191	100.000000
58	3	11.486445	100.000000
58	4	11.475601	100.000000
58	5	11.461659	100.000000
58	6	11.444618	100.000000
58	7	11.424479	100.000000
58	8	11.401242	100.000000
58	9	11.374907	100.000000
58	10	11.345473	100.000000
58	11	11.312941	100.000000
58	12	11.277311	100.000000
58	13	11.238582	100.000000
58	14	11.196756	100.000000
58	15	11.151830	100.000000
58	16	11.103807	100.000000
58	17	11.052685	100.000000
58	18	10.998465	100.000000
58	19	10.941147	100.000000
58	20	10.880731	100.000000
58	21	10.817216	100.000000
58	22	10.750603	100.000000
58	23	10.680891	100.000000
58	24	10.608082	100.000000
58	25	10.532174	100.000000
58	26	10.453168	100.000000
58	27	10.371063	100.000000
58	28	10.285860	100.000000
58	29	10.197559	100.000000
58	30	10.106160	100.000000
58	31	10.011662	100.000000
58	32	9.914066	100.000000
58	33	9.813372	100.000000
58	34	9.709580	100.000000
58	35	9.602689	100.000000
58	36	9.492700	100.000000
58	37	9.379613	100.000000
58	38	9.263427	100.000000
58	39	9.144143	100.000000
58	40	9.021761	100.000000
58	41	8.896281	100.000000
58	42	8.767702	100.000000
58	43	8.636025	100.000000
58	44	8.501250	100.000000
58	45	8.363376	100.000000
58	46	8.222404	100.000000
58	47	8.078334	100.000000
58	48	7.931166	100.000000
58	49	7.780899	100.000000
58	50	7.627534	100.000000
58	51	7.471071	100.000000
58	52	7.311509	100.000000
58	53	7.148849	100.000000
58	54	6.983091	100.000000
58	55	6.814235	100.000000
58	56	6.642280	100.000000
58	57	6.467227	100.000000
58	58	6.289076	100.000000
60	-60	6.286179	100.000000
60	-59	6.458537	100.000000
60	-58	6.627998	100.000000
60	-57	6.794562	100.000000
60	-56	6.958229	100.000000
60	-55	7.119000	100.000000
60	-54	7.276874	100.000000
60	-53	7.431851	100.000000
60	-52	7.583931	100.000000
60	-51	7.733115	100.000000
60	-50	7.879402	100.000000
60	-49	8.022792	100.000000
60	-48	8.163285	100.000000
60	-47	8.300881	100.000000
60	-46	8.435581	100.000000
60	-45	8.567384	100.000000
60	-44	8.696290	100.000000
60	-43	8.822300	100.000000
60	-42	8.945412	100.000000
60	-41	9.065628	100.000000
60	-40	9.182947	100.000000
60	-39	9.297370	100.000000
60	-38	9.408895	100.000000
60	-37	9.517524	100.000000
60	-36	9.623256	100.000000
60	-35	9.726091	100.000000
60	-34	9.826030	100.000000
60	-33	9.923072	100.000000
60	-32	10.017217	100.000000
60	-31	10.108465	100.000000
60	-30	10.196816	100.000000
60	-29	10.282271	100.000000
60	-28	10.364829	100.000000
60	-27	10.444490	100.000000
60	-26	10.521254	100.000000
60	-25	10.595122	100.000000
60	-24	10.666093	100.000000
60	-23	10.734167	100.000000
60	-22	10.799344	100.000000
60	-21	10.861625	100.000000
60	-20	10.921008	100.000000
60	-19	10.977495	100.000000
60	-18	11.031086	100.000000
60	-17	11.081779	100.000000
60	-16	11.129576	100.000000
60	-15	11.174476	100.000000
60	-14	11.216479	100.000000
60	-13	11.255585	100.000000
60	-12	11.291795	100.000000
60	-11	11.325108	100.000000
60	-10	11.355524	100.000000
60	-9	11.383043	100.000000
60	-8	11.407666	100.000000
60	-7	11.429391	100.000000
60	-6	11.448220	100.000000
60	-5	11.464152	100.000000
60	-4	11.477188	100.000000
60	-3	11.487327	100.000000
60	-2	11.494569	100.000000
60	-1	11.498914	100.000000
60	0	11.500362	100.000000
60	1	11.498914	100.000000
60	2	11.494569	100.000000
60	3	11.487327	100.000000
60	4	11.477188	100.000000
60	5	11.464152	100.000000
60	6	11.448220	100.000000
60	7	11.429391	100.000000
60	8	11.407666	100.000000
60	9	11.383043	100.000000
60	10	11.355524	100.000000
60	11	11.325108	100.000000
60	12	11.291795	100.000000
60	13	11.255585	100.000000
60	14	11.216479	100.000000
60	15	11.174476	100.000000
60	16	11.129576	100.000000
60	17	11.081779	100.000000
60	18	11.031086	100.000000
60	19	10.977495	100.000000
60	20	10.921008	100.000000
60	21	10.861625	100.000000
60	22	10.799344	100.000000
60	23	10.734167	100.000000
60	24	10.666093	100.000000
60	25	10.595122	100.000000
60	26	10.521254	100.000000
60	27	10.444490	100.000000
60	28	10.364829	100.000000
60	29	10.282271	100.000000
60	30	10.196816	100.000000
60	31	10.108465	100.000000
60	32	10.017217	100.000000
60	33	9.923072	100.000000
60	34	9.826030	100.000000
60	35	9.726091	100.000000
60	36	9.623256	100.000000
60	37	9.517524	100.000000
60	38	9.408895	100.000000
60	39	9.297370	100.000000
60	40	9.182947	100.000000
60	41	9.065628	100.000000
60	42	8.945412	100.000000
60	43	8.822300	100.000000
60	44	8.696290	100.000000
60	45	8.567384	100.000000
60	46	8.435581	100.000000
60	47	8.300881	100.000000
60	48	8.163285	100.000000
60	49	8.022792	100.000000
60	50	7.879402	100.000000
60	51	7.733115	100.000000
60	52	7.583931	100.000000
60	53	7.431851	100.000000
60	54	7.276874	100.000000
60	55	7.119000	100.000000
60	56	6.958229	100.000000
60	57	6.794562	100.000000
60	58	6.627998	100.000000
60	59	6.458537	100.000000
60	60	6.286179	100.000000
62	-62	6.283465	100.000000
62	-61	6.450394	100.000000
62	-60	6.614609	100.000000
62	-59	6.776109	100.000000
62	-58	6.934895	100.000000
62	-57	7.090967	100.000000
62	-56	7.244325	100.000000
62	-55	7.394968	100.000000
62	-54	7.542897	100.000000
62	-53	7.688112	100.000000
62	-52	7.830613	100.000000
62	-51	7.970399	100.000000
62	-50	8.107471	100.000000
62	-49	8.241828	100.000000
62	-48	8.373472	100.000000
62	-47	8.502401	100.000000
62	-46	8.628615	100.000000
62	-45	8.752116	100.000000
62	-44	8.872902	100.000000
62	-43	8.990974	100.000000
62	-42	9.106331	100.000000
62	-41	9.218974	100.000000
62	-40	9.328903	100.000000
62	-39	9.436118	100.000000
62	-38	9.540618	100.000000
62	-37	9.642404	100.000000
62	-36	9.741476	100.000000
62	-35	9.837834	100.000000
62	-34	9.931477	100.000000
62	-33	10.022406	100.000000
62	-32	10.110620	100.000000
62	-31	10.196121	100.000000
62	-30	10.278907	100.000000
62	-29	10.358978	100.000000
62	-28	10.436336	100.000000
62	-27	10.510979	100.000000
62	-26	10.582908	100.000000
62	-25	10.652122	100.000000
62	-24	10.718622	100.000000
62	-23	10.782408	100.000000
62	-22	10.843480	100.000000
62	-21	10.901837	100.000000
62	-20	10.957480	100.000000
62	-19	11.010409	100.000000
62	-18	11.060624	100.000000
62	-17	11.108124	100.000000
62	-16	11.152910	100.000000
62	-15	11.194981	100.000000
62	-14	11.234338	100.000000
62	-13	11.270981	100.000000
62	-12	11.304910	100.000000
62	-11	11.336124	100.000000
62	-10	11.364625	100.000000
62	-9	11.390410	100.000000
62	-8	11.413482	100.000000
62	-7	11.433839	100.000000
62	-6	11.451482	100.000000
62	-5	11.466411	100.000000
62	-4	11.478625	100.000000
62	-3	11.488125	100.000000
62	-2	11.494911	100.000000
62	-1	11.498982	100.000000
62	0	11.500339	100.000000
62	1	11.498982	100.000000
62	2	11.494911	100.000000
62	3	11.488125	100.000000
62	4	11.478625	100.000000
62	5	11.466411	100.000000
62	6	11.451482	100.000000
62	7	11.433839	100.000000
62	8	11.413482	100.000000
62	9	11.390410	100.000000
62	10	11.364625	100.000000
62	11	11.336124	100.000000
62	12	11.304910	100.000000
62	13	11.270981	100.000000
62	14	11.234338	100.000000
62	15	11.194981	100.000000
62	16	11.152910	100.000000
62	17	11.108124	100.000000
62	18	11.060624	100.000000
62	19	11.010409	100.000000
62	20	10.957480	100.000000
62	21	10.901837	100.000000
62	22	10.843480	100.000000
62	23	10.782408	100.000000
62	24	10.718622	100.000000
62	25	10.652122	100.000000
62	26	10.582908	100.000000
62	27	10.510979	100.000000
62	28	10.436336	100.000000
62	29	10.358978	100.000000
62	30	10.278907	100.000000
62	31	10.196121	100.000000
62	32	10.110620	100.000000
62	33	10.022406	100.000000
62	34	9.931477	100.000000
62	35	9.837834	100.000000
62	36	9.741476	100.000000
62	37	9.642404	100.000000
62	38	9.540618	100.000000
62	39	9.436118	100.000000
62	40	9.328903	100.000000
62	41	9.218974	100.000000
62	42	9.106331	100.000000
62	43	8.990974	100.000000
62	44	8.872902	100.000000
62	45	8.752116	100.000000
62	46	8.628615	100.000000
62	47	8.502401	100.000000
62	48	8.373472	100.000000
62	49	8.241828	100.000000
62	50	8.107471	100.000000
62	51	7.970399	100.000000
62	52	7.830613	100.000000
62	53	7.688112	100.000000
62	54	7.542897	100.000000
62	55	7.394968	100.000000
62	56	7.244325	100.000000
62	57	7.090967	100.000000
62	58	6.934895	100.000000
62	59	6.776109	100.000000
62	60	6.614609	100.000000
62	61	6.450394	100.000000
62	62	6.283465	100.000000
64	-64	6.280916	100.000000
64	-63	6.442748	100.000000
64	-62	6.602032	100.000000
64	-61	6.758767	100.000000
64	-60	6.912953	100.000000
64	-59	7.064591	100.000000
64	-58	7.213680	100.000000
64	-57	7.360221	100.000000
64	-56	7.504214	100.000000
64	-55	7.645657	100.000000
64	-54	7.784553	100.000000
64	-53	7.920899	100.000000
64	-52	8.054697	100.000000
64	-51	8.185947	100.000000
64	-50	8.314648	100.000000
64	-49	8.440801	100.000000
64	-48	8.564405	100.000000
64	-47	8.685460	100.000000
64	-46	8.803967	100.000000
64	-45	8.919925	100.000000
64	-44	9.033335	100.000000
64	-43	9.144197	100.000000
64	-42	9.252509	100.000000
64	-41	9.358274	100.000000
64	-40	9.461489	100.000000
64	-39	9.562157	100.000000
64	-38	9.660275	100.000000
64	-37	9.755845	100.000000
64	-36	9.848867	100.000000
64	-35	9.939340	100.000000
64	-34	10.027265	100.000000
64	-33	10.112641	100.000000
64	-32	10.195468	100.000000
64	-31	10.275747	100.000000
64	-30	10.353477	100.000000
64	-29	10.428659	100.000000
64	-28	10.501292	100.000000
64	-27	10.571377	100.000000
64	-26	10.638913	100.000000
64	-25	10.703901	100.000000
64	-24	10.766340	100.000000
64	-23	10.826231	100.000000
64	-22	10.883573	100.000000
64	-21	10.938366	100.000000
64	-20	10.990611	100.000000
64	-19	11.040308	100.000000
64	-18	11.087456	100.000000
64	-17	11.132055	100.000000
64	-16	11.174106	100.000000
64	-15	11.213608	100.000000
64	-14	11.250562	100.000000
64	-13	11.284967	100.000000
64	-12	11.316824	100.000000
64	-11	11.346132	100.000000
64	-10	11.372892	100.000000
64	-9	11.397103	100.000000
64	-8	11.418765	100.000000
64	-7	11.437879	100.000000
64	-6	11.454445	100.000000
64	-5	11.468462	100.000000
64	-4	11.479930	100.000000
64	-3	11.488850	100.000000
64	-2	11.495221	100.000000
64	-1	11.499044	100.000000
64	0	11.500319	100.000000
64	1	11.499044	100.000000
64	2	11.495221	100.000000
64	3	11.488850	100.000000
64	4	11.479930	100.000000
64	5	11.468462	100.000000
64	6	11.454445	100.000000
64	7	11.437879	100.000000
64	8	11.418765	100.000000
64	9	11.397103	100.000000
64	10	11.372892	100.000000
64	11	11.346132	100.000000
64	12	11.316824	100.000000
64	13	11.284967	100.000000
64	14	11.250562	100.000000
64	15	11.213608	100.000000
64	16	11.174106	100.000000
64	17	11.132055	100.000000
64	18	11.087456	100.000000
64	19	11.040308	100.000000
64	20	10.990611	100.000000
64	21	10.938366	100.000000
64	22	10.883573	100.000000
64	23	10.826231	100.000000
64	24	10.766340	100.000000
64	25	10.703901	100.000000
64	26	10.638913	100.000000
64	27	10.571377	100.000000
64	28	10.501292	100.000000
64	29	10.428659	100.000000
64	30	10.353477	100.000000
64	31	10.275747	100.000000
64	32	10.195468	100.000000
64	33	10.112641	100.000000
64	34	10.027265	100.000000
64	35	9.939340	100.000000
64	36	9.848867	100.000000
64	37	9.755845	100.000000
64	38	9.660275	100.000000
64	39	9.562157	100.000000
64	40	9.461489	100.000000
64	41	9.358274	100.000000
64	42	9.252509	100.000000
64	43	9.144197	100.000000
64	44	9.033335	100.000000
64	45	8.919925	100.000000
64	46	8.803967	100.000000
64	47	8.685460	100.000000
64	48	8.564405	100.000000
64	49	8.440801	100.000000
64	50	8.314648	100.000000
64	51	8.185947	100.000000
64	52	8.054697	100.000000
64	53	7.920899	100.000000
64	54	7.784553	100.000000
64	55	7.645657	100.000000
64	56	7.504214	100.000000
64	57	7.360221	100.000000
64	58	7.213680	100.000000
64	59	7.064591	100.000000
64	60	6.912953	100.000000
64	61	6.758767	100.000000
64	62	6.602032	100.000000
64	63	6.442748	100.000000
64	64	6.280916	100.000000
66	-66	6.278519	100.000000
66	-65	6.435556	100.000000
66	-64	6.590195	100.000000
66	-63	6.742437	100.000000
66	-62	6.892282	100.000000
66	-61	7.039729	100.000000
66	-60	7.184778	100.000000
66	-59	7.327430	100.000000
66	-58	7.467684	100.000000
66	-57	7.605541	100.000000
66	-56	7.741001	100.000000
66	-55	7.874063	100.000000
66	-54	8.004727	100.000000
66	-53	8.132994	100.000000
66	-52	8.258863	100.000000
66	-51	8.382335	100.000000
66	-50	8.503410	100.000000
66	-49	8.622087	100.000000
66	-48	8.738366	100.000000
66	-47	8.852248	100.000000
66	-46	8.963732	100.000000
66	-45	9.072819	100.000000
66	-44	9.179508	100.000000
66	-43	9.283800	100.000000
66	-42	9.385694	100.000000
66	-41	9.485191	100.000000
66	-40	9.582290	100.000000
66	-39	9.676992	100.000000
66	-38	9.769296	100.000000
66	-37	9.859203	100.000000
66	-36	9.946712	100.000000
66	-35	10.031824	100.000000
66	-34	10.114538	100.000000
66	-33	10.194854	100.000000
66	-32	10.272774	100.000000
66	-31	10.348295	100.000000
66	-30	10.421419	100.000000
66	-29	10.492146	100.000000
66	-28	10.560475	100.000000
66	-27	10.626407	100.000000
66	-26	10.689941	100.000000
66	-25	10.751077	100.000000
66	-24	10.809816	100.000000
66	-23	10.866158	100.000000
66	-22	10.920102	100.000000
66	-21	10.971648	100.000000
66	-20	11.020797	100.000000
66	-19	11.067549	100.000000
66	-18	11.111903	100.000000
66	-17	11.153859	100.000000
66	-16	11.193418	100.000000
66	-15	11.230580	100.000000
66	-14	11.265344	100.000000
66	-13	11.297710	100.000000
66	-12	11.327679	100.000000
66	-11	11.355250	100.000000
66	-10	11.380424	100.000000
66	-9	11.403200	100.000000
66	-8	11.423579	100.000000
66	-7	11.441561	100.000000
66	-6	11.457144	100.000000
66	-5	11.470331	100.000000
66	-4	11.481120	100.000000
66	-3	11.489511	100.000000
66	-2	11.495505	100.000000
66	-1	11.499101	100.000000
66	0	11.500300	100.000000
66	1	11.499101	100.000000
66	2	11.495505	100.000000
66	3	11.489511	100.000000
66	4	11.481120	100.000000
66	5	11.470331	100.000000
66	6	11.457144	100.000000
66	7	11.441561	100.000000
66	8	11.423579	100.000000
66	9	11.403200	100.000000
66	10	11.380424	100.000000
66	11	11.355250	100.000000
66	12	11.327679	100.000000
66	13	11.297710	100.000000
66	14	11.265344	100.000000
66	15	11.230580	100.000000
66	16	11.193418	100.000000
66	17	11.153859	100.000000
66	18	11.111903	100.000000
66	19	11.067549	100.000000
66	20	11.020797	100.000000
66	21	10.971648	100.000000
66	22	10.920102	100.000000
66	23	10.866158	100.000000
66	24	10.809816	100.000000
66	25	10.751077	100.000000
66	26	10.689941	100.000000
66	27	10.626407	100.000000
66	28	10.560475	100.000000
66	29	10.492146	100.000000
66	30	10.421419	100.000000
66	31	10.348295	100.000000
66	32	10.272774	100.000000
66	33	10.194854	100.000000
66	34	10.114538	100.000000
66	35	10.031824	100.000000
66	36	9.946712	100.000000
66	37	9.859203	100.000000
66	38	9.769296	100.000000
66	39	9.676992	100.000000
66	40	9.582290	100.000000
66	41	9.485191	100.000000
66	42	9.385694	100.000000
66	43	9.283800	100.000000
66	44	9.179508	100.000000
66	45	9.072819	100.000000
66	46	8.963732	100.000000
66	47	8.852248	100.000000
66	48	8.738366	100.000000
66	49	8.622087	100.000000
66	50	8.503410	100.000000
66	51	8.382335	100.000000
66	52	8.258863	100.000000
66	53	8.132994	100.000000
66	54	8.004727	100.000000
66	55	7.874063	100.000000
66	56	7.741001	100.000000
66	57	7.605541	100.000000
66	58	7.467684	100.000000
66	59	7.327430	100.000000
66	60	7.184778	100.000000
66	61	7.039729	100.000000
66	62	6.892282	100.000000
66	63	6.742437	100.000000
66	64	6.590195	100.000000
66	65	6.435556	100.000000
66	66	6.278519	100.000000
68	-68	6.276259	100.000000
68	-67	6.428777	100.000000
68	-66	6.579035	100.000000
68	-65	6.727034	100.000000
68	-64	6.872774	100.000000
68	-63	7.016254	100.000000
68	-62	7.157474	100.000000
68	-61	7.296435	100.000000
68	-60	7.433136	100.000000
68	-59	7.567578	100.000000
68	-58	7.699760	100.000000
68	-57	7.829683	100.000000
68	-56	7.957346	100.000000
68	-55	8.082750	100.000000
68	-54	8.205894	100.000000
68	-53	8.326779	100.000000
68	-52	8.445404	100.000000
68	-51	8.561769	100.000000
68	-50	8.675875	100.000000
68	-49	8.787722	100.000000
68	-48	8.897309	100.000000
68	-47	9.004636	100.000000
68	-46	9.109704	100.000000
68	-45	9.212513	100.000000
68	-44	9.313062	100.000000
68	-43	9.411351	100.000000
68	-42	9.507381	100.000000
68	-41	9.601151	100.000000
68	-40	9.692662	100.000000
68	-39	9.781913	100.000000
68	-38	9.868905	100.000000
68	-37	9.953637	100.000000
68	-36	10.036110	100.000000
68	-35	10.116323	100.000000
68	-34	10.194277	100.000000
68	-33	10.269971	100.000000
68	-32	10.343405	100.000000
68	-31	10.414580	100.000000
68	-30	10.483496	100.000000
68	-29	10.550152	100.000000
68	-28	10.614548	100.000000
68	-27	10.676685	100.000000
68	-26	10.736563	100.000000
68	-25	10.794181	100.000000
68	-24	10.849539	100.000000
68	-23	10.902638	100.000000
68	-22	10.953477	100.000000
68	-21	11.002057	100.000000
68	-20	11.048377	100.000000
68	-19	11.092438	100.000000
68	-18	11.134239	100.000000
68	-17	11.173781	100.000000
68	-16	11.211063	100.000000
68	-15	11.246086	100.000000
68	-14	11.278849	100.000000
68	-13	11.309353	100.000000
68	-12	11.337597	100.000000
68	-11	11.363581	100.000000
68	-10	11.387306	100.000000
68	-9	11.408772	100.000000
68	-8	11.427978	100.000000
68	-7	11.444924	100.000000
68	-6	11.459611	100.000000
68	-5	11.472038	100.000000
68	-4	11.482206	100.000000
68	-3	11.490115	100.000000
68	-2	11.495763	100.000000
68	-1	11.499153	100.000000
68	0	11.500282	100.000000
68	1	11.499153	100.000000
68	2	11.495763	100.000000
68	3	11.490115	100.000000
68	4	11.482206	100.000000
68	5	11.472038	100.000000
68	6	11.459611	100.000000
68	7	11.444924	100.000000
68	8	11.427978	100.000000
68	9	11.408772	100.000000
68	10	11.387306	100.000000
68	11	11.363581	100.000000
68	12	11.337597	100.000000
68	13	11.309353	100.000000
68	14	11.278849	100.000000
68	15	11.246086	100.000000
68	16	11.211063	100.000000
68	17	11.173781	100.000000
68	18	11.134239	100.000000
68	19	11.092438	100.000000
68	20	11.048377	100.000000
68	21	11.002057	100.000000
68	22	10.953477	100.000000
68	23	10.902638	100.000000
68	24	10.849539	100.000000
68	25	10.794181	100.000000
68	26	10.736563	100.000000
68	27	10.676685	100.000000
68	28	10.614548	100.000000
68	29	10.550152	100.000000
68	30	10.483496	100.000000
68	31	10.414580	100.000000
68	32	10.343405	100.000000
68	33	10.269971	100.000000
68	34	10.194277	100.000000
68	35	10.116323	100.000000
68	36	10.036110	100.000000
68	37	9.953637	100.000000
68	38	9.868905	100.000000
68	39	9.781913	100.000000
68	40	9.692662	100.000000
68	41	9.601151	100.000000
68	42	9.507381	100.000000
68	43	9.411351	100.000000
68	44	9.313062	100.000000
68	45	9.212513	100.000000
68	46	9.109704	100.000000
68	47	9.004636	100.000000
68	48	8.897309	100.000000
68	49	8.787722	100.000000
68	50	8.675875	100.000000
68	51	8.561769	100.000000
68	52	8.445404	100.000000
68	53	8.326779	100.000000
68	54	8.205894	100.000000
68	55	8.082750	100.000000
68	56	7.957346	100.000000
68	57	7.829683	100.000000
68	58	7.699760	100.000000
68	59	7.567578	100.000000
68	60	7.433136	100.000000
68	61	7.296435	100.000000
68	62	7.157474	100.000000
68	63	7.016254	100.000000
68	64	6.872774	100.000000
68	65	6.727034	100.000000
68	66	6.579035	100.000000
68	67	6.428777	100.000000
68	68	6.276259	100.000000
70	-70	6.274126	100.000000
70	-69	6.422378	100.000000
70	-68	6.568496	100.000000
70	-67	6.712482	100.000000
70	-66	6.854334	100.000000
70	-65	6.994053	100.000000
70	-64	7.131640	100.000000
70	-63	7.267093	100.000000
70	-62	7.400413	100.000000
70	-61	7.531599	100.000000
70	-60	7.660653	100.000000
70	-59	7.787574	100.000000
70	-58	7.912361	100.000000
70	-57	8.035015	100.000000
70	-56	8.155537	100.000000
70	-55	8.273925	100.000000
70	-54	8.390180	100.000000
70	-53	8.504301	100.000000
70	-52	8.616290	100.000000
70	-51	8.726146	100.000000
70	-50	8.833868	100.000000
70	-49	8.939458	100.000000
70	-48	9.042914	100.000000
70	-47	9.144237	100.000000
70	-46	9.243427	100.000000
70	-45	9.340484	100.000000
70	-44	9.435408	100.000000
70	-43	9.528198	100.000000
70	-42	9.618856	100.000000
70	-41	9.707380	100.000000
70	-40	9.793772	100.000000
70	-39	9.878030	100.000000
70	-38	9.960155	100.000000
70	-37	10.040147	100.000000
70	-36	10.118006	100.000000
70	-35	10.193731	100.000000
70	-34	10.267324	100.000000
70	-33	10.338784	100.000000
70	-32	10.408110	100.000000
70	-31	10.475303	100.000000
70	-30	10.540363	100.000000
70	-29	10.603290	100.000000
70	-28	10.664084	100.000000
70	-27	10.722745	100.000000
70	-26	10.779273	100.000000
70	-25	10.833667	100.000000
70	-24	10.885928	100.000000
70	-23	10.936057	100.000000
70	-22	10.984052	100.000000
70	-21	11.029914	100.000000
70	-20	11.073643	100.000000
70	-19	11.115239	100.000000
70	-18	11.154701	100.000000
70	-17	11.192031	100.000000
70	-16	11.227227	100.000000
70	-15	11.260291	100.000000
70	-14	11.291221	100.000000
70	-13	11.320018	100.000000
70	-12	11.346682	100.000000
70	-11	11.371213	100.000000
70	-10	11.393611	100.000000
70	-9	11.413875	100.000000
70	-8	11.432007	100.000000
70	-7	11.448005	100.000000
70	-6	11.461871	100.000000
70	-5	11.473603	100.000000
70	-4	11.483202	100.000000
70	-3	11.490668	100.000000
70	-2	11.496000	100.000000
70	-1	11.499200	100.000000
70	0	11.500267	100.000000
70	1	11.499200	100.000000
70	2	11.496000	100.000000
70	3	11.490668	100.000000
70	4	11.483202	100.000000
70	5	11.473603	100.000000
70	6	11.461871	100.000000
70	7	11.448005	100.000000
70	8	11.432007	100.000000
70	9	11.413875	100.000000
70	10	11.393611	100.000000
70	11	11.371213	100.000000
70	12	11.346682	100.000000
70	13	11.320018	100.000000
70	14	11.291221	100.000000
70	15	11.260291	100.000000
70	16	11.227227	100.000000
70	17	11.192031	100.000000
70	18	11.154701	100.000000
70	19	11.115239	100.000000
70	20	11.073643	100.000000
70	21	11.029914	100.000000
70	22	10.984052	100.000000
70	23	10.936057	100.000000
70	24	10.885928	100.000000
70	25	10.833667	100.000000
70	26	10.779273	100.000000
70	27	10.722745	100.000000
70	28	10.664084	100.000000
70	29	10.603290	100.000000
70	30	10.540363	100.000000
70	31	10.475303	100.000000
70	32	10.408110	100.000000
70	33	10.338784	100.000000
70	34	10.267324	100.000000
70	35	10.193731	100.000000
70	36	10.118006	100.000000
70	37	10.040147	100.000000
70	38	9.960155	100.000000
70	39	9.878030	100.000000
70	40	9.793772	100.000000
70	41	9.707380	100.000000
70	42	9.618856	100.000000
70	43	9.528198	100.000000
70	44	9.435408	100.000000
70	45	9.340484	100.000000
70	46	9.243427	100.000000
70	47	9.144237	100.000000
70	48	9.042914	100.000000
70	49	8.939458	100.000000
70	50	8.833868	100.000000
70	51	8.726146	100.000000
70	52	8.616290	100.000000
70	53	8.504301	100.000000
70	54	8.390180	100.000000
70	55	8.273925	100.000000
70	56	8.155537	100.000000
70	57	8.035015	100.000000
70	58	7.912361	100.000000
70	59	7.787574	100.000000
70	60	7.660653	100.000000
70	61	7.531599	100.000000
70	62	7.400413	100.000000
70	63	7.267093	100.000000
70	64	7.131640	100.000000
70	65	6.994053	100.000000
70	66	6.854334	100.000000
70	67	6.712482	100.000000
70	68	6.568496	100.000000
70	69	6.422378	100.000000
70	70	6.274126	100.000000
72	-72	6.272109	100.000000
72	-71	6.416327	100.000000
72	-70	6.558527	100.000000
72	-69	6.698711	100.000000
72	-68	6.836877	100.000000
72	-67	6.973027	100.000000
72	-66	7.107160	100.000000
72	-65	7.239275	100.000000
72	-64	7.369373	100.000000
72	-63	7.497455	100.000000
72	-62	7.623519	100.000000
72	-61	7.747567	100.000000
72	-60	7.869597	100.000000
72	-59	7.989610	100.000000
72	-58	8.107607	100.000000
72	-57	8.223586	100.000000
72	-56	8.337548	100.000000
72	-55	8.449493	100.000000
72	-54	8.559422	100.000000
72	-53	8.667333	100.000000
72	-52	8.773227	100.000000
72	-51	8.877104	100.000000
72	-50	8.978964	100.000000
72	-49	9.078807	100.000000
72	-48	9.176633	100.000000
72	-47	9.272442	100.000000
72	-46	9.366234	100.000000
72	-45	9.458009	100.000000
72	-44	9.547767	100.000000
72	-43	9.635507	100.000000
72	-42	9.721231	100.000000
72	-41	9.804938	100.000000
72	-40	9.886628	100.000000
72	-39	9.966300	100.000000
72	-38	10.043956	100.000000
72	-37	10.119595	100.000000
72	-36	10.193216	100.000000
72	-35	10.264821	100.000000
72	-34	10.334408	100.000000
72	-33	10.401979	100.000000
72	-32	10.467532	100.000000
72	-31	10.531069	100.000000
72	-30	10.592588	100.000000
72	-29	10.652091	100.000000
72	-28	10.709576	100.000000
72	-27	10.765044	100.000000
72	-26	10.818496	100.000000
72	-25	10.869930	100.000000
72	-24	10.919347	100.000000
72	-23	10.966748	100.000000
72	-22	11.012131	100.000000
72	-21	11.055497	100.000000
72	-20	11.096846	100.000000
72	-19	11.136178	100.000000
72	-18	11.173493	100.000000
72	-17	11.208791	100.000000
72	-16	11.242072	100.000000
72	-15	11.273336	100.000000
72	-14	11.302583	100.000000
72	-13	11.329813	100.000000
72	-12	11.355026	100.000000
72	-11	11.378222	100.000000
72	-10	11.399401	100.000000
72	-9	11.418562	100.000000
72	-8	11.435707	100.000000
72	-7	11.450835	100.000000
72	-6	11.463946	100.000000
72	-5	11.475039	100.000000
72	-4	11.484116	100.000000
72	-3	11.491175	100.000000
72	-2	11.496218	100.000000
72	-1	11.499244	100.000000
72	0	11.500252	100.000000
72	1	11.499244	100.000000
72	2	11.496218	100.000000
72	3	11.491175	100.000000
72	4	11.484116	100.000000
72	5	11.475039	100.000000
72	6	11.463946	100.000000
72	7	11.450835	100.000000
72	8	11.435707	100.000000
72	9	11.418562	100.000000
72	10	11.399401	100.000000
72	11	11.378222	100.000000
72	12	11.355026	100.000000
72	13	11.329813	100.000000
72	14	11.302583	100.000000
72	15	11.273336	100.000000
72	16	11.242072	100.000000
72	17	11.208791	100.000000
72	18	11.173493	100.000000
72	19	11.136178	100.000000
72	20	11.096846	100.000000
72	21	11.055497	100.000000
72	22	11.012131	100.000000
72	23	10.966748	100.000000
72	24	10.919347	100.000000
72	25	10.869930	100.000000
72	26	10.818496	100.000000
72	27	10.765044	100.000000
72	28	10.709576	100.000000
72	29	10.652091	100.000000
72	30	10.592588	100.000000
72	31	10.531069	100.000000
72	32	10.467532	100.000000
72	33	10.401979	100.000000
72	34	10.334408	100.000000
72	35	10.264821	100.000000
72	36	10.193216	100.000000
72	37	10.119595	100.000000
72	38	10.043956	100.000000
72	39	9.966300	100.000000
72	40	9.886628	100.000000
72	41	9.804938	100.000000
72	42	9.721231	100.000000
72	43	9.635507	100.000000
72	44	9.547767	100.000000
72	45	9.458009	100.000000
72	46	9.366234	100.000000
72	47	9.272442	100.000000
72	48	9.176633	100.000000
72	49	9.078807	100.000000
72	50	8.978964	100.000000
72	51	8.877104	100.000000
72	52	8.773227	100.000000
72	53	8.667333	100.000000
72	54	8.559422	100.000000
72	55	8.449493	100.000000
72	56	8.337548	100.000000
72	57	8.223586	100.000000
72	58	8.107607	100.000000
72	59	7.989610	100.000000
72	60	7.869597	100.000000
72	61	7.747567	100.000000
72	62	7.623519	100.000000
72	63	7.497455	100.000000
72	64	7.369373	100.000000
72	65	7.239275	100.000000
72	66	7.107160	100.000000
72	67	6.973027	100.000000
72	68	6.836877	100.000000
72	69	6.698711	100.000000
72	70	6.558527	100.000000
72	71	6.416327	100.000000
72	72	6.272109	100.000000
74	-74	6.270199	100.000000
74	-73	6.410596	100.000000
74	-72	6.549083	100.000000
74	-71	6.685660	100.000000
74	-70	6.820327	100.000000
74	-69	6.953084	100.000000
74	-68	7.083930	100.000000
74	-67	7.212867	100.000000
74	-66	7.339893	100.000000
74	-65	7.465009	100.000000
74	-64	7.588215	100.000000
74	-63	7.709510	100.000000
74	-62	7.828896	100.000000
74	-61	7.946371	100.000000
74	-60	8.061936	100.000000
74	-59	8.175591	100.000000
74	-58	8.287336	100.000000
74	-57	8.397171	100.000000
74	-56	8.505095	100.000000
74	-55	8.611110	100.000000
74	-54	8.715214	100.000000
74	-53	8.817408	100.000000
74	-52	8.917692	100.000000
74	-51	9.016065	100.000000
74	-50	9.112529	100.000000
74	-49	9.207082	100.000000
74	-48	9.299725	100.000000
74	-47	9.390458	100.000000
74	-46	9.479281	100.000000
74	-45	9.566194	100.000000
74	-44	9.651196	100.000000
74	-43	9.734288	100.000000
74	-42	9.815471	100.000000
74	-41	9.894743	100.000000
74	-40	9.972104	100.000000
74	-39	10.047556	100.000000
74	-38	10.121097	100.000000
74	-37	10.192729	100.000000
74	-36	10.262450	100.000000
74	-35	10.330261	100.000000
74	-34	10.396162	100.000000
74	-33	10.460152	100.000000
74	-32	10.522233	100.000000
74	-31	10.582403	100.000000
74	-30	10.640663	100.000000
74	-29	10.697013	100.000000
74	-28	10.751453	100.000000
74	-27	10.803983	100.000000
74	-26	10.854602	100.000000
74	-25	10.903311	100.000000
74	-24	10.950110	100.000000
74	-23	10.994999	100.000000
74	-22	11.037978	100.000000
74	-21	11.079047	100.000000
74	-20	11.118205	100.000000
74	-19	11.155453	100.000000
74	-18	11.190792	100.000000
74	-17	11.224219	100.000000
74	-16	11.255737	100.000000
74	-15	11.285345	100.000000
74	-14	11.313042	100.000000
74	-13	11.338830	100.000000
74	-12	11.362707	100.000000
74	-11	11.384674	100.000000
74	-10	11.404730	100.000000
74	-9	11.422877	100.000000
74	-8	11.439113	100.000000
74	-7	11.453440	100.000000
74	-6	11.465856	100.000000
74	-5	11.476362	100.000000
74	-4	11.484957	100.000000
74	-3	11.491643	100.000000
74	-2	11.496418	100.000000
74	-1	11.499284	100.000000
74	0	11.500239	100.000000
74	1	11.499284	100.000000
74	2	11.496418	100.000000
74	3	11.491643	100.000000
74	4	11.484957	100.000000
74	5	11.476362	100.000000
74	6	11.465856	100.000000
74	7	11.453440	100.000000
74	8	11.439113	100.000000
74	9	11.422877	100.000000
74	10	11.404730	100.000000
74	11	11.384674	100.000000
74	12	11.362707	100.000000
74	13	11.338830	100.000000
74	14	11.313042	100.000000
74	15	11.285345	100.000000
74	16	11.255737	100.000000
74	17	11.224219	100.000000
74	18	11.190792	100.000000
74	19	11.155453	100.000000
74	20	11.118205	100.000000
74	21	11.079047	100.000000
74	22	11.037978	100.000000
74	23	10.994999	100.000000
74	24	10.950110	100.000000
74	25	10.903311	100.000000
74	26	10.854602	100.000000
74	27	10.803983	100.000000
74	28	10.751453	100.000000
74	29	10.697013	100.000000
74	30	10.640663	100.000000
74	31	10.582403	100.000000
74	32	10.522233	100.000000
74	33	10.460152	100.000000
74	34	10.396162	100.000000
74	35	10.330261	100.000000
74	36	10.262450	100.000000
74	37	10.192729	100.000000
74	38	10.121097	100.000000
74	39	10.047556	100.000000
74	40	9.972104	100.000000
74	41	9.894743	100.000000
74	42	9.815471	100.000000
74	43	9.734288	100.000000
74	44	9.651196	100.000000
74	45	9.566194	100.000000
74	46	9.479281	100.000000
74	47	9.390458	100.000000
74	48	9.299725	100.000000
74	49	9.207082	100.000000
74	50	9.112529	100.000000
74	51	9.016065	100.000000
74	52	8.917692	100.000000
74	53	8.817408	100.000000
74	54	8.715214	100.000000
74	55	8.611110	100.000000
74	56	8.505095	100.000000
74	57	8.397171	100.000000
74	58	8.287336	100.000000
74	59	8.175591	100.000000
74	60	8.061936	100.000000
74	61	7.946371	100.000000
74	62	7.828896	100.000000
74	63	7.709510	100.000000
74	64	7.588215	100.000000
74	65	7.465009	100.000000
74	66	7.339893	100.000000
74	67	7.212867	100.000000
74	68	7.083930	100.000000
74	69	6.953084	100.000000
74	70	6.820327	100.000000
74	71	6.685660	100.000000
74	72	6.549083	100.000000
74	73	6.410596	100.000000
74	74	6.270199	100.000000
76	-76	6.268387	100.000000
76	-75	6.405161	100.000000
76	-74	6.540124	100.000000
76	-73	6.673275	100.000000
76	-72	6.804614	100.000000
76	-71	6.934142	100.000000
76	-70	7.061859	100.000000
76	-69	7.187763	100.000000
76	-68	7.311856	100.000000
76	-67	7.434138	100.000000
76	-66	7.554608	100.000000
76	-65	7.673266	100.000000
76	-64	7.790113	100.000000
76	-63	7.905148	100.000000
76	-62	8.018372	100.000000
76	-61	8.129784	100.000000
76	-60	8.239385	100.000000
76	-59	8.347174	100.000000
76	-58	8.453151	100.000000
76	-57	8.557317	100.000000
76	-56	8.659671	100.000000
76	-55	8.760214	100.000000
76	-54	8.858945	100.000000
76	-53	8.955864	100.000000
76	-52	9.050972	100.000000
76	-51	9.144268	100.000000
76	-50	9.235753	100.000000
76	-49	9.325426	100.000000
76	-48	9.413288	100.000000
76	-47	9.499338	100.000000
76	-46	9.583576	100.000000
76	-45	9.666003	100.000000
76	-44	9.746618	100.000000
76	-43	9.825422	100.000000
76	-42	9.902414	100.000000
76	-41	9.977595	100.000000
76	-40	10.050963	100.000000
76	-39	10.122521	100.000000
76	-38	10.192267	100.000000
76	-37	10.260201	100.000000
76	-36	10.326323	100.000000
76	-35	10.390634	100.000000
76	-34	10.453134	100.000000
76	-33	10.513822	100.000000
76	-32	10.572698	100.000000
76	-31	10.629763	100.000000
76	-30	10.685016	100.000000
76	-29	10.738458	100.000000
76	-28	10.790088	100.000000
76	-27	10.839906	100.000000
76	-26	10.887913	100.000000
76	-25	10.934108	100.000000
76	-24	10.978492	100.000000
76	-23	11.021064	100.000000
76	-22	11.061824	100.000000
76	-21	11.100773	100.000000
76	-20	11.137911	100.000000
76	-19	11.173236	100.000000
76	-18	11.206751	100.000000
76	-17	11.238453	100.000000
76	-16	11.268344	100.000000
76	-15	11.296424	100.000000
76	-14	11.322692	100.000000
76	-13	11.347148	100.000000
76	-12	11.369793	100.000000
76	-11	11.390626	100.000000
76	-10	11.409648	100.000000
76	-9	11.426858	100.000000
76	-8	11.442256	100.000000
76	-7	11.455843	100.000000
76	-6	11.467618	100.000000
76	-5	11.477582	100.000000
76	-4	11.485734	100.000000
76	-3	11.492074	100.000000
76	-2	11.496603	100.000000
76	-1	11.499321	100.000000
76	0	11.500226	100.000000
76	1	11.499321	100.000000
76	2	11.496603	100.000000
76	3	11.492074	100.000000
76	4	11.485734	100.000000
76	5	11.477582	100.000000
76	6	11.467618	100.000000
76	7	11.455843	100.000000
76	8	11.442256	100.000000
76	9	11.426858	100.000000
76	10	11.409648	100.000000
76	11	11.390626	100.000000
76	12	11.369793	100.000000
76	13	11.347148	100.000000
76	14	11.322692	100.000000
76	15	11.296424	100.000000
76	16	11.268344	100.000000
76	17	11.238453	100.000000
76	18	11.206751	100.000000
76	19	11.173236	100.000000
76	20	11.137911	100.000000
76	21	11.100773	100.000000
76	22	11.061824	100.000000
76	23	11.021064	100.000000
76	24	10.978492	100.000000
76	25	10.934108	100.000000
76	26	10.887913	100.000000
76	27	10.839906	100.000000
76	28	10.790088	100.000000
76	29	10.738458	100.000000
76	30	10.685016	100.000000
76	31	10.629763	100.000000
76	32	10.572698	100.000000
76	33	10.513822	100.000000
76	34	10.453134	100.000000
76	35	10.390634	100.000000
76	36	10.326323	100.000000
76	37	10.260201	100.000000
76	38	10.192267	100.000000
76	39	10.122521	100.000000
76	40	10.050963	100.000000
76	41	9.977595	100.000000
76	42	9.902414	100.000000
76	43	9.825422	100.000000
76	44	9.746618	100.000000
76	45	9.666003	100.000000
76	46	9.583576	100.000000
76	47	9.499338	100.000000
76	48	9.413288	100.000000
76	49	9.325426	100.000000
76	50	9.235753	100.000000
76	51	9.144268	100.000000
76	52	9.050972	100.000000
76	53	8.955864	100.000000
76	54	8.858945	100.000000
76	55	8.760214	100.000000
76	56	8.659671	100.000000
76	57	8.557317	100.000000
76	58	8.453151	100.000000
76	59	8.347174	100.000000
76	60	8.239385	100.000000
76	61	8.129784	100.000000
76	62	8.018372	100.000000
76	63	7.905148	100.000000
76	64	7.790113	100.000000
76	65	7.673266	100.000000
76	66	7.554608	100.000000
76	67	7.434138	100.000000
76	68	7.311856	100.000000
76	69	7.187763	100.000000
76	70	7.061859	100.000000
76	71	6.934142	100.000000
76	72	6.804614	100.000000
76	73	6.673275	100.000000
76	74	6.540124	100.000000
76	75	6.405161	100.000000
76	76	6.268387	100.000000
78	-78	6.266667	100.000000
78	-77	6.400000	100.000000
78	-76	6.531613	100.000000
78	-75	6.661505	100.000000
78	-74	6.789677	100.000000
78	-73	6.916129	100.000000
78	-72	7.040860	100.000000
78	-71	7.163871	100.000000
78	-70	7.285161	100.000000
78	-69	7.404731	100.000000
78	-68	7.522581	100.000000
78	-67	7.638710	100.000000
78	-66	7.753118	100.000000
78	-65	7.865806	100.000000
78	-64	7.976774	100.000000
78	-63	8.086022	100.000000
78	-62	8.193548	100.000000
78	-61	8.299355	100.000000
78	-60	8.403441	100.000000
78	-59	8.505806	100.000000
78	-58	8.606452	100.000000
78	-57	8.705376	100.000000
78	-56	8.802581	100.000000
78	-55	8.898065	100.000000
78	-54	8.991828	100.000000
78	-53	9.083871	100.000000
78	-52	9.174194	100.000000
78	-51	9.262796	100.000000
78	-50	9.349677	100.000000
78	-49	9.434839	100.000000
78	-48	9.518280	100.000000
78	-47	9.600000	100.000000
78	-46	9.680000	100.000000
78	-45	9.758280	100.000000
78	-44	9.834839	100.000000
78	-43	9.909677	100.000000
78	-42	9.982796	100.000000
78	-41	10.054194	100.000000
78	-40	10.123871	100.000000
78	-39	10.191828	100.000000
78	-38	10.258065	100.000000
78	-37	10.322581	100.000000
78	-36	10.385376	100.000000
78	-35	10.446452	100.000000
78	-34	10.505806	100.000000
78	-33	10.563441	100.000000
78	-32	10.619355	100.000000
78	-31	10.673548	100.000000
78	-30	10.726022	100.000000
78	-29	10.776774	100.000000
78	-28	10.825806	100.000000
78	-27	10.873118	100.000000
78	-26	10.918710	100.000000
78	-25	10.962581	100.000000
78	-24	11.004731	100.000000
78	-23	11.045161	100.000000
78	-22	11.083871	100.000000
78	-21	11.120860	100.000000
78	-20	11.156129	100.000000
78	-19	11.189677	100.000000
78	-18	11.221505	100.000000
78	-17	11.251613	100.000000
78	-16	11.280000	100.000000
78	-15	11.306667	100.000000
78	-14	11.331613	100.000000
78	-13	11.354839	100.000000
78	-12	11.376344	100.000000
78	-11	11.396129	100.000000
78	-10	11.414194	100.000000
78	-9	11.430538	100.000000
78	-8	11.445161	100.000000
78	-7	11.458065	100.000000
78	-6	11.469247	100.000000
78	-5	11.478710	100.000000
78	-4	11.486452	100.000000
78	-3	11.492473	100.000000
78	-2	11.496774	100.000000
78	-1	11.499355	100.000000
78	0	11.500215	100.000000
78	1	11.499355	100.000000
78	2	11.496774	100.000000
78	3	11.492473	100.000000
78	4	11.486452	100.000000
78	5	11.478710	100.000000
78	6	11.469247	100.000000
78	7	11.458065	100.000000
78	8	11.445161	100.000000
78	9	11.430538	100.000000
78	10	11.414194	100.000000
78	11	11.396129	100.000000
78	12	11.376344	100.000000
78	13	11.354839	100.000000
78	14	11.331613	100.000000
78	15	11.306667	100.000000
78	16	11.280000	100.000000
78	17	11.251613	100.000000
78	18	11.221505	100.000000
78	19	11.189677	100.000000
78	20	11.156129	100.000000
78	21	11.120860	100.000000
78	22	11.083871	100.000000
78	23	11.045161	100.000000
78	24	11.004731	100.000000
78	25	10.962581	100.000000
78	26	10.918710	100.000000
78	27	10.873118	100.000000
78	28	10.825806	100.000000
78	29	10.776774	100.000000
78	30	10.726022	100.000000
78	31	10.673548	100.000000
78	32	10.619355	100.000000
78	33	10.563441	100.000000
78	34	10.505806	100.000000
78	35	10.446452	100.000000
78	36	10.385376	100.000000
78	37	10.322581	100.000000
78	38	10.258065	100.000000
78	39	10.191828	100.000000
78	40	10.123871	100.000000
78	41	10.054194	100.000000
78	42	9.982796	100.000000
78	43	9.909677	100.000000
78	44	9.834839	100.000000
78	45	9.758280	100.000000
78	46	9.680000	100.000000
78	47	9.600000	100.000000
78	48	9.518280	100.000000
78	49	9.434839	100.000000
78	50	9.349677	100.000000
78	51	9.262796	100.000000
78	52	9.174194	100.000000
78	53	9.083871	100.000000
78	54	8.991828	100.000000
78	55	8.898065	100.000000
78	56	8.802581	100.000000
78	57	8.705376	100.000000
78	58	8.606452	100.000000
78	59	8.505806	100.000000
78	60	8.403441	100.000000
78	61	8.299355	100.000000
78	62	8.193548	100.000000
78	63	8.086022	100.000000
78	64	7.976774	100.000000
78	65	7.865806	100.000000
78	66	7.753118	100.000000
78	67	7.638710	100.000000
78	68	7.522581	100.000000
78	69	7.404731	100.000000
78	70	7.285161	100.000000
78	71	7.163871	100.000000
78	72	7.040860	100.000000
78	73	6.916129	100.000000
78	74	6.789677	100.000000
78	75	6.661505	100.000000
78	76	6.531613	100.000000
78	77	6.400000	100.000000
78	78	6.266667	100.000000
80	-80	6.265031	100.000000
80	-79	6.395092	100.000000
80	-78	6.523517	100.000000
80	-77	6.650307	100.000000
80	-76	6.775460	100.000000
80	-75	6.898978	100.000000
80	-74	7.020859	100.000000
80	-73	7.141104	100.000000
80	-72	7.259714	100.000000
80	-71	7.376687	100.000000
80	-70	7.492025	100.000000
80	-69	7.605726	100.000000
80	-68	7.717791	100.000000
80	-67	7.828221	100.000000
80	-66	7.937014	100.000000
80	-65	8.044172	100.000000
80	-64	8.149693	100.000000
80	-63	8.253579	100.000000
80	-62	8.355828	100.000000
80	-61	8.456442	100.000000
80	-60	8.555419	100.000000
80	-59	8.652761	100.000000
80	-58	8.748466	100.000000
80	-57	8.842536	100.000000
80	-56	8.934969	100.000000
80	-55	9.025767	100.000000
80	-54	9.114928	100.000000
80	-53	9.202454	100.000000
80	-52	9.288344	100.000000
80	-51	9.372597	100.000000
80	-50	9.455215	100.000000
80	-49	9.536196	100.000000
80	-48	9.615542	100.000000
80	-47	9.693252	100.000000
80	-46	9.769325	100.000000
80	-45	9.843763	100.000000
80	-44	9.916564	100.000000
80	-43	9.987730	100.000000
80	-42	10.057260	100.000000
80	-41	10.125153	100.000000
80	-40	10.191411	100.000000
80	-39	10.256033	100.000000
80	-38	10.319018	100.000000
80	-37	10.380368	100.000000
80	-36	10.440082	100.000000
80	-35	10.498160	100.000000
80	-34	10.554601	100.000000
80	-33	10.609407	100.000000
80	-32	10.662577	100.000000
80	-31	10.714110	100.000000
80	-30	10.764008	100.000000
80	-29	10.812270	100.000000
80	-28	10.858896	100.000000
80	-27	10.903885	100.000000
80	-26	10.947239	100.000000
80	-25	10.988957	100.000000
80	-24	11.029039	100.000000
80	-23	11.067485	100.000000
80	-22	11.104294	100.000000
80	-21	11.139468	100.000000
80	-20	11.173006	100.000000
80	-19	11.204908	100.000000
80	-18	11.235174	100.000000
80	-17	11.263804	100.000000
80	-16	11.290798	100.000000
80	-15	11.316155	100.000000
80	-14	11.339877	100.000000
80	-13	11.361963	100.000000
80	-12	11.382413	100.000000
80	-11	11.401227	100.000000
80	-10	11.418405	100.000000
80	-9	11.433947	100.000000
80	-8	11.447853	100.000000
80	-7	11.460123	100.000000
80	-6	11.470757	100.000000
80	-5	11.479755	100.000000
80	-4	11.487117	100.000000
80	-3	11.492843	100.000000
80	-2	11.496933	100.000000
80	-1	11.499387	100.000000
80	0	11.500204	100.000000
80	1	11.499387	100.000000
80	2	11.496933	100.000000
80	3	11.492843	100.000000
80	4	11.487117	100.000000
80	5	11.479755	100.000000
80	6	11.470757	100.000000
80	7	11.460123	100.000000
80	8	11.447853	100.000000
80	9	11.433947	100.000000
80	10	11.418405	100.000000
80	11	11.401227	100.000000
80	12	11.382413	100.000000
80	13	11.361963	100.000000
80	14	11.339877	100.000000
80	15	11.316155	100.000000
80	16	11.290798	100.000000
80	17	11.263804	100.000000
80	18	11.235174	100.000000
80	19	11.204908	100.000000
80	20	11.173006	100.000000
80	21	11.139468	100.000000
80	22	11.104294	100.000000
80	23	11.067485	100.000000
80	24	11.029039	100.000000
80	25	10.988957	100.000000
80	26	10.947239	100.000000
80	27	10.903885	100.000000
80	28	10.858896	100.000000
80	29	10.812270	100.000000
80	30	10.764008	100.000000
80	31	10.714110	100.000000
80	32	10.662577	100.000000
80	33	10.609407	100.000000
80	34	10.554601	100.000000
80	35	10.498160	100.000000
80	36	10.440082	100.000000
80	37	10.380368	100.000000
80	38	10.319018	100.000000
80	39	10.256033	100.000000
80	40	10.191411	100.000000
80	41	10.125153	100.000000
80	42	10.057260	100.000000
80	43	9.987730	100.000000
80	44	9.916564	100.000000
80	45	9.843763	100.000000
80	46	9.769325	100.000000
80	47	9.693252	100.000000
80	48	9.615542	100.000000
80	49	9.536196	100.000000
80	50	9.455215	100.000000
80	51	9.372597	100.000000
80	52	9.288344	100.000000
80	53	9.202454	100.000000
80	54	9.114928	100.000000
80	55	9.025767	100.000000
80	56	8.934969	100.000000
80	57	8.842536	100.000000
80	58	8.748466	100.000000
80	59	8.652761	100.000000
80	60	8.555419	100.000000
80	61	8.456442	100.000000
80	62	8.355828	100.000000
80	63	8.253579	100.000000
80	64	8.149693	100.000000
80	65	8.044172	100.000000
80	66	7.937014	100.000000
80	67	7.828221	100.000000
80	68	7.717791	100.000000
80	69	7.605726	100.000000
80	70	7.492025	100.000000
80	71	7.376687	100.000000
80	72	7.259714	100.000000
80	73	7.141104	100.000000
80	74	7.020859	100.000000
80	75	6.898978	100.000000
80	76	6.775460	100.000000
80	77	6.650307	100.000000
80	78	6.523517	100.000000
80	79	6.395092	100.000000
80	80	6.265031	100.000000
82	-82	6.263473	100.000000
82	-81	6.390419	100.000000
82	-80	6.515808	100.000000
82	-79	6.639639	100.000000
82	-78	6.761912	100.000000
82	-77	6.882627	100.000000
82	-76	7.001785	100.000000
82	-75	7.119386	100.000000
82	-74	7.235429	100.000000
82	-73	7.349914	100.000000
82	-72	7.462841	100.000000
82	-71	7.574211	100.000000
82	-70	7.684023	100.000000
82	-69	7.792278	100.000000
82	-68	7.898975	100.000000
82	-67	8.004114	100.000000
82	-66	8.107696	100.000000
82	-65	8.209720	100.000000
82	-64	8.310187	100.000000
82	-63	8.409096	100.000000
82	-62	8.506447	100.000000
82	-61	8.602241	100.000000
82	-60	8.696477	100.000000
82	-59	8.789155	100.000000
82	-58	8.880276	100.000000
82	-57	8.969839	100.000000
82	-56	9.057845	100.000000
82	-55	9.144293	100.000000
82	-54	9.229183	100.000000
82	-53	9.312516	100.000000
82	-52	9.394291	100.000000
82	-51	9.474509	100.000000
82	-50	9.553169	100.000000
82	-49	9.630271	100.000000
82	-48	9.705815	100.000000
82	-47	9.779802	100.000000
82	-46	9.852232	100.000000
82	-45	9.923103	100.000000
82	-44	9.992418	100.000000
82	-43	10.060174	100.000000
82	-42	10.126373	100.000000
82	-41	10.191014	100.000000
82	-40	10.254098	100.000000
82	-39	10.315624	100.000000
82	-38	10.375592	100.000000
82	-37	10.434003	100.000000
82	-36	10.490856	100.000000
82	-35	10.546152	100.000000
82	-34	10.599890	100.000000
82	-33	10.652070	100.000000
82	-32	10.702693	100.000000
82	-31	10.751758	100.000000
82	-30	10.799265	100.000000
82	-29	10.845215	100.000000
82	-28	10.889607	100.000000
82	-27	10.932442	100.000000
82	-26	10.973719	100.000000
82	-25	11.013438	100.000000
82	-24	11.051600	100.000000
82	-23	11.088204	100.000000
82	-22	11.123250	100.000000
82	-21	11.156739	100.000000
82	-20	11.188671	100.000000
82	-19	11.219044	100.000000
82	-18	11.247860	100.000000
82	-17	11.275118	100.000000
82	-16	11.300819	100.000000
82	-15	11.324962	100.000000
82	-14	11.347548	100.000000
82	-13	11.368576	100.000000
82	-12	11.388046	100.000000
82	-11	11.405959	100.000000
82	-10	11.422314	100.000000
82	-9	11.437111	100.000000
82	-8	11.450351	100.000000
82	-7	11.462033	100.000000
82	-6	11.472158	100.000000
82	-5	11.480724	100.000000
82	-4	11.487734	100.000000
82	-3	11.493185	100.000000
82	-2	11.497079	100.000000
82	-1	11.499416	100.000000
82	0	11.500195	100.000000
82	1	11.499416	100.000000
82	2	11.497079	100.000000
82	3	11.493185	100.000000
82	4	11.487734	100.000000
82	5	11.480724	100.000000
82	6	11.472158	100.000000
82	7	11.462033	100.000000
82	8	11.450351	100.000000
82	9	11.437111	100.000000
82	10	11.422314	100.000000
82	11	11.405959	100.000000
82	12	11.388046	100.000000
82	13	11.368576	100.000000
82	14	11.347548	100.000000
82	15	11.324962	100.000000
82	16	11.300819	100.000000
82	17	11.275118	100.000000
82	18	11.247860	100.000000
82	19	11.219044	100.000000
82	20	11.188671	100.000000
82	21	11.156739	100.000000
82	22	11.123250	100.000000
82	23	11.088204	100.000000
82	24	11.051600	100.000000
82	25	11.013438	100.000000
82	26	10.973719	100.000000
82	27	10.932442	100.000000
82	28	10.889607	100.000000
82	29	10.845215	100.000000
82	30	10.799265	100.000000
82	31	10.751758	100.000000
82	32	10.702693	100.000000
82	33	10.652070	100.000000
82	34	10.599890	100.000000
82	35	10.546152	100.000000
82	36	10.490856	100.000000
82	37	10.434003	100.000000
82	38	10.375592	100.000000
82	39	10.315624	100.000000
82	40	10.254098	100.000000
82	41	10.191014	100.000000
82	42	10.126373	100.000000
82	43	10.060174	100.000000
82	44	9.992418	100.000000
82	45	9.923103	100.000000
82	46	9.852232	100.000000
82	47	9.779802	100.000000
82	48	9.705815	100.000000
82	49	9.630271	100.000000
82	50	9.553169	100.000000
82	51	9.474509	100.000000
82	52	9.394291	100.000000
82	53	9.312516	100.000000
82	54	9.229183	100.000000
82	55	9.144293	100.000000
82	56	9.057845	100.000000
82	57	8.969839	100.000000
82	58	8.880276	100.000000
82	59	8.789155	100.000000
82	60	8.696477	100.000000
82	61	8.602241	100.000000
82	62	8.506447	100.000000
82	63	8.409096	100.000000
82	64	8.310187	100.000000
82	65	8.209720	100.000000
82	66	8.107696	100.000000
82	67	8.004114	100.000000
82	68	7.898975	100.000000
82	69	7.792278	100.000000
82	70	7.684023	100.000000
82	71	7.574211	100.000000
82	72	7.462841	100.000000
82	73	7.349914	100.000000
82	74	7.235429	100.000000
82	75	7.119386	100.000000
82	76	7.001785	100.000000
82	77	6.882627	100.000000
82	78	6.761912	100.000000
82	79	6.639639	100.000000
82	80	6.515808	100.000000
82	81	6.390419	100.000000
82	82	6.263473	100.000000
84	-84	6.261988	100.000000
84	-83	6.385965	100.000000
84	-82	6.508457	100.000000
84	-81	6.629464	100.000000
84	-80	6.748986	100.000000
84	-79	6.867024	100.000000
84	-78	6.983577	100.000000
84	-77	7.098645	100.000000
84	-76	7.212228	100.000000
84	-75	7.324327	100.000000
84	-74	7.434941	100.000000
84	-73	7.544070	100.000000
84	-72	7.651714	100.000000
84	-71	7.757874	100.000000
84	-70	7.862549	100.000000
84	-69	7.965739	100.000000
84	-68	8.067444	100.000000
84	-67	8.167665	100.000000
84	-66	8.266401	100.000000
84	-65	8.363652	100.000000
84	-64	8.459418	100.000000
84	-63	8.553700	100.000000
84	-62	8.646496	100.000000
84	-61	8.737809	100.000000
84	-60	8.827636	100.000000
84	-59	8.915979	100.000000
84	-58	9.002836	100.000000
84	-57	9.088210	100.000000
84	-56	9.172098	100.000000
84	-55	9.254502	100.000000
84	-54	9.335420	100.000000
84	-53	9.414855	100.000000
84	-52	9.492804	100.000000
84	-51	9.569268	100.000000
84	-50	9.644248	100.000000
84	-49	9.717743	100.000000
84	-48	9.789754	100.000000
84	-47	9.860279	100.000000
84	-46	9.929320	100.000000
84	-45	9.996876	100.000000
84	-44	10.062948	100.000000
84	-43	10.127534	100.000000
84	-42	10.190636	100.000000
84	-41	10.252253	100.000000
84	-40	10.312386	100.000000
84	-39	10.371033	100.000000
84	-38	10.428196	100.000000
84	-37	10.483874	100.000000
84	-36	10.538068	100.000000
84	-35	10.590776	100.000000
84	-34	10.642000	100.000000
84	-33	10.691739	100.000000
84	-32	10.739994	100.000000
84	-31	10.786763	100.000000
84	-30	10.832048	100.000000
84	-29	10.875848	100.000000
84	-28	10.918164	100.000000
84	-27	10.958994	100.000000
84	-26	10.998340	100.000000
84	-25	11.036201	100.000000
84	-24	11.072578	100.000000
84	-23	11.107469	100.000000
84	-22	11.140876	100.000000
84	-21	11.172798	100.000000
84	-20	11.203236	100.000000
84	-19	11.232188	100.000000
84	-18	11.259656	100.000000
84	-17	11.285639	100.000000
84	-16	11.310138	100.000000
84	-15	11.333151	100.000000
84	-14	11.354680	100.000000
84	-13	11.374724	100.000000
84	-12	11.393284	100.000000
84	-11	11.410358	100.000000
84	-10	11.425948	100.000000
84	-9	11.440053	100.000000
84	-8	11.452674	100.000000
84	-7	11.463809	100.000000
84	-6	11.473460	100.000000
84	-5	11.481626	100.000000
84	-4	11.488308	100.000000
84	-3	11.493504	100.000000
84	-2	11.497216	100.000000
84	-1	11.499443	100.000000
84	0	11.500186	100.000000
84	1	11.499443	100.000000
84	2	11.497216	100.000000
84	3	11.493504	100.000000
84	4	11.488308	100.000000
84	5	11.481626	100.000000
84	6	11.473460	100.000000
84	7	11.463809	100.000000
84	8	11.452674	100.000000
84	9	11.440053	100.000000
84	10	11.425948	100.000000
84	11	11.410358	100.000000
84	12	11.393284	100.000000
84	13	11.374724	100.000000
84	14	11.354680	100.000000
84	15	11.333151	100.000000
84	16	11.310138	100.000000
84	17	11.285639	100.000000
84	18	11.259656	100.000000
84	19	11.232188	100.000000
84	20	11.203236	100.000000
84	21	11.172798	100.000000
84	22	11.140876	100.000000
84	23	11.107469	100.000000
84	24	11.072578	100.000000
84	25	11.036201	100.000000
84	26	10.998340	100.000000
84	27	10.958994	100.000000
84	28	10.918164	100.000000
84	29	10.875848	100.000000
84	30	10.832048	100.000000
84	31	10.786763	100.000000
84	32	10.739994	100.000000
84	33	10.691739	100.000000
84	34	10.642000	100.000000
84	35	10.590776	100.000000
84	36	10.538068	100.000000
84	37	10.483874	100.000000
84	38	10.428196	100.000000
84	39	10.371033	100.000000
84	40	10.312386	100.000000
84	41	10.252253	100.000000
84	42	10.190636	100.000000
84	43	10.127534	100.000000
84	44	10.062948	100.000000
84	45	9.996876	100.000000
84	46	9.929320	100.000000
84	47	9.860279	100.000000
84	48	9.789754	100.000000
84	49	9.717743	100.000000
84	50	9.644248	100.000000
84	51	9.569268	100.000000
84	52	9.492804	100.000000
84	53	9.414855	100.000000
84	54	9.335420	100.000000
84	55	9.254502	100.000000
84	56	9.172098	100.000000
84	57	9.088210	100.000000
84	58	9.002836	100.000000
84	59	8.915979	100.000000
84	60	8.827636	100.000000
84	61	8.737809	100.000000
84	62	8.646496	100.000000
84	63	8.553700	100.000000
84	64	8.459418	100.000000
84	65	8.363652	100.000000
84	66	8.266401	100.000000
84	67	8.167665	100.000000
84	68	8.067444	100.000000
84	69	7.965739	100.000000
84	70	7.862549	100.000000
84	71	7.757874	100.000000
84	72	7.651714	100.000000
84	73	7.544070	100.000000
84	74	7.434941	100.000000
84	75	7.324327	100.000000
84	76	7.212228	100.000000
84	77	7.098645	100.000000
84	78	6.983577	100.000000
84	79	6.867024	100.000000
84	80	6.748986	100.000000
84	81	6.629464	100.000000
84	82	6.508457	100.000000
84	83	6.385965	100.000000
84	84	6.261988	100.000000
86	-86	6.260571	100.000000
86	-85	6.381714	100.000000
86	-84	6.501440	100.000000
86	-83	6.619749	100.000000
86	-82	6.736642	100.000000
86	-81	6.852117	100.000000
86	-80	6.966175	100.000000
86	-79	7.078817	100.000000
86	-78	7.190042	100.000000
86	-77	7.299850	100.000000
86	-76	7.408241	100.000000
86	-75	7.515215	100.000000
86	-74	7.620772	100.000000
86	-73	7.724912	100.000000
86	-72	7.827636	100.000000
86	-71	7.928942	100.000000
86	-70	8.028832	100.000000
86	-69	8.127305	100.000000
86	-68	8.224361	100.000000
86	-67	8.320000	100.000000
86	-66	8.414222	100.000000
86	-65	8.507028	100.000000
86	-64	8.598416	100.000000
86	-63	8.688388	100.000000
86	-62	8.776942	100.000000
86	-61	8.864080	100.000000
86	-60	8.949801	100.000000
86	-59	9.034105	100.000000
86	-58	9.116992	100.000000
86	-57	9.198463	100.000000
86	-56	9.278516	100.000000
86	-55	9.357153	100.000000
86	-54	9.434373	100.000000
86	-53	9.510175	100.000000
86	-52	9.584561	100.000000
86	-51	9.657530	100.000000
86	-50	9.729083	100.000000
86	-49	9.799218	100.000000
86	-48	9.867937	100.000000
86	-47	9.935238	100.000000
86	-46	10.001123	100.000000
86	-45	10.065591	100.000000
86	-44	10.128642	100.000000
86	-43	10.190276	100.000000
86	-42	10.250493	100.000000
86	-41	10.309293	100.000000
86	-40	10.366677	100.000000
86	-39	10.422643	100.000000
86	-38	10.477193	100.000000
86	-37	10.530326	100.000000
86	-36	10.582042	100.000000
86	-35	10.632341	100.000000
86	-34	10.681223	100.000000
86	-33	10.728688	100.000000
86	-32	10.774737	100.000000
86	-31	10.819368	100.000000
86	-30	10.862583	100.000000
86	-29	10.904381	100.000000
86	-28	10.944762	100.000000
86	-27	10.983726	100.000000
86	-26	11.021273	100.000000
86	-25	11.057404	100.000000
86	-24	11.092117	100.000000
86	-23	11.125414	100.000000
86	-22	11.157293	100.000000
86	-21	11.187756	100.000000
86	-20	11.216802	100.000000
86	-19	11.244431	100.000000
86	-18	11.270643	100.000000
86	-17	11.295439	100.000000
86	-16	11.318817	100.000000
86	-15	11.340779	100.000000
86	-14	11.361323	100.000000
86	-13	11.380451	100.000000
86	-12	11.398162	100.000000
86	-11	11.414456	100.000000
86	-10	11.429333	100.000000
86	-9	11.442794	100.000000
86	-8	11.454837	100.000000
86	-7	11.465464	100.000000
86	-6	11.474673	100.000000
86	-5	11.482466	100.000000
86	-4	11.488842	100.000000
86	-3	11.493801	100.000000
86	-2	11.497343	100.000000
86	-1	11.499469	100.000000
86	0	11.500177	100.000000
86	1	11.499469	100.000000
86	2	11.497343	100.000000
86	3	11.493801	100.000000
86	4	11.488842	100.000000
86	5	11.482466	100.000000
86	6	11.474673	100.000000
86	7	11.465464	100.000000
86	8	11.454837	100.000000
86	9	11.442794	100.000000
86	10	11.429333	100.000000
86	11	11.414456	100.000000
86	12	11.398162	100.000000
86	13	11.380451	100.000000
86	14	11.361323	100.000000
86	15	11.340779	100.000000
86	16	11.318817	100.000000
86	17	11.295439	100.000000
86	18	11.270643	100.000000
86	19	11.244431	100.000000
86	20	11.216802	100.000000
86	21	11.187756	100.000000
86	22	11.157293	100.000000
86	23	11.125414	100.000000
86	24	11.092117	100.000000
86	25	11.057404	100.000000
86	26	11.021273	100.000000
86	27	10.983726	100.000000
86	28	10.944762	100.000000
86	29	10.904381	100.000000
86	30	10.862583	100.000000
86	31	10.819368	100.000000
86	32	10.774737	100.000000
86	33	10.728688	100.000000
86	34	10.681223	100.000000
86	35	10.632341	100.000000
86	36	10.582042	100.000000
86	37	10.530326	100.000000
86	38	10.477193	100.000000
86	39	10.422643	100.000000
86	40	10.366677	100.000000
86	41	10.309293	100.000000
86	42	10.250493	100.000000
86	43	10.190276	100.000000
86	44	10.128642	100.000000
86	45	10.065591	100.000000
86	46	10.001123	100.000000
86	47	9.935238	100.000000
86	48	9.867937	100.000000
86	49	9.799218	100.000000
86	50	9.729083	100.000000
86	51	9.657530	100.000000
86	52	9.584561	100.000000
86	53	9.510175	100.000000
86	54	9.434373	100.000000
86	55	9.357153	100.000000
86	56	9.278516	100.000000
86	57	9.198463	100.000000
86	58	9.116992	100.000000
86	59	9.034105	100.000000
86	60	8.949801	100.000000
86	61	8.864080	100.000000
86	62	8.776942	100.000000
86	63	8.688388	100.000000
86	64	8.598416	100.000000
86	65	8.507028	100.000000
86	66	8.414222	100.000000
86	67	8.320000	100.000000
86	68	8.224361	100.000000
86	69	8.127305	100.000000
86	70	8.028832	100.000000
86	71	7.928942	100.000000
86	72	7.827636	100.000000
86	73	7.724912	100.000000
86	74	7.620772	100.000000
86	75	7.515215	100.000000
86	76	7.408241	100.000000
86	77	7.299850	100.000000
86	78	7.190042	100.000000
86	79	7.078817	100.000000
86	80	6.966175	100.000000
86	81	6.852117	100.000000
86	82	6.736642	100.000000
86	83	6.619749	100.000000
86	84	6.501440	100.000000
86	85	6.381714	100.000000
86	86	6.260571	100.000000
88	-88	6.259218	100.000000
88	-87	6.377654	100.000000
88	-86	6.494736	100.000000
88	-85	6.610464	100.000000
88	-84	6.724840	100.000000
88	-83	6.837861	100.000000
88	-82	6.949529	100.000000
88	-81	7.059844	100.000000
88	-80	7.168804	100.000000
88	-79	7.276412	100.000000
88	-78	7.382666	100.000000
88	-77	7.487566	100.000000
88	-76	7.591113	100.000000
88	-75	7.693306	100.000000
88	-74	7.794145	100.000000
88	-73	7.893631	100.000000
88	-72	7.991764	100.000000
88	-71	8.088543	100.000000
88	-70	8.183968	100.000000
88	-69	8.278040	100.000000
88	-68	8.370758	100.000000
88	-67	8.462123	100.000000
88	-66	8.552134	100.000000
88	-65	8.640792	100.000000
88	-64	8.728096	100.000000
88	-63	8.814046	100.000000
88	-62	8.898643	100.000000
88	-61	8.981887	100.000000
88	-60	9.063777	100.000000
88	-59	9.144313	100.000000
88	-58	9.223496	100.000000
88	-57	9.301325	100.000000
88	-56	9.377800	100.000000
88	-55	9.452923	100.000000
88	-54	9.526691	100.000000
88	-53	9.599106	100.000000
88	-52	9.670168	100.000000
88	-51	9.739875	100.000000
88	-50	9.808230	100.000000
88	-49	9.875231	100.000000
88	-48	9.940878	100.000000
88	-47	10.005172	100.000000
88	-46	10.068112	100.000000
88	-45	10.129698	100.000000
88	-44	10.189931	100.000000
88	-43	10.248811	100.000000
88	-42	10.306337	100.000000
88	-41	10.362509	100.000000
88	-40	10.417328	100.000000
88	-39	10.470793	100.000000
88	-38	10.522905	100.000000
88	-37	10.573663	100.000000
88	-36	10.623068	100.000000
88	-35	10.671119	100.000000
88	-34	10.717816	100.000000
88	-33	10.763160	100.000000
88	-32	10.807151	100.000000
88	-31	10.849788	100.000000
88	-30	10.891071	100.000000
88	-29	10.931001	100.000000
88	-28	10.969577	100.000000
88	-27	11.006800	100.000000
88	-26	11.042669	100.000000
88	-25	11.077184	100.000000
88	-24	11.110346	100.000000
88	-23	11.142155	100.000000
88	-22	11.172610	100.000000
88	-21	11.201711	100.000000
88	-20	11.229459	100.000000
88	-19	11.255853	100.000000
88	-18	11.280894	100.000000
88	-17	11.304581	100.000000
88	-16	11.326915	100.000000
88	-15	11.347895	100.000000
88	-14	11.367521	100.000000
88	-13	11.385794	100.000000
88	-12	11.402713	100.000000
88	-11	11.418279	100.000000
88	-10	11.432492	100.000000
88	-9	11.445350	100.000000
88	-8	11.456856	100.000000
88	-7	11.467007	100.000000
88	-6	11.475805	100.000000
88	-5	11.483250	100.000000
88	-4	11.489341	100.000000
88	-3	11.494078	100.000000
88	-2	11.497462	100.000000
88	-1	11.499492	100.000000
88	0	11.500169	100.000000
88	1	11.499492	100.000000
88	2	11.497462	100.000000
88	3	11.494078	100.000000
88	4	11.489341	100.000000
88	5	11.483250	100.000000
88	6	11.475805	100.000000
88	7	11.467007	100.000000
88	8	11.456856	100.000000
88	9	11.445350	100.000000
88	10	11.432492	100.000000
88	11	11.418279	100.000000
88	12	11.402713	100.000000
88	13	11.385794	100.000000
88	14	11.367521	100.000000
88	15	11.347895	100.000000
88	16	11.326915	100.000000
88	17	11.304581	100.000000
88	18	11.280894	100.000000
88	19	11.255853	100.000000
88	20	11.229459	100.000000
88	21	11.201711	100.000000
88	22	11.172610	100.000000
88	23	11.142155	100.000000
88	24	11.110346	100.000000
88	25	11.077184	100.000000
88	26	11.042669	100.000000
88	27	11.006800	100.000000
88	28	10.969577	100.000000
88	29	10.931001	100.000000
88	30	10.891071	100.000000
88	31	10.849788	100.000000
88	32	10.807151	100.000000
88	33	10.763160	100.000000
88	34	10.717816	100.000000
88	35	10.671119	100.000000
88	36	10.623068	100.000000
88	37	10.573663	100.000000
88	38	10.522905	100.000000
88	39	10.470793	100.000000
88	40	10.417328	100.000000
88	41	10.362509	100.000000
88	42	10.306337	100.000000
88	43	10.248811	100.000000
88	44	10.189931	100.000000
88	45	10.129698	100.000000
88	46	10.068112	100.000000
88	47	10.005172	100.000000
88	48	9.940878	100.000000
88	49	9.875231	100.000000
88	50	9.808230	100.000000
88	51	9.739875	100.000000
88	52	9.670168	100.000000
88	53	9.599106	100.000000
88	54	9.526691	100.000000
88	55	9.452923	100.000000
88	56	9.377800	100.000000
88	57	9.301325	100.000000
88	58	9.223496	100.000000
88	59	9.144313	100.000000
88	60	9.063777	100.000000
88	61	8.981887	100.000000
88	62	8.898643	100.000000
88	63	8.814046	100.000000
88	64	8.728096	100.000000
88	65	8.640792	100.000000
88	66	8.552134	100.000000
88	67	8.462123	100.000000
88	68	8.370758	100.000000
88	69	8.278040	100.000000
88	70	8.183968	100.000000
88	71	8.088543	100.000000
88	72	7.991764	100.000000
88	73	7.893631	100.000000
88	74	7.794145	100.000000
88	75	7.693306	100.000000
88	76	7.591113	100.000000
88	77	7.487566	100.000000
88	78	7.382666	100.000000
88	79	7.276412	100.000000
88	80	7.168804	100.000000
88	81	7.059844	100.000000
88	82	6.949529	100.000000
88	83	6.837861	100.000000
88	84	6.724840	100.000000
88	85	6.610464	100.000000
88	86	6.494736	100.000000
88	87	6.377654	100.000000
88	88	6.259218	100.000000
90	-90	6.257923	100.000000
90	-89	6.373770	100.000000
90	-88	6.488323	100.000000
90	-87	6.601581	100.000000
90	-86	6.713545	100.000000
90	-85	6.824215	100.000000
90	-84	6.933590	100.000000
90	-83	7.041670	100.000000
90	-82	7.148457	100.000000
90	-81	7.253949	100.000000
90	-80	7.358146	100.000000
90	-79	7.461050	100.000000
90	-78	7.562658	100.000000
90	-77	7.662973	100.000000
90	-76	7.761993	100.000000
90	-75	7.859719	100.000000
90	-74	7.956150	100.000000
90	-73	8.051287	100.000000
90	-72	8.145129	100.000000
90	-71	8.237677	100.000000
90	-70	8.328931	100.000000
90	-69	8.418891	100.000000
90	-68	8.507556	100.000000
90	-67	8.594926	100.000000
90	-66	8.681003	100.000000
90	-65	8.765784	100.000000
90	-64	8.849272	100.000000
90	-63	8.931465	100.000000
90	-62	9.012364	100.000000
90	-61	9.091968	100.000000
90	-60	9.170278	100.000000
90	-59	9.247294	100.000000
90	-58	9.323015	100.000000
90	-57	9.397442	100.000000
90	-56	9.470574	100.000000
90	-55	9.542412	100.000000
90	-54	9.612956	100.000000
90	-53	9.682205	100.000000
90	-52	9.750160	100.000000
90	-51	9.816821	100.000000
90	-50	9.882187	100.000000
90	-49	9.946259	100.000000
90	-48	10.009036	100.000000
90	-47	10.070519	100.000000
90	-46	10.130708	100.000000
90	-45	10.189602	100.000000
90	-44	10.247202	100.000000
90	-43	10.303508	100.000000
90	-42	10.358519	100.000000
90	-41	10.412236	100.000000
90	-40	10.464658	100.000000
90	-39	10.515786	100.000000
90	-38	10.565620	100.000000
90	-37	10.614159	100.000000
90	-36	10.661404	100.000000
90	-35	10.707354	100.000000
90	-34	10.752010	100.000000
90	-33	10.795372	100.000000
90	-32	10.837439	100.000000
90	-31	10.878212	100.000000
90	-30	10.917691	100.000000
90	-29	10.955875	100.000000
90	-28	10.992765	100.000000
90	-27	11.028360	100.000000
90	-26	11.062661	100.000000
90	-25	11.095668	100.000000
90	-24	11.127380	100.000000
90	-23	11.157798	100.000000
90	-22	11.186922	100.000000
90	-21	11.214751	100.000000
90	-20	11.241286	100.000000
90	-19	11.266526	100.000000
90	-18	11.290472	100.000000
90	-17	11.313124	100.000000
90	-16	11.334481	100.000000
90	-15	11.354544	100.000000
90	-14	11.373313	100.000000
90	-13	11.390787	100.000000
90	-12	11.406966	100.000000
90	-11	11.421852	100.000000
90	-10	11.435443	100.000000
90	-9	11.447739	100.000000
90	-8	11.458742	100.000000
90	-7	11.468449	100.000000
90	-6	11.476863	100.000000
90	-5	11.483982	100.000000
90	-4	11.489807	100.000000
90	-3	11.494337	100.000000
90	-2	11.497573	100.000000
90	-1	11.499515	100.000000
90	0	11.500162	100.000000
90	1	11.499515	100.000000
90	2	11.497573	100.000000
90	3	11.494337	100.000000
90	4	11.489807	100.000000
90	5	11.483982	100.000000
90	6	11.476863	100.000000
90	7	11.468449	100.000000
90	8	11.458742	100.000000
90	9	11.447739	100.000000
90	10	11.435443	100.000000
90	11	11.421852	100.000000
90	12	11.406966	100.000000
90	13	11.390787	100.000000
90	14	11.373313	100.000000
90	15	11.354544	100.000000
90	16	11.334481	100.000000
90	17	11.313124	100.000000
90	18	11.290472	100.000000
90	19	11.266526	100.000000
90	20	11.241286	100.000000
90	21	11.214751	100.000000
90	22	11.186922	100.000000
90	23	11.157798	100.000000
90	24	11.127380	100.000000
90	25	11.095668	100.000000
90	26	11.062661	100.000000
90	27	11.028360	100.000000
90	28	10.992765	100.000000
90	29	10.955875	100.000000
90	30	10.917691	100.000000
90	31	10.878212	100.000000
90	32	10.837439	100.000000
90	33	10.795372	100.000000
90	34	10.752010	100.000000
90	35	10.707354	100.000000
90	36	10.661404	100.000000
90	37	10.614159	100.000000
90	38	10.565620	100.000000
90	39	10.515786	100.000000
90	40	10.464658	100.000000
90	41	10.412236	100.000000
90	42	10.358519	100.000000
90	43	10.303508	100.000000
90	44	10.247202	100.000000
90	45	10.189602	100.000000
90	46	10.130708	100.000000
90	47	10.070519	100.000000
90	48	10.009036	100.000000
90	49	9.946259	100.000000
90	50	9.882187	100.000000
90	51	9.816821	100.000000
90	52	9.750160	100.000000
90	53	9.682205	100.000000
90	54	9.612956	100.000000
90	55	9.542412	100.000000
90	56	9.470574	100.000000
90	57	9.397442	100.000000
90	58	9.323015	100.000000
90	59	9.247294	100.000000
90	60	9.170278	100.000000
90	61	9.091968	100.000000
90	62	9.012364	100.000000
90	63	8.931465	100.000000
90	64	8.849272	100.000000
90	65	8.765784	100.000000
90	66	8.681003	100.000000
90	67	8.594926	100.000000
90	68	8.507556	100.000000
90	69	8.418891	100.000000
90	70	8.328931	100.000000
90	71	8.237677	100.000000
90	72	8.145129	100.000000
90	73	8.051287	100.000000
90	74	7.956150	100.000000
90	75	7.859719	100.000000
90	76	7.761993	100.000000
90	77	7.662973	100.000000
90	78	7.562658	100.000000
90	79	7.461050	100.000000
90	80	7.358146	100.000000
90	81	7.253949	100.000000
90	82	7.148457	100.000000
90	83	7.041670	100.000000
90	84	6.933590	100.000000
90	85	6.824215	100.000000
90	86	6.713545	100.000000
90	87	6.601581	100.000000
90	88	6.488323	100.000000
90	89	6.373770	100.000000
90	90	6.257923	100.000000
92	-92	6.256684	100.000000
92	-91	6.370053	100.000000
92	-90	6.482183	100.000000
92	-89	6.593074	100.000000
92	-88	6.702726	100.000000
92	-87	6.811139	100.000000
92	-86	6.918313	100.000000
92	-85	7.024248	100.000000
92	-84	7.128944	100.000000
92	-83	7.232401	100.000000
92	-82	7.334619	100.000000
92	-81	7.435598	100.000000
92	-80	7.535338	100.000000
92	-79	7.633839	100.000000
92	-78	7.731101	100.000000
92	-77	7.827124	100.000000
92	-76	7.921908	100.000000
92	-75	8.015452	100.000000
92	-74	8.107758	100.000000
92	-73	8.198825	100.000000
92	-72	8.288653	100.000000
92	-71	8.377242	100.000000
92	-70	8.464592	100.000000
92	-69	8.550703	100.000000
92	-68	8.635575	100.000000
92	-67	8.719208	100.000000
92	-66	8.801601	100.000000
92	-65	8.882756	100.000000
92	-64	8.962672	100.000000
92	-63	9.041349	100.000000
92	-62	9.118787	100.000000
92	-61	9.194986	100.000000
92	-60	9.269945	100.000000
92	-59	9.343666	100.000000
92	-58	9.416148	100.000000
92	-57	9.487391	100.000000
92	-56	9.557395	100.000000
92	-55	9.626159	100.000000
92	-54	9.693685	100.000000
92	-53	9.759972	100.000000
92	-52	9.825020	100.000000
92	-51	9.888828	100.000000
92	-50	9.951398	100.000000
92	-49	10.012729	100.000000
92	-48	10.072821	100.000000
92	-47	10.131674	100.000000
92	-46	10.189287	100.000000
92	-45	10.245662	100.000000
92	-44	10.300798	100.000000
92	-43	10.354694	100.000000
92	-42	10.407352	100.000000
92	-41	10.458771	100.000000
92	-40	10.508951	100.000000
92	-39	10.557891	100.000000
92	-38	10.605593	100.000000
92	-37	10.652056	100.000000
92	-36	10.697279	100.000000
92	-35	10.741264	100.000000
92	-34	10.784010	100.000000
92	-33	10.825516	100.000000
92	-32	10.865784	100.000000
92	-31	10.904813	100.000000
92	-30	10.942602	100.000000
92	-29	10.979153	100.000000
92	-28	11.014465	100.000000
92	-27	11.048537	100.000000
92	-26	11.081371	100.000000
92	-25	11.112966	100.000000
92	-24	11.143321	100.000000
92	-23	11.172438	100.000000
92	-22	11.200316	100.000000
92	-21	11.226954	100.000000
92	-20	11.252354	100.000000
92	-19	11.276514	100.000000
92	-18	11.299436	100.000000
92	-17	11.321119	100.000000
92	-16	11.341562	100.000000
92	-15	11.360767	100.000000
92	-14	11.378732	100.000000
92	-13	11.395459	100.000000
92	-12	11.410946	100.000000
92	-11	11.425195	100.000000
92	-10	11.438205	100.000000
92	-9	11.449975	100.000000
92	-8	11.460507	100.000000
92	-7	11.469799	100.000000
92	-6	11.477853	100.000000
92	-5	11.484667	100.000000
92	-4	11.490243	100.000000
92	-3	11.494579	100.000000
92	-2	11.497677	100.000000
92	-1	11.499535	100.000000
92	0	11.500155	100.000000
92	1	11.499535	100.000000
92	2	11.497677	100.000000
92	3	11.494579	100.000000
92	4	11.490243	100.000000
92	5	11.484667	100.000000
92	6	11.477853	100.000000
92	7	11.469799	100.000000
92	8	11.460507	100.000000
92	9	11.449975	100.000000
92	10	11.438205	100.000000
92	11	11.425195	100.000000
92	12	11.410946	100.000000
92	13	11.395459	100.000000
92	14	11.378732	100.000000
92	15	11.360767	100.000000
92	16	11.341562	100.000000
92	17	11.321119	100.000000
92	18	11.299436	100.000000
92	19	11.276514	100.000000
92	20	11.252354	100.000000
92	21	11.226954	100.000000
92	22	11.200316	100.000000
92	23	11.172438	100.000000
92	24	11.143321	100.000000
92	25	11.112966	100.000000
92	26	11.081371	100.000000
92	27	11.048537	100.000000
92	28	11.014465	100.000000
92	29	10.979153	100.000000
92	30	10.942602	100.000000
92	31	10.904813	100.000000
92	32	10.865784	100.000000
92	33	10.825516	100.000000
92	34	10.784010	100.000000
92	35	10.741264	100.000000
92	36	10.697279	100.000000
92	37	10.652056	100.000000
92	38	10.605593	100.000000
92	39	10.557891	100.000000
92	40	10.508951	100.000000
92	41	10.458771	100.000000
92	42	10.407352	100.000000
92	43	10.354694	100.000000
92	44	10.300798	100.000000
92	45	10.245662	100.000000
92	46	10.189287	100.000000
92	47	10.131674	100.000000
92	48	10.072821	100.000000
92	49	10.012729	100.000000
92	50	9.951398	100.000000
92	51	9.888828	100.000000
92	52	9.825020	100.000000
92	53	9.759972	100.000000
92	54	9.693685	100.000000
92	55	9.626159	100.000000
92	56	9.557395	100.000000
92	57	9.487391	100.000000
92	58	9.416148	100.000000
92	59	9.343666	100.000000
92	60	9.269945	100.000000
92	61	9.194986	100.000000
92	62	9.118787	100.000000
92	63	9.041349	100.000000
92	64	8.962672	100.000000
92	65	8.882756	100.000000
92	66	8.801601	100.000000
92	67	8.719208	100.000000
92	68	8.635575	100.000000
92	69	8.550703	100.000000
92	70	8.464592	100.000000
92	71	8.377242	100.000000
92	72	8.288653	100.000000
92	73	8.198825	100.000000
92	74	8.107758	100.000000
92	75	8.015452	100.000000
92	76	7.921908	100.000000
92	77	7.827124	100.000000
92	78	7.731101	100.000000
92	79	7.633839	100.000000
92	80	7.535338	100.000000
92	81	7.435598	100.000000
92	82	7.334619	100.000000
92	83	7.232401	100.000000
92	84	7.128944	100.000000
92	85	7.024248	100.000000
92	86	6.918313	100.000000
92	87	6.811139	100.000000
92	88	6.702726	100.000000
92	89	6.593074	100.000000
92	90	6.482183	100.000000
92	91	6.370053	100.000000
92	92	6.256684	100.000000
94	-94	6.255497	100.000000
94	-93	6.366492	100.000000
94	-92	6.476300	100.000000
94	-91	6.584920	100.000000
94	-90	6.692354	100.000000
94	-89	6.798600	100.000000
94	-88	6.903659	100.000000
94	-87	7.007531	100.000000
94	-86	7.110216	100.000000
94	-85	7.211714	100.000000
94	-84	7.312025	100.000000
94	-83	7.411149	100.000000
94	-82	7.509085	100.000000
94	-81	7.605835	100.000000
94	-80	7.701397	100.000000
94	-79	7.795772	100.000000
94	-78	7.888960	100.000000
94	-77	7.980961	100.000000
94	-76	8.071775	100.000000
94	-75	8.161402	100.000000
94	-74	8.249842	100.000000
94	-73	8.337094	100.000000
94	-72	8.423160	100.000000
94	-71	8.508038	100.000000
94	-70	8.591729	100.000000
94	-69	8.674234	100.000000
94	-68	8.755551	100.000000
94	-67	8.835680	100.000000
94	-66	8.914623	100.000000
94	-65	8.992379	100.000000
94	-64	9.068948	100.000000
94	-63	9.144329	100.000000
94	-62	9.218523	100.000000
94	-61	9.291531	100.000000
94	-60	9.363351	100.000000
94	-59	9.433984	100.000000
94	-58	9.503430	100.000000
94	-57	9.571689	100.000000
94	-56	9.638760	100.000000
94	-55	9.704645	100.000000
94	-54	9.769342	100.000000
94	-53	9.832853	100.000000
94	-52	9.895176	100.000000
94	-51	9.956312	100.000000
94	-50	10.016261	100.000000
94	-49	10.075023	100.000000
94	-48	10.132598	100.000000
94	-47	10.188986	100.000000
94	-46	10.244186	100.000000
94	-45	10.298200	100.000000
94	-44	10.351026	100.000000
94	-43	10.402665	100.000000
94	-42	10.453118	100.000000
94	-41	10.502383	100.000000
94	-40	10.550461	100.000000
94	-39	10.597351	100.000000
94	-38	10.643055	100.000000
94	-37	10.687572	100.000000
94	-36	10.730901	100.000000
94	-35	10.773044	100.000000
94	-34	10.813999	100.000000
94	-33	10.853767	100.000000
94	-32	10.892348	100.000000
94	-31	10.929742	100.000000
94	-30	10.965949	100.000000
94	-29	11.000969	100.000000
94	-28	11.034801	100.000000
94	-27	11.067447	100.000000
94	-26	11.098905	100.000000
94	-25	11.129177	100.000000
94	-24	11.158261	100.000000
94	-23	11.186158	100.000000
94	-22	11.212868	100.000000
94	-21	11.238391	100.000000
94	-20	11.262726	100.000000
94	-19	11.285875	100.000000
94	-18	11.307837	100.000000
94	-17	11.328611	100.000000
94	-16	11.348198	100.000000
94	-15	11.366599	100.000000
94	-14	11.383812	100.000000
94	-13	11.399838	100.000000
94	-12	11.414676	100.000000
94	-11	11.428328	100.000000
94	-10	11.440793	100.000000
94	-9	11.452070	100.000000
94	-8	11.462161	100.000000
94	-7	11.471064	100.000000
94	-6	11.478780	100.000000
94	-5	11.485310	100.000000
94	-4	11.490652	100.000000
94	-3	11.494806	100.000000
94	-2	11.497774	100.000000
94	-1	11.499555	100.000000
94	0	11.500148	100.000000
94	1	11.499555	100.000000
94	2	11.497774	100.000000
94	3	11.494806	100.000000
94	4	11.490652	100.000000
94	5	11.485310	100.000000
94	6	11.478780	100.000000
94	7	11.471064	100.000000
94	8	11.462161	100.000000
94	9	11.452070	100.000000
94	10	11.440793	100.000000
94	11	11.428328	100.000000
94	12	11.414676	100.000000
94	13	11.399838	100.000000
94	14	11.383812	100.000000
94	15	11.366599	100.000000
94	16	11.348198	100.000000
94	17	11.328611	100.000000
94	18	11.307837	100.000000
94	19	11.285875	100.000000
94	20	11.262726	100.000000
94	21	11.238391	100.000000
94	22	11.212868	100.000000
94	23	11.186158	100.000000
94	24	11.158261	100.000000
94	25	11.129177	100.000000
94	26	11.098905	100.000000
94	27	11.067447	100.000000
94	28	11.034801	100.000000
94	29	11.000969	100.000000
94	30	10.965949	100.000000
94	31	10.929742	100.000000
94	32	10.892348	100.000000
94	33	10.853767	100.000000
94	34	10.813999	100.000000
94	35	10.773044	100.000000
94	36	10.730901	100.000000
94	37	10.687572	100.000000
94	38	10.643055	100.000000
94	39	10.597351	100.000000
94	40	10.550461	100.000000
94	41	10.502383	100.000000
94	42	10.453118	100.000000
94	43	10.402665	100.000000
94	44	10.351026	100.000000
94	45	10.298200	100.000000
94	46	10.244186	100.000000
94	47	10.188986	100.000000
94	48	10.132598	100.000000
94	49	10.075023	100.000000
94	50	10.016261	100.000000
94	51	9.956312	100.000000
94	52	9.895176	100.000000
94	53	9.832853	100.000000
94	54	9.769342	100.000000
94	55	9.704645	100.000000
94	56	9.638760	100.000000
94	57	9.571689	100.000000
94	58	9.503430	100.000000
94	59	9.433984	100.000000
94	60	9.363351	100.000000
94	61	9.291531	100.000000
94	62	9.218523	100.000000
94	63	9.144329	100.000000
94	64	9.068948	100.000000
94	65	8.992379	100.000000
94	66	8.914623	100.000000
94	67	8.835680	100.000000
94	68	8.755551	100.000000
94	69	8.674234	100.000000
94	70	8.591729	100.000000
94	71	8.508038	100.000000
94	72	8.423160	100.000000
94	73	8.337094	100.000000
94	74	8.249842	100.000000
94	75	8.161402	100.000000
94	76	8.071775	100.000000
94	77	7.980961	100.000000
94	78	7.888960	100.000000
94	79	7.795772	100.000000
94	80	7.701397	100.000000
94	81	7.605835	100.000000
94	82	7.509085	100.000000
94	83	7.411149	100.000000
94	84	7.312025	100.000000
94	85	7.211714	100.000000
94	86	7.110216	100.000000
94	87	7.007531	100.000000
94	88	6.903659	100.000000
94	89	6.798600	100.000000
94	90	6.692354	100.000000
94	91	6.584920	100.000000
94	92	6.476300	100.000000
94	93	6.366492	100.000000
94	94	6.255497	100.000000
96	-96	6.254359	100.000000
96	-95	6.363077	100.000000
96	-94	6.470656	100.000000
96	-93	6.577098	100.000000
96	-92	6.682400	100.000000
96	-91	6.786565	100.000000
96	-90	6.889591	100.000000
96	-89	6.991478	100.000000
96	-88	7.092227	100.000000
96	-87	7.191838	100.000000
96	-86	7.290310	100.000000
96	-85	7.387644	100.000000
96	-84	7.483839	100.000000
96	-83	7.578896	100.000000
96	-82	7.672815	100.000000
96	-81	7.765595	100.000000
96	-80	7.857237	100.000000
96	-79	7.947741	100.000000
96	-78	8.037106	100.000000
96	-77	8.125332	100.000000
96	-76	8.212420	100.000000
96	-75	8.298370	100.000000
96	-74	8.383182	100.000000
96	-73	8.466855	100.000000
96	-72	8.549389	100.000000
96	-71	8.630785	100.000000
96	-70	8.711043	100.000000
96	-69	8.790162	100.000000
96	-68	8.868143	100.000000
96	-67	8.944986	100.000000
96	-66	9.020690	100.000000
96	-65	9.095256	100.000000
96	-64	9.168683	100.000000
96	-63	9.240972	100.000000
96	-62	9.312122	100.000000
96	-61	9.382135	100.000000
96	-60	9.451008	100.000000
96	-59	9.518743	100.000000
96	-58	9.585340	100.000000
96	-57	9.650799	100.000000
96	-56	9.715119	100.000000
96	-55	9.778300	100.000000
96	-54	9.840344	100.000000
96	-53	9.901248	100.000000
96	-52	9.961015	100.000000
96	-51	10.019643	100.000000
96	-50	10.077133	100.000000
96	-49	10.133484	100.000000
96	-48	10.188696	100.000000
96	-47	10.242771	100.000000
96	-46	10.295707	100.000000
96	-45	10.347504	100.000000
96	-44	10.398164	100.000000
96	-43	10.447684	100.000000
96	-42	10.496067	100.000000
96	-41	10.543311	100.000000
96	-40	10.589416	100.000000
96	-39	10.634383	100.000000
96	-38	10.678212	100.000000
96	-37	10.720902	100.000000
96	-36	10.762454	100.000000
96	-35	10.802867	100.000000
96	-34	10.842143	100.000000
96	-33	10.880279	100.000000
96	-32	10.917277	100.000000
96	-31	10.953137	100.000000
96	-30	10.987859	100.000000
96	-29	11.021442	100.000000
96	-28	11.053886	100.000000
96	-27	11.085193	100.000000
96	-26	11.115360	100.000000
96	-25	11.144390	100.000000
96	-24	11.172281	100.000000
96	-23	11.199033	100.000000
96	-22	11.224648	100.000000
96	-21	11.249123	100.000000
96	-20	11.272461	100.000000
96	-19	11.294660	100.000000
96	-18	11.315720	100.000000
96	-17	11.335642	100.000000
96	-16	11.354426	100.000000
96	-15	11.372071	100.000000
96	-14	11.388578	100.000000
96	-13	11.403947	100.000000
96	-12	11.418177	100.000000
96	-11	11.431269	100.000000
96	-10	11.443222	100.000000
96	-9	11.454037	100.000000
96	-8	11.463713	100.000000
96	-7	11.472251	100.000000
96	-6	11.479651	100.000000
96	-5	11.485912	100.000000
96	-4	11.491035	100.000000
96	-3	11.495019	100.000000
96	-2	11.497865	100.000000
96	-1	11.499573	100.000000
96	0	11.500142	100.000000
96	1	11.499573	100.000000
96	2	11.497865	100.000000
96	3	11.495019	100.000000
96	4	11.491035	100.000000
96	5	11.485912	100.000000
96	6	11.479651	100.000000
96	7	11.472251	100.000000
96	8	11.463713	100.000000
96	9	11.454037	100.000000
96	10	11.443222	100.000000
96	11	11.431269	100.000000
96	12	11.418177	100.000000
96	13	11.403947	100.000000
96	14	11.388578	100.000000
96	15	11.372071	100.000000
96	16	11.354426	100.000000
96	17	11.335642	100.000000
96	18	11.315720	100.000000
96	19	11.294660	100.000000
96	20	11.272461	100.000000
96	21	11.249123	100.000000
96	22	11.224648	100.000000
96	23	11.199033	100.000000
96	24	11.172281	100.000000
96	25	11.144390	100.000000
96	26	11.115360	100.000000
96	27	11.085193	100.000000
96	28	11.053886	100.000000
96	29	11.021442	100.000000
96	30	10.987859	100.000000
96	31	10.953137	100.000000
96	32	10.917277	100.000000
96	33	10.880279	100.000000
96	34	10.842143	100.000000
96	35	10.802867	100.000000
96	36	10.762454	100.000000
96	37	10.720902	100.000000
96	38	10.678212	100.000000
96	39	10.634383	100.000000
96	40	10.589416	100.000000
96	41	10.543311	100.000000
96	42	10.496067	100.000000
96	43	10.447684	100.000000
96	44	10.398164	100.000000
96	45	10.347504	100.000000
96	46	10.295707	100.000000
96	47	10.242771	100.000000
96	48	10.188696	100.000000
96	49	10.133484	100.000000
96	50	10.077133	100.000000
96	51	10.019643	100.000000
96	52	9.961015	100.000000
96	53	9.901248	100.000000
96	54	9.840344	100.000000
96	55	9.778300	100.000000
96	56	9.715119	100.000000
96	57	9.650799	100.000000
96	58	9.585340	100.000000
96	59	9.518743	100.000000
96	60	9.451008	100.000000
96	61	9.382135	100.000000
96	62	9.312122	100.000000
96	63	9.240972	100.000000
96	64	9.168683	100.000000
96	65	9.095256	100.000000
96	66	9.020690	100.000000
96	67	8.944986	100.000000
96	68	8.868143	100.000000
96	69	8.790162	100.000000
96	70	8.711043	100.000000
96	71	8.630785	100.000000
96	72	8.549389	100.000000
96	73	8.466855	100.000000
96	74	8.383182	100.000000
96	75	8.298370	100.000000
96	76	8.212420	100.000000
96	77	8.125332	100.000000
96	78	8.037106	100.000000
96	79	7.947741	100.000000
96	80	7.857237	100.000000
96	81	7.765595	100.000000
96	82	7.672815	100.000000
96	83	7.578896	100.000000
96	84	7.483839	100.000000
96	85	7.387644	100.000000
96	86	7.290310	100.000000
96	87	7.191838	100.000000
96	88	7.092227	100.000000
96	89	6.991478	100.000000
96	90	6.889591	100.000000
96	91	6.786565	100.000000
96	92	6.682400	100.000000
96	93	6.577098	100.000000
96	94	6.470656	100.000000
96	95	6.363077	100.000000
96	96	6.254359	100.000000
98	-98	6.253266	100.000000
98	-97	6.359799	100.000000
98	-96	6.465239	100.000000
98	-95	6.569586	100.000000
98	-94	6.672841	100.000000
98	-93	6.775003	100.000000
98	-92	6.876073	100.000000
98	-91	6.976049	100.000000
98	-90	7.074934	100.000000
98	-89	7.172725	100.000000
98	-88	7.269424	100.000000
98	-87	7.365030	100.000000
98	-86	7.459544	100.000000
98	-85	7.552965	100.000000
98	-84	7.645293	100.000000
98	-83	7.736529	100.000000
98	-82	7.826672	100.000000
98	-81	7.915722	100.000000
98	-80	8.003680	100.000000
98	-79	8.090545	100.000000
98	-78	8.176317	100.000000
98	-77	8.260997	100.000000
98	-76	8.344584	100.000000
98	-75	8.427079	100.000000
98	-74	8.508481	100.000000
98	-73	8.588790	100.000000
98	-72	8.668007	100.000000
98	-71	8.746131	100.000000
98	-70	8.823162	100.000000
98	-69	8.899101	100.000000
98	-68	8.973947	100.000000
98	-67	9.047700	100.000000
98	-66	9.120361	100.000000
98	-65	9.191929	100.000000
98	-64	9.262404	100.000000
98	-63	9.331787	100.000000
98	-62	9.400077	100.000000
98	-61	9.467275	100.000000
98	-60	9.533380	100.000000
98	-59	9.598392	100.000000
98	-58	9.662312	100.000000
98	-57	9.725139	100.000000
98	-56	9.786873	100.000000
98	-55	9.847514	100.000000
98	-54	9.907064	100.000000
98	-53	9.965520	100.000000
98	-52	10.022884	100.000000
98	-51	10.079155	100.000000
98	-50	10.134333	100.000000
98	-49	10.188419	100.000000
98	-48	10.241412	100.000000
98	-47	10.293313	100.000000
98	-46	10.344121	100.000000
98	-45	10.393836	100.000000
98	-44	10.442458	100.000000
98	-43	10.489988	100.000000
98	-42	10.536426	100.000000
98	-41	10.581770	100.000000
98	-40	10.626022	100.000000
98	-39	10.669182	100.000000
98	-38	10.711249	100.000000
98	-37	10.752223	100.000000
98	-36	10.792104	100.000000
98	-35	10.830893	100.000000
98	-34	10.868589	100.000000
98	-33	10.905193	100.000000
98	-32	10.940704	100.000000
98	-31	10.975122	100.000000
98	-30	11.008447	100.000000
98	-29	11.040680	100.000000
98	-28	11.071821	100.000000
98	-27	11.101868	100.000000
98	-26	11.130823	100.000000
98	-25	11.158686	100.000000
98	-24	11.185455	100.000000
98	-23	11.211133	100.000000
98	-22	11.235717	100.000000
98	-21	11.259209	100.000000
98	-20	11.281608	100.000000
98	-19	11.302915	100.000000
98	-18	11.323128	100.000000
98	-17	11.342250	100.000000
98	-16	11.360278	100.000000
98	-15	11.377214	100.000000
98	-14	11.393058	100.000000
98	-13	11.407808	100.000000
98	-12	11.421466	100.000000
98	-11	11.434032	100.000000
98	-10	11.445504	100.000000
98	-9	11.455885	100.000000
98	-8	11.465172	100.000000
98	-7	11.473367	100.000000
98	-6	11.480469	100.000000
98	-5	11.486479	100.000000
98	-4	11.491395	100.000000
98	-3	11.495220	100.000000
98	-2	11.497951	100.000000
98	-1	11.499590	100.000000
98	0	11.500137	100.000000
98	1	11.499590	100.000000
98	2	11.497951	100.000000
98	3	11.495220	100.000000
98	4	11.491395	100.000000
98	5	11.486479	100.000000
98	6	11.480469	100.000000
98	7	11.473367	100.000000
98	8	11.465172	100.000000
98	9	11.455885	100.000000
98	10	11.445504	100.000000
98	11	11.434032	100.000000
98	12	11.421466	100.000000
98	13	11.407808	100.000000
98	14	11.393058	100.000000
98	15	11.377214	100.000000
98	16	11.360278	100.000000
98	17	11.342250	100.000000
98	18	11.323128	100.000000
98	19	11.302915	100.000000
98	20	11.281608	100.000000
98	21	11.259209	100.000000
98	22	11.235717	100.000000
98	23	11.211133	100.000000
98	24	11.185455	100.000000
98	25	11.158686	100.000000
98	26	11.130823	100.000000
98	27	11.101868	100.000000
98	28	11.071821	100.000000
98	29	11.040680	100.000000
98	30	11.008447	100.000000
98	31	10.975122	100.000000
98	32	10.940704	100.000000
98	33	10.905193	100.000000
98	34	10.868589	100.000000
98	35	10.830893	100.000000
98	36	10.792104	100.000000
98	37	10.752223	100.000000
98	38	10.711249	100.000000
98	39	10.669182	100.000000
98	40	10.626022	100.000000
98	41	10.581770	100.000000
98	42	10.536426	100.000000
98	43	10.489988	100.000000
98	44	10.442458	100.000000
98	45	10.393836	100.000000
98	46	10.344121	100.000000
98	47	10.293313	100.000000
98	48	10.241412	100.000000
98	49	10.188419	100.000000
98	50	10.134333	100.000000
98	51	10.079155	100.000000
98	52	10.022884	100.000000
98	53	9.965520	100.000000
98	54	9.907064	100.000000
98	55	9.847514	100.000000
98	56	9.786873	100.000000
98	57	9.725139	100.000000
98	58	9.662312	100.000000
98	59	9.598392	100.000000
98	60	9.533380	100.000000
98	61	9.467275	100.000000
98	62	9.400077	100.000000
98	63	9.331787	100.000000
98	64	9.262404	100.000000
98	65	9.191929	100.000000
98	66	9.120361	100.000000
98	67	9.047700	100.000000
98	68	8.973947	100.000000
98	69	8.899101	100.000000
98	70	8.823162	100.000000
98	71	8.746131	100.000000
98	72	8.668007	100.000000
98	73	8.588790	100.000000
98	74	8.508481	100.000000
98	75	8.427079	100.000000
98	76	8.344584	100.000000
98	77	8.260997	100.000000
98	78	8.176317	100.000000
98	79	8.090545	100.000000
98	80	8.003680	100.000000
98	81	7.915722	100.000000
98	82	7.826672	100.000000
98	83	7.736529	100.000000
98	84	7.645293	100.000000
98	85	7.552965	100.000000
98	86	7.459544	100.000000
98	87	7.365030	100.000000
98	88	7.269424	100.000000
98	89	7.172725	100.000000
98	90	7.074934	100.000000
98	91	6.976049	100.000000
98	92	6.876073	100.000000
98	93	6.775003	100.000000
98	94	6.672841	100.000000
98	95	6.569586	100.000000
98	96	6.465239	100.000000
98	97	6.359799	100.000000
98	98	6.253266	100.000000
