0	0	9.733333	1.043716
2	-2	7.714286	2.055203
2	-1	10.742857	3.066690
2	0	11.752381	4.078176
2	1	10.742857	5.089663
2	2	7.714286	6.101150
4	-4	7.163636	7.041253
4	-3	9.090909	7.981355
4	-2	10.467532	8.921458
4	-1	11.293506	9.861561
4	0	11.568831	10.801663
4	1	11.293506	11.741766
4	2	10.467532	12.681868
4	3	9.090909	13.621971
4	4	7.163636	14.562074
6	-6	6.906667	15.400042
6	-5	8.320000	16.238010
6	-4	9.476364	17.075978
6	-3	10.375758	17.913946
6	-2	11.018182	18.751914
6	-1	11.403636	19.589882
6	0	11.532121	20.427850
6	1	11.403636	21.265818
6	2	11.018182	22.103786
6	3	10.375758	22.941754
6	4	9.476364	23.779723
6	5	8.320000	24.617691
6	6	6.906667	25.455659
8	-8	6.757895	26.171995
8	-7	7.873684	26.888331
8	-6	8.840702	27.604667
8	-5	9.658947	28.321003
8	-4	10.328421	29.037339
8	-3	10.849123	29.753676
8	-2	11.221053	30.470012
8	-1	11.444211	31.186348
8	0	11.518596	31.902684
8	1	11.444211	32.619020
8	2	11.221053	33.335356
8	3	10.849123	34.051692
8	4	10.328421	34.768028
8	5	9.658947	35.484365
8	6	8.840702	36.200701
8	7	7.873684	36.917037
8	8	6.757895	37.633373
10	-10	6.660870	38.220651
10	-9	7.582609	38.807928
10	-8	8.407323	39.395206
10	-7	9.135011	39.982483
10	-6	9.765675	40.569761
10	-5	10.299314	41.157038
10	-4	10.735927	41.744316
10	-3	11.075515	42.331593
10	-2	11.318078	42.918871
10	-1	11.463616	43.506149
10	0	11.512128	44.093426
10	1	11.463616	44.680704
10	2	11.318078	45.267981
10	3	11.075515	45.855259
10	4	10.735927	46.442536
10	5	10.299314	47.029814
10	6	9.765675	47.617091
10	7	9.135011	48.204369
10	8	8.407323	48.791647
10	9	7.582609	49.378924
10	10	6.660870	49.966202
12	-12	6.592593	50.427952
12	-11	7.377778	50.889702
12	-10	8.094686	51.351452
12	-9	8.743317	51.813203
12	-8	9.323671	52.274953
12	-7	9.835749	52.736703
12	-6	10.279549	53.198453
12	-5	10.655072	53.660204
12	-4	10.962319	54.121954
12	-3	11.201288	54.583704
12	-2	11.371981	55.045454
12	-1	11.474396	55.507204
12	0	11.508535	55.968955
12	1	11.474396	56.430705
12	2	11.371981	56.892455
12	3	11.201288	57.354205
12	4	10.962319	57.815956
12	5	10.655072	58.277706
12	6	10.279549	58.739456
12	7	9.835749	59.201206
12	8	9.323671	59.662957
12	9	8.743317	60.124707
12	10	8.094686	60.586457
12	11	7.377778	61.048207
12	12	6.592593	61.509957
14	-14	6.541935	61.858141
14	-13	7.225806	62.206324
14	-12	7.859020	62.554508
14	-11	8.441577	62.902691
14	-10	8.973477	63.250874
14	-9	9.454719	63.599058
14	-8	9.885305	63.947241
14	-7	10.265233	64.295424
14	-6	10.594504	64.643608
14	-5	10.873118	64.991791
14	-4	11.101075	65.339974
14	-3	11.278375	65.688158
14	-2	11.405018	66.036341
14	-1	11.481004	66.384524
14	0	11.506332	66.732708
14	1	11.481004	67.080891
14	2	11.405018	67.429075
14	3	11.278375	67.777258
14	4	11.101075	68.125441
14	5	10.873118	68.473625
14	6	10.594504	68.821808
14	7	10.265233	69.169991
14	8	9.885305	69.518175
14	9	9.454719	69.866358
14	10	8.973477	70.214541
14	11	8.441577	70.562725
14	12	7.859020	70.910908
14	13	7.225806	71.259091
14	14	6.541935	71.607275
16	-16	6.502857	71.859069
16	-15	7.108571	72.110864
16	-14	7.675207	72.362658
16	-13	8.202765	72.614452
16	-12	8.691244	72.866247
16	-11	9.140645	73.118041
16	-10	9.550968	73.369836
16	-9	9.922212	73.621630
16	-8	10.254378	73.873424
16	-7	10.547465	74.125219
16	-6	10.801475	74.377013
16	-5	11.016406	74.628808
16	-4	11.192258	74.880602
16	-3	11.329032	75.132396
16	-2	11.426728	75.384191
16	-1	11.485346	75.635985
16	0	11.504885	75.887780
16	1	11.485346	76.139574
16	2	11.426728	76.391368
16	3	11.329032	76.643163
16	4	11.192258	76.894957
16	5	11.016406	77.146752
16	6	10.801475	77.398546
16	7	10.547465	77.650340
16	8	10.254378	77.902135
16	9	9.922212	78.153929
16	10	9.550968	78.405723
16	11	9.140645	78.657518
16	12	8.691244	78.909312
16	13	8.202765	79.161107
16	14	7.675207	79.412901
16	15	7.108571	79.664695
16	16	6.502857	79.916490
18	-18	6.471795	80.091121
18	-17	7.015385	80.265752
18	-16	7.527912	80.440383
18	-15	8.009377	80.615014
18	-14	8.459780	80.789645
18	-13	8.879121	80.964276
18	-12	9.267399	81.138907
18	-11	9.624615	81.313538
18	-10	9.950769	81.488169
18	-9	10.245861	81.662800
18	-8	10.509890	81.837431
18	-7	10.742857	82.012062
18	-6	10.944762	82.186693
18	-5	11.115604	82.361324
18	-4	11.255385	82.535954
18	-3	11.364103	82.710585
18	-2	11.441758	82.885216
18	-1	11.488352	83.059847
18	0	11.503883	83.234478
18	1	11.488352	83.409109
18	2	11.441758	83.583740
18	3	11.364103	83.758371
18	4	11.255385	83.933002
18	5	11.115604	84.107633
18	6	10.944762	84.282264
18	7	10.742857	84.456895
18	8	10.509890	84.631526
18	9	10.245861	84.806157
18	10	9.950769	84.980788
18	11	9.624615	85.155419
18	12	9.267399	85.330050
18	13	8.879121	85.504681
18	14	8.459780	85.679312
18	15	8.009377	85.853943
18	16	7.527912	86.028574
18	17	7.015385	86.203205
18	18	6.471795	86.377836
20	-20	6.446512	86.493990
20	-19	6.939535	86.610144
20	-18	7.407275	86.726298
20	-17	7.849732	86.842451
20	-16	8.266905	86.958605
20	-15	8.658795	87.074759
20	-14	9.025403	87.190913
20	-13	9.366726	87.307067
20	-12	9.682767	87.423221
20	-11	9.973524	87.539375
20	-10	10.238998	87.655528
20	-9	10.479189	87.771682
20	-8	10.694097	87.887836
20	-7	10.883721	88.003990
20	-6	11.048062	88.120144
20	-5	11.187120	88.236298
20	-4	11.300894	88.352452
20	-3	11.389386	88.468606
20	-2	11.452594	88.584759
20	-1	11.490519	88.700913
20	0	11.503160	88.817067
20	1	11.490519	88.933221
20	2	11.452594	89.049375
20	3	11.389386	89.165529
20	4	11.300894	89.281683
20	5	11.187120	89.397836
20	6	11.048062	89.513990
20	7	10.883721	89.630144
20	8	10.694097	89.746298
20	9	10.479189	89.862452
20	10	10.238998	89.978606
20	11	9.973524	90.094760
20	12	9.682767	90.210914
20	13	9.366726	90.327067
20	14	9.025403	90.443221
20	15	8.658795	90.559375
20	16	8.266905	90.675529
20	17	7.849732	90.791683
20	18	7.407275	90.907837
20	19	6.939535	91.023991
20	20	6.446512	91.140144
22	-22	6.425532	91.214238
22	-21	6.876596	91.288333
22	-20	7.306680	91.362427
22	-19	7.715784	91.436521
22	-18	8.103909	91.510615
22	-17	8.471054	91.584709
22	-16	8.817219	91.658803
22	-15	9.142405	91.732897
22	-14	9.446611	91.806991
22	-13	9.729837	91.881085
22	-12	9.992083	91.955179
22	-11	10.233350	92.029273
22	-10	10.453637	92.103367
22	-9	10.652944	92.177461
22	-8	10.831272	92.251555
22	-7	10.988619	92.325649
22	-6	11.124988	92.399743
22	-5	11.240376	92.473837
22	-4	11.334785	92.547931
22	-3	11.408214	92.622025
22	-2	11.460663	92.696119
22	-1	11.492133	92.770213
22	0	11.502622	92.844307
22	1	11.492133	92.918401
22	2	11.460663	92.992495
22	3	11.408214	93.066589
22	4	11.334785	93.140683
22	5	11.240376	93.214777
22	6	11.124988	93.288871
22	7	10.988619	93.362965
22	8	10.831272	93.437059
22	9	10.652944	93.511153
22	10	10.453637	93.585247
22	11	10.233350	93.659342
22	12	9.992083	93.733436
22	13	9.729837	93.807530
22	14	9.446611	93.881624
22	15	9.142405	93.955718
22	16	8.817219	94.029812
22	17	8.471054	94.103906
22	18	8.103909	94.178000
22	19	7.715784	94.252094
22	20	7.306680	94.326188
22	21	6.876596	94.400282
22	22	6.425532	94.474376
24	-24	6.407843	94.519704
24	-23	6.823529	94.565033
24	-22	7.221527	94.610361
24	-21	7.601836	94.655689
24	-20	7.964456	94.701018
24	-19	8.309387	94.746346
24	-18	8.636629	94.791674
24	-17	8.946183	94.837003
24	-16	9.238048	94.882331
24	-15	9.512224	94.927659
24	-14	9.768711	94.972988
24	-13	10.007509	95.018316
24	-12	10.228619	95.063644
24	-11	10.432040	95.108973
24	-10	10.617772	95.154301
24	-9	10.785816	95.199630
24	-8	10.936170	95.244958
24	-7	11.068836	95.290286
24	-6	11.183813	95.335615
24	-5	11.281101	95.380943
24	-4	11.360701	95.426271
24	-3	11.422612	95.471600
24	-2	11.466834	95.516928
24	-1	11.493367	95.562256
24	0	11.502211	95.607585
24	1	11.493367	95.652913
24	2	11.466834	95.698241
24	3	11.422612	95.743570
24	4	11.360701	95.788898
24	5	11.281101	95.834226
24	6	11.183813	95.879555
24	7	11.068836	95.924883
24	8	10.936170	95.970212
24	9	10.785816	96.015540
24	10	10.617772	96.060868
24	11	10.432040	96.106197
24	12	10.228619	96.151525
24	13	10.007509	96.196853
24	14	9.768711	96.242182
24	15	9.512224	96.287510
24	16	9.238048	96.332838
24	17	8.946183	96.378167
24	18	8.636629	96.423495
24	19	8.309387	96.468823
24	20	7.964456	96.514152
24	21	7.601836	96.559480
24	22	7.221527	96.604809
24	23	6.823529	96.650137
24	24	6.407843	96.695465
26	-26	6.392727	96.722060
26	-25	6.778182	96.748654
26	-24	7.148520	96.775249
26	-23	7.503743	96.801844
26	-22	7.843850	96.828438
26	-21	8.168841	96.855033
26	-20	8.478717	96.881628
26	-19	8.773476	96.908222
26	-18	9.053119	96.934817
26	-17	9.317647	96.961411
26	-16	9.567059	96.988006
26	-15	9.801355	97.014601
26	-14	10.020535	97.041195
26	-13	10.224599	97.067790
26	-12	10.413547	97.094385
26	-11	10.587380	97.120979
26	-10	10.746096	97.147574
26	-9	10.889697	97.174168
26	-8	11.018182	97.200763
26	-7	11.131551	97.227358
26	-6	11.229804	97.253952
26	-5	11.312941	97.280547
26	-4	11.380963	97.307142
26	-3	11.433868	97.333736
26	-2	11.471658	97.360331
26	-1	11.494332	97.386925
26	0	11.501889	97.413520
26	1	11.494332	97.440115
26	2	11.471658	97.466709
26	3	11.433868	97.493304
26	4	11.380963	97.519899
26	5	11.312941	97.546493
26	6	11.229804	97.573088
26	7	11.131551	97.599682
26	8	11.018182	97.626277
26	9	10.889697	97.652872
26	10	10.746096	97.679466
26	11	10.587380	97.706061
26	12	10.413547	97.732656
26	13	10.224599	97.759250
26	14	10.020535	97.785845
26	15	9.801355	97.812439
26	16	9.567059	97.839034
26	17	9.317647	97.865629
26	18	9.053119	97.892223
26	19	8.773476	97.918818
26	20	8.478717	97.945413
26	21	8.168841	97.972007
26	22	7.843850	97.998602
26	23	7.503743	98.025196
26	24	7.148520	98.051791
26	25	6.778182	98.078386
26	26	6.392727	98.104980
28	-28	6.379661	98.119945
28	-27	6.738983	98.134909
28	-26	7.085239	98.149873
28	-25	7.418428	98.164837
28	-24	7.738552	98.179802
28	-23	8.045609	98.194766
28	-22	8.339599	98.209730
28	-21	8.620524	98.224694
28	-20	8.888382	98.239658
28	-19	9.143174	98.254623
28	-18	9.384900	98.269587
28	-17	9.613559	98.284551
28	-16	9.829153	98.299515
28	-15	10.031680	98.314480
28	-14	10.221140	98.329444
28	-13	10.397535	98.344408
28	-12	10.560863	98.359372
28	-11	10.711125	98.374337
28	-10	10.848320	98.389301
28	-9	10.972450	98.404265
28	-8	11.083513	98.419229
28	-7	11.181510	98.434194
28	-6	11.266441	98.449158
28	-5	11.338305	98.464122
28	-4	11.397103	98.479086
28	-3	11.442835	98.494051
28	-2	11.475501	98.509015
28	-1	11.495100	98.523979
28	0	11.501633	98.538943
28	1	11.495100	98.553908
28	2	11.475501	98.568872
28	3	11.442835	98.583836
28	4	11.397103	98.598800
28	5	11.338305	98.613765
28	6	11.266441	98.628729
28	7	11.181510	98.643693
28	8	11.083513	98.658657
28	9	10.972450	98.673622
28	10	10.848320	98.688586
28	11	10.711125	98.703550
28	12	10.560863	98.718514
28	13	10.397535	98.733479
28	14	10.221140	98.748443
28	15	10.031680	98.763407
28	16	9.829153	98.778371
28	17	9.613559	98.793336
28	18	9.384900	98.808300
28	19	9.143174	98.823264
28	20	8.888382	98.838228
28	21	8.620524	98.853193
28	22	8.339599	98.868157
28	23	8.045609	98.883121
28	24	7.738552	98.898085
28	25	7.418428	98.913050
28	26	7.085239	98.928014
28	27	6.738983	98.942978
28	28	6.379661	98.957942
30	-30	6.368254	98.966018
30	-29	6.704762	98.974093
30	-28	7.029863	98.982168
30	-27	7.343557	98.990243
30	-26	7.645843	98.998318
30	-25	7.936723	99.006394
30	-24	8.216196	99.014469
30	-23	8.484262	99.022544
30	-22	8.740920	99.030619
30	-21	8.986172	99.038694
30	-20	9.220016	99.046770
30	-19	9.442454	99.054845
30	-18	9.653484	99.062920
30	-17	9.853107	99.070995
30	-16	10.041324	99.079070
30	-15	10.218133	99.087146
30	-14	10.383535	99.095221
30	-13	10.537530	99.103296
30	-12	10.680118	99.111371
30	-11	10.811299	99.119446
30	-10	10.931073	99.127522
30	-9	11.039440	99.135597
30	-8	11.136400	99.143672
30	-7	11.221953	99.151747
30	-6	11.296099	99.159822
30	-5	11.358838	99.167898
30	-4	11.410169	99.175973
30	-3	11.450094	99.184048
30	-2	11.478612	99.192123
30	-1	11.495722	99.200198
30	0	11.501426	99.208274
30	1	11.495722	99.216349
30	2	11.478612	99.224424
30	3	11.450094	99.232499
30	4	11.410169	99.240574
30	5	11.358838	99.248650
30	6	11.296099	99.256725
30	7	11.221953	99.264800
30	8	11.136400	99.272875
30	9	11.039440	99.280950
30	10	10.931073	99.289025
30	11	10.811299	99.297101
30	12	10.680118	99.305176
30	13	10.537530	99.313251
30	14	10.383535	99.321326
30	15	10.218133	99.329401
30	16	10.041324	99.337477
30	17	9.853107	99.345552
30	18	9.653484	99.353627
30	19	9.442454	99.361702
30	20	9.220016	99.369777
30	21	8.986172	99.377853
30	22	8.740920	99.385928
30	23	8.484262	99.394003
30	24	8.216196	99.402078
30	25	7.936723	99.410153
30	26	7.645843	99.418229
30	27	7.343557	99.426304
30	28	7.029863	99.434379
30	29	6.704762	99.442454
30	30	6.368254	99.450529
32	-32	6.358209	99.454709
32	-31	6.674627	99.458888
32	-30	6.981000	99.463067
32	-29	7.277328	99.467246
32	-28	7.563611	99.471425
32	-27	7.839848	99.475604
32	-26	8.106041	99.479784
32	-25	8.362189	99.483963
32	-24	8.608292	99.488142
32	-23	8.844350	99.492321
32	-22	9.070362	99.496500
32	-21	9.286330	99.500679
32	-20	9.492253	99.504858
32	-19	9.688131	99.509038
32	-18	9.873964	99.513217
32	-17	10.049751	99.517396
32	-16	10.215494	99.521575
32	-15	10.371192	99.525754
32	-14	10.516844	99.529933
32	-13	10.652452	99.534113
32	-12	10.778015	99.538292
32	-11	10.893532	99.542471
32	-10	10.999005	99.546650
32	-9	11.094433	99.550829
32	-8	11.179815	99.555008
32	-7	11.255153	99.559187
32	-6	11.320445	99.563367
32	-5	11.375693	99.567546
32	-4	11.420896	99.571725
32	-3	11.456053	99.575904
32	-2	11.481166	99.580083
32	-1	11.496233	99.584262
32	0	11.501256	99.588442
32	1	11.496233	99.592621
32	2	11.481166	99.596800
32	3	11.456053	99.600979
32	4	11.420896	99.605158
32	5	11.375693	99.609337
32	6	11.320445	99.613516
32	7	11.255153	99.617696
32	8	11.179815	99.621875
32	9	11.094433	99.626054
32	10	10.999005	99.630233
32	11	10.893532	99.634412
32	12	10.778015	99.638591
32	13	10.652452	99.642771
32	14	10.516844	99.646950
32	15	10.371192	99.651129
32	16	10.215494	99.655308
32	17	10.049751	99.659487
32	18	9.873964	99.663666
32	19	9.688131	99.667846
32	20	9.492253	99.672025
32	21	9.286330	99.676204
32	22	9.070362	99.680383
32	23	8.844350	99.684562
32	24	8.608292	99.688741
32	25	8.362189	99.692920
32	26	8.106041	99.697100
32	27	7.839848	99.701279
32	28	7.563611	99.705458
32	29	7.277328	99.709637
32	30	6.981000	99.713816
32	31	6.674627	99.717995
32	32	6.358209	99.722175
34	-34	6.349296	99.724249
34	-33	6.647887	99.726323
34	-32	6.937566	99.728397
34	-31	7.218331	99.730472
34	-30	7.490183	99.732546
34	-29	7.753122	99.734620
34	-28	8.007147	99.736694
34	-27	8.252260	99.738769
34	-26	8.488459	99.740843
34	-25	8.715745	99.742917
34	-24	8.934118	99.744991
34	-23	9.143578	99.747066
34	-22	9.344124	99.749140
34	-21	9.535758	99.751214
34	-20	9.718478	99.753288
34	-19	9.892285	99.755363
34	-18	10.057179	99.757437
34	-17	10.213160	99.759511
34	-16	10.360227	99.761585
34	-15	10.498381	99.763660
34	-14	10.627622	99.765734
34	-13	10.747950	99.767808
34	-12	10.859365	99.769882
34	-11	10.961867	99.771957
34	-10	11.055455	99.774031
34	-9	11.140130	99.776105
34	-8	11.215892	99.778179
34	-7	11.282741	99.780254
34	-6	11.340677	99.782328
34	-5	11.389699	99.784402
34	-4	11.429809	99.786476
34	-3	11.461005	99.788551
34	-2	11.483288	99.790625
34	-1	11.496658	99.792699
34	0	11.501114	99.794773
34	1	11.496658	99.796848
34	2	11.483288	99.798922
34	3	11.461005	99.800996
34	4	11.429809	99.803070
34	5	11.389699	99.805145
34	6	11.340677	99.807219
34	7	11.282741	99.809293
34	8	11.215892	99.811367
34	9	11.140130	99.813442
34	10	11.055455	99.815516
34	11	10.961867	99.817590
34	12	10.859365	99.819664
34	13	10.747950	99.821739
34	14	10.627622	99.823813
34	15	10.498381	99.825887
34	16	10.360227	99.827961
34	17	10.213160	99.830036
34	18	10.057179	99.832110
34	19	9.892285	99.834184
34	20	9.718478	99.836258
34	21	9.535758	99.838333
34	22	9.344124	99.840407
34	23	9.143578	99.842481
34	24	8.934118	99.844555
34	25	8.715745	99.846630
34	26	8.488459	99.848704
34	27	8.252260	99.850778
34	28	8.007147	99.852852
34	29	7.753122	99.854927
34	30	7.490183	99.857001
34	31	7.218331	99.859075
34	32	6.937566	99.861149
34	33	6.647887	99.863224
34	34	6.349296	99.865298
36	-36	6.341333	99.866285
36	-35	6.624000	99.867272
36	-34	6.898704	99.868260
36	-33	7.165446	99.869247
36	-32	7.424225	99.870235
36	-31	7.675042	99.871222
36	-30	7.917897	99.872209
36	-29	8.152789	99.873197
36	-28	8.379718	99.874184
36	-27	8.598685	99.875171
36	-26	8.809690	99.876159
36	-25	9.012732	99.877146
36	-24	9.207812	99.878133
36	-23	9.394930	99.879121
36	-22	9.574085	99.880108
36	-21	9.745277	99.881095
36	-20	9.908507	99.882083
36	-19	10.063775	99.883070
36	-18	10.211080	99.884057
36	-17	10.350423	99.885045
36	-16	10.481803	99.886032
36	-15	10.605221	99.887019
36	-14	10.720676	99.888007
36	-13	10.828169	99.888994
36	-12	10.927700	99.889982
36	-11	11.019268	99.890969
36	-10	11.102873	99.891956
36	-9	11.178516	99.892944
36	-8	11.246197	99.893931
36	-7	11.305915	99.894918
36	-6	11.357671	99.895906
36	-5	11.401465	99.896893
36	-4	11.437296	99.897880
36	-3	11.465164	99.898868
36	-2	11.485070	99.899855
36	-1	11.497014	99.900842
36	0	11.500995	99.901830
36	1	11.497014	99.902817
36	2	11.485070	99.903804
36	3	11.465164	99.904792
36	4	11.437296	99.905779
36	5	11.401465	99.906766
36	6	11.357671	99.907754
36	7	11.305915	99.908741
36	8	11.246197	99.909729
36	9	11.178516	99.910716
36	10	11.102873	99.911703
36	11	11.019268	99.912691
36	12	10.927700	99.913678
36	13	10.828169	99.914665
36	14	10.720676	99.915653
36	15	10.605221	99.916640
36	16	10.481803	99.917627
36	17	10.350423	99.918615
36	18	10.211080	99.919602
36	19	10.063775	99.920589
36	20	9.908507	99.921577
36	21	9.745277	99.922564
36	22	9.574085	99.923551
36	23	9.394930	99.924539
36	24	9.207812	99.925526
36	25	9.012732	99.926513
36	26	8.809690	99.927501
36	27	8.598685	99.928488
36	28	8.379718	99.929475
36	29	8.152789	99.930463
36	30	7.917897	99.931450
36	31	7.675042	99.932438
36	32	7.424225	99.933425
36	33	7.165446	99.934412
36	34	6.898704	99.935400
36	35	6.624000	99.936387
36	36	6.341333	99.937374
38	-38	6.334177	99.937825
38	-37	6.602532	99.938276
38	-36	6.863730	99.938726
38	-35	7.117772	99.939177
38	-34	7.364658	99.939628
38	-33	7.604388	99.940079
38	-32	7.836962	99.940529
38	-31	8.062380	99.940980
38	-30	8.280641	99.941431
38	-29	8.491747	99.941882
38	-28	8.695696	99.942332
38	-27	8.892489	99.942783
38	-26	9.082127	99.943234
38	-25	9.264608	99.943685
38	-24	9.439932	99.944135
38	-23	9.608101	99.944586
38	-22	9.769114	99.945037
38	-21	9.922970	99.945487
38	-20	10.069671	99.945938
38	-19	10.209215	99.946389
38	-18	10.341603	99.946840
38	-17	10.466835	99.947290
38	-16	10.584911	99.947741
38	-15	10.695831	99.948192
38	-14	10.799595	99.948643
38	-13	10.896203	99.949093
38	-12	10.985654	99.949544
38	-11	11.067949	99.949995
38	-10	11.143089	99.950445
38	-9	11.211072	99.950896
38	-8	11.271899	99.951347
38	-7	11.325570	99.951798
38	-6	11.372084	99.952248
38	-5	11.411443	99.952699
38	-4	11.443646	99.953150
38	-3	11.468692	99.953601
38	-2	11.486582	99.954051
38	-1	11.497316	99.954502
38	0	11.500895	99.954953
38	1	11.497316	99.955404
38	2	11.486582	99.955854
38	3	11.468692	99.956305
38	4	11.443646	99.956756
38	5	11.411443	99.957206
38	6	11.372084	99.957657
38	7	11.325570	99.958108
38	8	11.271899	99.958559
38	9	11.211072	99.959009
38	10	11.143089	99.959460
38	11	11.067949	99.959911
38	12	10.985654	99.960362
38	13	10.896203	99.960812
38	14	10.799595	99.961263
38	15	10.695831	99.961714
38	16	10.584911	99.962165
38	17	10.466835	99.962615
38	18	10.341603	99.963066
38	19	10.209215	99.963517
38	20	10.069671	99.963967
38	21	9.922970	99.964418
38	22	9.769114	99.964869
38	23	9.608101	99.965320
38	24	9.439932	99.965770
38	25	9.264608	99.966221
38	26	9.082127	99.966672
38	27	8.892489	99.967123
38	28	8.695696	99.967573
38	29	8.491747	99.968024
38	30	8.280641	99.968475
38	31	8.062380	99.968925
38	32	7.836962	99.969376
38	33	7.604388	99.969827
38	34	7.364658	99.970278
38	35	7.117772	99.970728
38	36	6.863730	99.971179
38	37	6.602532	99.971630
38	38	6.334177	99.972081
40	-40	6.327711	99.972278
40	-39	6.583133	99.972475
40	-38	6.832088	99.972673
40	-37	7.074577	99.972870
40	-36	7.310599	99.973067
40	-35	7.540156	99.973265
40	-34	7.763245	99.973462
40	-33	7.979869	99.973659
40	-32	8.190026	99.973857
40	-31	8.393717	99.974054
40	-30	8.590941	99.974251
40	-29	8.781699	99.974449
40	-28	8.965991	99.974646
40	-27	9.143816	99.974843
40	-26	9.315175	99.975041
40	-25	9.480067	99.975238
40	-24	9.638493	99.975435
40	-23	9.790453	99.975633
40	-22	9.935946	99.975830
40	-21	10.074973	99.976027
40	-20	10.207534	99.976225
40	-19	10.333628	99.976422
40	-18	10.453256	99.976619
40	-17	10.566418	99.976817
40	-16	10.673113	99.977014
40	-15	10.773341	99.977211
40	-14	10.867104	99.977409
40	-13	10.954400	99.977606
40	-12	11.035230	99.977803
40	-11	11.109593	99.978001
40	-10	11.177490	99.978198
40	-9	11.238920	99.978395
40	-8	11.293884	99.978593
40	-7	11.342382	99.978790
40	-6	11.384414	99.978987
40	-5	11.419979	99.979185
40	-4	11.449077	99.979382
40	-3	11.471710	99.979579
40	-2	11.487876	99.979777
40	-1	11.497575	99.979974
40	0	11.500808	99.980171
40	1	11.497575	99.980369
40	2	11.487876	99.980566
40	3	11.471710	99.980763
40	4	11.449077	99.980961
40	5	11.419979	99.981158
40	6	11.384414	99.981355
40	7	11.342382	99.981553
40	8	11.293884	99.981750
40	9	11.238920	99.981947
40	10	11.177490	99.982145
40	11	11.109593	99.982342
40	12	11.035230	99.982539
40	13	10.954400	99.982737
40	14	10.867104	99.982934
40	15	10.773341	99.983131
40	16	10.673113	99.983329
40	17	10.566418	99.983526
40	18	10.453256	99.983723
40	19	10.333628	99.983921
40	20	10.207534	99.984118
40	21	10.074973	99.984315
40	22	9.935946	99.984513
40	23	9.790453	99.984710
40	24	9.638493	99.984907
40	25	9.480067	99.985105
40	26	9.315175	99.985302
40	27	9.143816	99.985499
40	28	8.965991	99.985697
40	29	8.781699	99.985894
40	30	8.590941	99.986091
40	31	8.393717	99.986289
40	32	8.190026	99.986486
40	33	7.979869	99.986683
40	34	7.763245	99.986881
40	35	7.540156	99.987078
40	36	7.310599	99.987275
40	37	7.074577	99.987473
40	38	6.832088	99.987670
40	39	6.583133	99.987867
40	40	6.327711	99.988065
42	-42	6.321839	99.988148
42	-41	6.565517	99.988230
42	-40	6.803324	99.988313
42	-39	7.035258	99.988396
42	-38	7.261321	99.988479
42	-37	7.481512	99.988562
42	-36	7.695832	99.988645
42	-35	7.904279	99.988727
42	-34	8.106855	99.988810
42	-33	8.303559	99.988893
42	-32	8.494391	99.988976
42	-31	8.679352	99.989059
42	-30	8.858441	99.989142
42	-29	9.031658	99.989225
42	-28	9.199003	99.989307
42	-27	9.360476	99.989390
42	-26	9.516078	99.989473
42	-25	9.665808	99.989556
42	-24	9.809666	99.989639
42	-23	9.947653	99.989722
42	-22	10.079767	99.989805
42	-21	10.206010	99.989887
42	-20	10.326381	99.989970
42	-19	10.440881	99.990053
42	-18	10.549508	99.990136
42	-17	10.652264	99.990219
42	-16	10.749148	99.990302
42	-15	10.840161	99.990385
42	-14	10.925301	99.990467
42	-13	11.004570	99.990550
42	-12	11.077967	99.990633
42	-11	11.145492	99.990716
42	-10	11.207146	99.990799
42	-9	11.262928	99.990882
42	-8	11.312838	99.990965
42	-7	11.356876	99.991047
42	-6	11.395042	99.991130
42	-5	11.427337	99.991213
42	-4	11.453760	99.991296
42	-3	11.474311	99.991379
42	-2	11.488990	99.991462
42	-1	11.497798	99.991545
42	0	11.500734	99.991627
42	1	11.497798	99.991710
42	2	11.488990	99.991793
42	3	11.474311	99.991876
42	4	11.453760	99.991959
42	5	11.427337	99.992042
42	6	11.395042	99.992125
42	7	11.356876	99.992207
42	8	11.312838	99.992290
42	9	11.262928	99.992373
42	10	11.207146	99.992456
42	11	11.145492	99.992539
42	12	11.077967	99.992622
42	13	11.004570	99.992705
42	14	10.925301	99.992787
42	15	10.840161	99.992870
42	16	10.749148	99.992953
42	17	10.652264	99.993036
42	18	10.549508	99.993119
42	19	10.440881	99.993202
42	20	10.326381	99.993285
42	21	10.206010	99.993367
42	22	10.079767	99.993450
42	23	9.947653	99.993533
42	24	9.809666	99.993616
42	25	9.665808	99.993699
42	26	9.516078	99.993782
42	27	9.360476	99.993865
42	28	9.199003	99.993947
42	29	9.031658	99.994030
42	30	8.858441	99.994113
42	31	8.679352	99.994196
42	32	8.494391	99.994279
42	33	8.303559	99.994362
42	34	8.106855	99.994445
42	35	7.904279	99.994527
42	36	7.695832	99.994610
42	37	7.481512	99.994693
42	38	7.261321	99.994776
42	39	7.035258	99.994859
42	40	6.803324	99.994942
42	41	6.565517	99.995025
42	42	6.321839	99.995107
44	-44	6.316484	99.995141
44	-43	6.549451	99.995174
44	-42	6.777062	99.995207
44	-41	6.999318	99.995241
44	-40	7.216218	99.995274
44	-39	7.427763	99.995308
44	-38	7.633952	99.995341
44	-37	7.834786	99.995374
44	-36	8.030264	99.995408
44	-35	8.220387	99.995441
44	-34	8.405153	99.995474
44	-33	8.584565	99.995508
44	-32	8.758621	99.995541
44	-31	8.927321	99.995574
44	-30	9.090666	99.995608
44	-29	9.248655	99.995641
44	-28	9.401288	99.995675
44	-27	9.548566	99.995708
44	-26	9.690489	99.995741
44	-25	9.827056	99.995775
44	-24	9.958267	99.995808
44	-23	10.084123	99.995841
44	-22	10.204623	99.995875
44	-21	10.319768	99.995908
44	-20	10.429557	99.995942
44	-19	10.533990	99.995975
44	-18	10.633068	99.996008
44	-17	10.726790	99.996042
44	-16	10.815157	99.996075
44	-15	10.898168	99.996108
44	-14	10.975824	99.996142
44	-13	11.048124	99.996175
44	-12	11.115069	99.996208
44	-11	11.176658	99.996242
44	-10	11.232891	99.996275
44	-9	11.283769	99.996309
44	-8	11.329291	99.996342
44	-7	11.369458	99.996375
44	-6	11.404269	99.996409
44	-5	11.433725	99.996442
44	-4	11.457825	99.996475
44	-3	11.476569	99.996509
44	-2	11.489958	99.996542
44	-1	11.497992	99.996575
44	0	11.500669	99.996609
44	1	11.497992	99.996642
44	2	11.489958	99.996676
44	3	11.476569	99.996709
44	4	11.457825	99.996742
44	5	11.433725	99.996776
44	6	11.404269	99.996809
44	7	11.369458	99.996842
44	8	11.329291	99.996876
44	9	11.283769	99.996909
44	10	11.232891	99.996942
44	11	11.176658	99.996976
44	12	11.115069	99.997009
44	13	11.048124	99.997043
44	14	10.975824	99.997076
44	15	10.898168	99.997109
44	16	10.815157	99.997143
44	17	10.726790	99.997176
44	18	10.633068	99.997209
44	19	10.533990	99.997243
44	20	10.429557	99.997276
44	21	10.319768	99.997309
44	22	10.204623	99.997343
44	23	10.084123	99.997376
44	24	9.958267	99.997410
44	25	9.827056	99.997443
44	26	9.690489	99.997476
44	27	9.548566	99.997510
44	28	9.401288	99.997543
44	29	9.248655	99.997576
44	30	9.090666	99.997610
44	31	8.927321	99.997643
44	32	8.758621	99.997676
44	33	8.584565	99.997710
44	34	8.405153	99.997743
44	35	8.220387	99.997777
44	36	8.030264	99.997810
44	37	7.834786	99.997843
44	38	7.633952	99.997877
44	39	7.427763	99.997910
44	40	7.216218	99.997943
44	41	6.999318	99.997977
44	42	6.777062	99.998010
44	43	6.549451	99.998043
44	44	6.316484	99.998077
46	-46	6.311579	99.998090
46	-45	6.534737	99.998103
46	-44	6.752990	99.998115
46	-43	6.966339	99.998128
46	-42	7.174783	99.998141
46	-41	7.378323	99.998154
46	-40	7.576958	99.998167
46	-39	7.770688	99.998180
46	-38	7.959514	99.998193
46	-37	8.143436	99.998206
46	-36	8.322452	99.998219
46	-35	8.496564	99.998231
46	-34	8.665772	99.998244
46	-33	8.830075	99.998257
46	-32	8.989474	99.998270
46	-31	9.143968	99.998283
46	-30	9.293557	99.998296
46	-29	9.438242	99.998309
46	-28	9.578022	99.998322
46	-27	9.712898	99.998335
46	-26	9.842869	99.998347
46	-25	9.967935	99.998360
46	-24	10.088097	99.998373
46	-23	10.203355	99.998386
46	-22	10.313707	99.998399
46	-21	10.419156	99.998412
46	-20	10.519699	99.998425
46	-19	10.615338	99.998438
46	-18	10.706073	99.998450
46	-17	10.791903	99.998463
46	-16	10.872828	99.998476
46	-15	10.948849	99.998489
46	-14	11.019965	99.998502
46	-13	11.086177	99.998515
46	-12	11.147484	99.998528
46	-11	11.203887	99.998541
46	-10	11.255385	99.998554
46	-9	11.301978	99.998566
46	-8	11.343667	99.998579
46	-7	11.380451	99.998592
46	-6	11.412331	99.998605
46	-5	11.439306	99.998618
46	-4	11.461377	99.998631
46	-3	11.478543	99.998644
46	-2	11.490804	99.998657
46	-1	11.498161	99.998670
46	0	11.500613	99.998682
46	1	11.498161	99.998695
46	2	11.490804	99.998708
46	3	11.478543	99.998721
46	4	11.461377	99.998734
46	5	11.439306	99.998747
46	6	11.412331	99.998760
46	7	11.380451	99.998773
46	8	11.343667	99.998785
46	9	11.301978	99.998798
46	10	11.255385	99.998811
46	11	11.203887	99.998824
46	12	11.147484	99.998837
46	13	11.086177	99.998850
46	14	11.019965	99.998863
46	15	10.948849	99.998876
46	16	10.872828	99.998889
46	17	10.791903	99.998901
46	18	10.706073	99.998914
46	19	10.615338	99.998927
46	20	10.519699	99.998940
46	21	10.419156	99.998953
46	22	10.313707	99.998966
46	23	10.203355	99.998979
46	24	10.088097	99.998992
46	25	9.967935	99.999005
46	26	9.842869	99.999017
46	27	9.712898	99.999030
46	28	9.578022	99.999043
46	29	9.438242	99.999056
46	30	9.293557	99.999069
46	31	9.143968	99.999082
46	32	8.989474	99.999095
46	33	8.830075	99.999108
46	34	8.665772	99.999120
46	35	8.496564	99.999133
46	36	8.322452	99.999146
46	37	8.143436	99.999159
46	38	7.959514	99.999172
46	39	7.770688	99.999185
46	40	7.576958	99.999198
46	41	7.378323	99.999211
46	42	7.174783	99.999224
46	43	6.966339	99.999236
46	44	6.752990	99.999249
46	45	6.534737	99.999262
46	46	6.311579	99.999275
48	-48	6.307071	99.999280
48	-47	6.521212	99.999285
48	-46	6.730845	99.999289
48	-45	6.935970	99.999294
48	-44	7.136587	99.999299
48	-43	7.332695	99.999304
48	-42	7.524296	99.999309
48	-41	7.711388	99.999313
48	-40	7.893971	99.999318
48	-39	8.072047	99.999323
48	-38	8.245614	99.999328
48	-37	8.414673	99.999332
48	-36	8.579224	99.999337
48	-35	8.739266	99.999342
48	-34	8.894801	99.999347
48	-33	9.045827	99.999351
48	-32	9.192344	99.999356
48	-31	9.334354	99.999361
48	-30	9.471855	99.999366
48	-29	9.604848	99.999371
48	-28	9.733333	99.999375
48	-27	9.857310	99.999380
48	-26	9.976778	99.999385
48	-25	10.091738	99.999390
48	-24	10.202190	99.999394
48	-23	10.308134	99.999399
48	-22	10.409569	99.999404
48	-21	10.506497	99.999409
48	-20	10.598915	99.999413
48	-19	10.686826	99.999418
48	-18	10.770229	99.999423
48	-17	10.849123	99.999428
48	-16	10.923509	99.999433
48	-15	10.993386	99.999437
48	-14	11.058756	99.999442
48	-13	11.119617	99.999447
48	-12	11.175970	99.999452
48	-11	11.227815	99.999456
48	-10	11.275152	99.999461
48	-9	11.317980	99.999466
48	-8	11.356300	99.999471
48	-7	11.390112	99.999476
48	-6	11.419415	99.999480
48	-5	11.444211	99.999485
48	-4	11.464498	99.999490
48	-3	11.480276	99.999495
48	-2	11.491547	99.999499
48	-1	11.498309	99.999504
48	0	11.500564	99.999509
48	1	11.498309	99.999514
48	2	11.491547	99.999518
48	3	11.480276	99.999523
48	4	11.464498	99.999528
48	5	11.444211	99.999533
48	6	11.419415	99.999538
48	7	11.390112	99.999542
48	8	11.356300	99.999547
48	9	11.317980	99.999552
48	10	11.275152	99.999557
48	11	11.227815	99.999561
48	12	11.175970	99.999566
48	13	11.119617	99.999571
48	14	11.058756	99.999576
48	15	10.993386	99.999581
48	16	10.923509	99.999585
48	17	10.849123	99.999590
48	18	10.770229	99.999595
48	19	10.686826	99.999600
48	20	10.598915	99.999604
48	21	10.506497	99.999609
48	22	10.409569	99.999614
48	23	10.308134	99.999619
48	24	10.202190	99.999623
48	25	10.091738	99.999628
48	26	9.976778	99.999633
48	27	9.857310	99.999638
48	28	9.733333	99.999643
48	29	9.604848	99.999647
48	30	9.471855	99.999652
48	31	9.334354	99.999657
48	32	9.192344	99.999662
48	33	9.045827	99.999666
48	34	8.894801	99.999671
48	35	8.739266	99.999676
48	36	8.579224	99.999681
48	37	8.414673	99.999686
48	38	8.245614	99.999690
48	39	8.072047	99.999695
48	40	7.893971	99.999700
48	41	7.711388	99.999705
48	42	7.524296	99.999709
48	43	7.332695	99.999714
48	44	7.136587	99.999719
48	45	6.935970	99.999724
48	46	6.730845	99.999728
48	47	6.521212	99.999733
48	48	6.307071	99.999738
50	-50	6.302913	99.999740
50	-49	6.508738	99.999741
50	-48	6.710405	99.999743
50	-47	6.907914	99.999745
50	-46	7.101265	99.999746
50	-45	7.290458	99.999748
50	-44	7.475493	99.999750
50	-43	7.656370	99.999752
50	-42	7.833088	99.999753
50	-41	8.005649	99.999755
50	-40	8.174051	99.999757
50	-39	8.338296	99.999758
50	-38	8.498382	99.999760
50	-37	8.654310	99.999762
50	-36	8.806080	99.999763
50	-35	8.953692	99.999765
50	-34	9.097146	99.999767
50	-33	9.236442	99.999769
50	-32	9.371580	99.999770
50	-31	9.502560	99.999772
50	-30	9.629381	99.999774
50	-29	9.752045	99.999775
50	-28	9.870550	99.999777
50	-27	9.984898	99.999779
50	-26	10.095087	99.999780
50	-25	10.201118	99.999782
50	-24	10.302991	99.999784
50	-23	10.400706	99.999785
50	-22	10.494263	99.999787
50	-21	10.583662	99.999789
50	-20	10.668903	99.999791
50	-19	10.749985	99.999792
50	-18	10.826910	99.999794
50	-17	10.899676	99.999796
50	-16	10.968285	99.999797
50	-15	11.032735	99.999799
50	-14	11.093027	99.999801
50	-13	11.149162	99.999802
50	-12	11.201138	99.999804
50	-11	11.248956	99.999806
50	-10	11.292615	99.999807
50	-9	11.332117	99.999809
50	-8	11.367461	99.999811
50	-7	11.398647	99.999813
50	-6	11.425674	99.999814
50	-5	11.448544	99.999816
50	-4	11.467255	99.999818
50	-3	11.481808	99.999819
50	-2	11.492204	99.999821
50	-1	11.498441	99.999823
50	0	11.500520	99.999824
50	1	11.498441	99.999826
50	2	11.492204	99.999828
50	3	11.481808	99.999830
50	4	11.467255	99.999831
50	5	11.448544	99.999833
50	6	11.425674	99.999835
50	7	11.398647	99.999836
50	8	11.367461	99.999838
50	9	11.332117	99.999840
50	10	11.292615	99.999841
50	11	11.248956	99.999843
50	12	11.201138	99.999845
50	13	11.149162	99.999846
50	14	11.093027	99.999848
50	15	11.032735	99.999850
50	16	10.968285	99.999852
50	17	10.899676	99.999853
50	18	10.826910	99.999855
50	19	10.749985	99.999857
50	20	10.668903	99.999858
50	21	10.583662	99.999860
50	22	10.494263	99.999862
50	23	10.400706	99.999863
50	24	10.302991	99.999865
50	25	10.201118	99.999867
50	26	10.095087	99.999869
50	27	9.984898	99.999870
50	28	9.870550	99.999872
50	29	9.752045	99.999874
50	30	9.629381	99.999875
50	31	9.502560	99.999877
50	32	9.371580	99.999879
50	33	9.236442	99.999880
50	34	9.097146	99.999882
50	35	8.953692	99.999884
50	36	8.806080	99.999885
50	37	8.654310	99.999887
50	38	8.498382	99.999889
50	39	8.338296	99.999891
50	40	8.174051	99.999892
50	41	8.005649	99.999894
50	42	7.833088	99.999896
50	43	7.656370	99.999897
50	44	7.475493	99.999899
50	45	7.290458	99.999901
50	46	7.101265	99.999902
50	47	6.907914	99.999904
50	48	6.710405	99.999906
50	49	6.508738	99.999907
50	50	6.302913	99.999909
52	-52	6.299065	99.999910
52	-51	6.497196	99.999910
52	-50	6.691480	99.999911
52	-49	6.881916	99.999912
52	-48	7.068506	99.999912
52	-47	7.251248	99.999913
52	-46	7.430142	99.999913
52	-45	7.605190	99.999914
52	-44	7.776391	99.999914
52	-43	7.943744	99.999915
52	-42	8.107250	99.999916
52	-41	8.266909	99.999916
52	-40	8.422720	99.999917
52	-39	8.574685	99.999917
52	-38	8.722802	99.999918
52	-37	8.867072	99.999918
52	-36	9.007495	99.999919
52	-35	9.144070	99.999920
52	-34	9.276799	99.999920
52	-33	9.405680	99.999921
52	-32	9.530714	99.999921
52	-31	9.651901	99.999922
52	-30	9.769241	99.999922
52	-29	9.882733	99.999923
52	-28	9.992378	99.999924
52	-27	10.098176	99.999924
52	-26	10.200127	99.999925
52	-25	10.298231	99.999925
52	-24	10.392487	99.999926
52	-23	10.482896	99.999927
52	-22	10.569458	99.999927
52	-21	10.652173	99.999928
52	-20	10.731041	99.999928
52	-19	10.806061	99.999929
52	-18	10.877234	99.999929
52	-17	10.944560	99.999930
52	-16	11.008039	99.999931
52	-15	11.067671	99.999931
52	-14	11.123455	99.999932
52	-13	11.175392	99.999932
52	-12	11.223482	99.999933
52	-11	11.267725	99.999933
52	-10	11.308121	99.999934
52	-9	11.344669	99.999935
52	-8	11.377370	99.999935
52	-7	11.406224	99.999936
52	-6	11.431231	99.999936
52	-5	11.452391	99.999937
52	-4	11.469703	99.999937
52	-3	11.483168	99.999938
52	-2	11.492786	99.999939
52	-1	11.498557	99.999939
52	0	11.500481	99.999940
52	1	11.498557	99.999940
52	2	11.492786	99.999941
52	3	11.483168	99.999942
52	4	11.469703	99.999942
52	5	11.452391	99.999943
52	6	11.431231	99.999943
52	7	11.406224	99.999944
52	8	11.377370	99.999944
52	9	11.344669	99.999945
52	10	11.308121	99.999946
52	11	11.267725	99.999946
52	12	11.223482	99.999947
52	13	11.175392	99.999947
52	14	11.123455	99.999948
52	15	11.067671	99.999948
52	16	11.008039	99.999949
52	17	10.944560	99.999950
52	18	10.877234	99.999950
52	19	10.806061	99.999951
52	20	10.731041	99.999951
52	21	10.652173	99.999952
52	22	10.569458	99.999952
52	23	10.482896	99.999953
52	24	10.392487	99.999954
52	25	10.298231	99.999954
52	26	10.200127	99.999955
52	27	10.098176	99.999955
52	28	9.992378	99.999956
52	29	9.882733	99.999957
52	30	9.769241	99.999957
52	31	9.651901	99.999958
52	32	9.530714	99.999958
52	33	9.405680	99.999959
52	34	9.276799	99.999959
52	35	9.144070	99.999960
52	36	9.007495	99.999961
52	37	8.867072	99.999961
52	38	8.722802	99.999962
52	39	8.574685	99.999962
52	40	8.422720	99.999963
52	41	8.266909	99.999963
52	42	8.107250	99.999964
52	43	7.943744	99.999965
52	44	7.776391	99.999965
52	45	7.605190	99.999966
52	46	7.430142	99.999966
52	47	7.251248	99.999967
52	48	7.068506	99.999968
52	49	6.881916	99.999968
52	50	6.691480	99.999969
52	51	6.497196	99.999969
52	52	6.299065	99.999970
54	-54	6.295495	99.999970
54	-53	6.486486	99.999970
54	-52	6.673908	99.999970
54	-51	6.857759	99.999971
54	-50	7.038040	99.999971
54	-49	7.214751	99.999971
54	-48	7.387893	99.999971
54	-47	7.557464	99.999971
54	-46	7.723466	99.999972
54	-45	7.885897	99.999972
54	-44	8.044759	99.999972
54	-43	8.200051	99.999972
54	-42	8.351772	99.999972
54	-41	8.499924	99.999972
54	-40	8.644506	99.999973
54	-39	8.785518	99.999973
54	-38	8.922960	99.999973
54	-37	9.056833	99.999973
54	-36	9.187135	99.999973
54	-35	9.313867	99.999974
54	-34	9.437030	99.999974
54	-33	9.556622	99.999974
54	-32	9.672645	99.999974
54	-31	9.785097	99.999974
54	-30	9.893980	99.999975
54	-29	9.999293	99.999975
54	-28	10.101036	99.999975
54	-27	10.199209	99.999975
54	-26	10.293812	99.999975
54	-25	10.384845	99.999975
54	-24	10.472308	99.999976
54	-23	10.556201	99.999976
54	-22	10.636524	99.999976
54	-21	10.713278	99.999976
54	-20	10.786461	99.999976
54	-19	10.856075	99.999977
54	-18	10.922118	99.999977
54	-17	10.984592	99.999977
54	-16	11.043496	99.999977
54	-15	11.098830	99.999977
54	-14	11.150594	99.999978
54	-13	11.198788	99.999978
54	-12	11.243412	99.999978
54	-11	11.284466	99.999978
54	-10	11.321950	99.999978
54	-9	11.355864	99.999978
54	-8	11.386209	99.999979
54	-7	11.412983	99.999979
54	-6	11.436188	99.999979
54	-5	11.455822	99.999979
54	-4	11.471887	99.999979
54	-3	11.484382	99.999980
54	-2	11.493306	99.999980
54	-1	11.498661	99.999980
54	0	11.500446	99.999980
54	1	11.498661	99.999980
54	2	11.493306	99.999981
54	3	11.484382	99.999981
54	4	11.471887	99.999981
54	5	11.455822	99.999981
54	6	11.436188	99.999981
54	7	11.412983	99.999982
54	8	11.386209	99.999982
54	9	11.355864	99.999982
54	10	11.321950	99.999982
54	11	11.284466	99.999982
54	12	11.243412	99.999982
54	13	11.198788	99.999983
54	14	11.150594	99.999983
54	15	11.098830	99.999983
54	16	11.043496	99.999983
54	17	10.984592	99.999983
54	18	10.922118	99.999984
54	19	10.856075	99.999984
54	20	10.786461	99.999984
54	21	10.713278	99.999984
54	22	10.636524	99.999984
54	23	10.556201	99.999985
54	24	10.472308	99.999985
54	25	10.384845	99.999985
54	26	10.293812	99.999985
54	27	10.199209	99.999985
54	28	10.101036	99.999985
54	29	9.999293	99.999986
54	30	9.893980	99.999986
54	31	9.785097	99.999986
54	32	9.672645	99.999986
54	33	9.556622	99.999986
54	34	9.437030	99.999987
54	35	9.313867	99.999987
54	36	9.187135	99.999987
54	37	9.056833	99.999987
54	38	8.922960	99.999987
54	39	8.785518	99.999988
54	40	8.644506	99.999988
54	41	8.499924	99.999988
54	42	8.351772	99.999988
54	43	8.200051	99.999988
54	44	8.044759	99.999988
54	45	7.885897	99.999989
54	46	7.723466	99.999989
54	47	7.557464	99.999989
54	48	7.387893	99.999989
54	49	7.214751	99.999989
54	50	7.038040	99.999990
54	51	6.857759	99.999990
54	52	6.673908	99.999990
54	53	6.486486	99.999990
54	54	6.295495	99.999990
56	-56	6.292174	99.999990
56	-55	6.476522	99.999991
56	-54	6.657548	99.999991
56	-53	6.835253	99.999991
56	-52	7.009636	99.999991
56	-51	7.180697	99.999991
56	-50	7.348437	99.999991
56	-49	7.512855	99.999991
56	-48	7.673952	99.999991
56	-47	7.831727	99.999991
56	-46	7.986181	99.999991
56	-45	8.137313	99.999991
56	-44	8.285123	99.999991
56	-43	8.429612	99.999991
56	-42	8.570779	99.999991
56	-41	8.708625	99.999991
56	-40	8.843149	99.999991
56	-39	8.974352	99.999991
56	-38	9.102233	99.999992
56	-37	9.226792	99.999992
56	-36	9.348030	99.999992
56	-35	9.465946	99.999992
56	-34	9.580541	99.999992
56	-33	9.691814	99.999992
56	-32	9.799765	99.999992
56	-31	9.904395	99.999992
56	-30	10.005703	99.999992
56	-29	10.103690	99.999992
56	-28	10.198355	99.999992
56	-27	10.289698	99.999992
56	-26	10.377720	99.999992
56	-25	10.462421	99.999992
56	-24	10.543799	99.999992
56	-23	10.621857	99.999992
56	-22	10.696592	99.999992
56	-21	10.768006	99.999993
56	-20	10.836099	99.999993
56	-19	10.900870	99.999993
56	-18	10.962319	99.999993
56	-17	11.020447	99.999993
56	-16	11.075253	99.999993
56	-15	11.126737	99.999993
56	-14	11.174900	99.999993
56	-13	11.219741	99.999993
56	-12	11.261261	99.999993
56	-11	11.299459	99.999993
56	-10	11.334336	99.999993
56	-9	11.365891	99.999993
56	-8	11.394125	99.999993
56	-7	11.419036	99.999993
56	-6	11.440627	99.999993
56	-5	11.458895	99.999993
56	-4	11.473843	99.999994
56	-3	11.485468	99.999994
56	-2	11.493772	99.999994
56	-1	11.498754	99.999994
56	0	11.500415	99.999994
56	1	11.498754	99.999994
56	2	11.493772	99.999994
56	3	11.485468	99.999994
56	4	11.473843	99.999994
56	5	11.458895	99.999994
56	6	11.440627	99.999994
56	7	11.419036	99.999994
56	8	11.394125	99.999994
56	9	11.365891	99.999994
56	10	11.334336	99.999994
56	11	11.299459	99.999994
56	12	11.261261	99.999994
56	13	11.219741	99.999995
56	14	11.174900	99.999995
56	15	11.126737	99.999995
56	16	11.075253	99.999995
56	17	11.020447	99.999995
56	18	10.962319	99.999995
56	19	10.900870	99.999995
56	20	10.836099	99.999995
56	21	10.768006	99.999995
56	22	10.696592	99.999995
56	23	10.621857	99.999995
56	24	10.543799	99.999995
56	25	10.462421	99.999995
56	26	10.377720	99.999995
56	27	10.289698	99.999995
56	28	10.198355	99.999995
56	29	10.103690	99.999995
56	30	10.005703	99.999996
56	31	9.904395	99.999996
56	32	9.799765	99.999996
56	33	9.691814	99.999996
56	34	9.580541	99.999996
56	35	9.465946	99.999996
56	36	9.348030	99.999996
56	37	9.226792	99.999996
56	38	9.102233	99.999996
56	39	8.974352	99.999996
56	40	8.843149	99.999996
56	41	8.708625	99.999996
56	42	8.570779	99.999996
56	43	8.429612	99.999996
56	44	8.285123	99.999996
56	45	8.137313	99.999996
56	46	7.986181	99.999996
56	47	7.831727	99.999997
56	48	7.673952	99.999997
56	49	7.512855	99.999997
56	50	7.348437	99.999997
56	51	7.180697	99.999997
56	52	7.009636	99.999997
56	53	6.835253	99.999997
56	54	6.657548	99.999997
56	55	6.476522	99.999997
56	56	6.292174	99.999997
58	-58	6.289076	99.999997
58	-57	6.467227	99.999997
58	-56	6.642280	99.999997
58	-55	6.814235	99.999997
58	-54	6.983091	99.999997
58	-53	7.148849	99.999997
58	-52	7.311509	99.999997
58	-51	7.471071	99.999997
58	-50	7.627534	99.999997
58	-49	7.780899	99.999997
58	-48	7.931166	99.999997
58	-47	8.078334	99.999997
58	-46	8.222404	99.999997
58	-45	8.363376	99.999997
58	-44	8.501250	99.999997
58	-43	8.636025	99.999997
58	-42	8.767702	99.999997
58	-41	8.896281	99.999997
58	-40	9.021761	99.999997
58	-39	9.144143	99.999997
58	-38	9.263427	99.999997
58	-37	9.379613	99.999997
58	-36	9.492700	99.999997
58	-35	9.602689	99.999997
58	-34	9.709580	99.999998
58	-33	9.813372	99.999998
58	-32	9.914066	99.999998
58	-31	10.011662	99.999998
58	-30	10.106160	99.999998
58	-29	10.197559	99.999998
58	-28	10.285860	99.999998
58	-27	10.371063	99.999998
58	-26	10.453168	99.999998
58	-25	10.532174	99.999998
58	-24	10.608082	99.999998
58	-23	10.680891	99.999998
58	-22	10.750603	99.999998
58	-21	10.817216	99.999998
58	-20	10.880731	99.999998
58	-19	10.941147	99.999998
58	-18	10.998465	99.999998
58	-17	11.052685	99.999998
58	-16	11.103807	99.999998
58	-15	11.151830	99.999998
58	-14	11.196756	99.999998
58	-13	11.238582	99.999998
58	-12	11.277311	99.999998
58	-11	11.312941	99.999998
58	-10	11.345473	99.999998
58	-9	11.374907	99.999998
58	-8	11.401242	99.999998
58	-7	11.424479	99.999998
58	-6	11.444618	99.999998
58	-5	11.461659	99.999998
58	-4	11.475601	99.999998
58	-3	11.486445	99.999998
58	-2	11.494191	99.999998
58	-1	11.498838	99.999998
58	0	11.500387	99.999998
58	1	11.498838	99.999998
58	2	11.494191	99.999998
58	3	11.486445	99.999998
58	4	11.475601	99.999998
58	5	11.461659	99.999998
58	6	11.444618	99.999998
58	7	11.424479	99.999998
58	8	11.401242	99.999998
58	9	11.374907	99.999998
58	10	11.345473	99.999998
58	11	11.312941	99.999998
58	12	11.277311	99.999998
58	13	11.238582	99.999998
58	14	11.196756	99.999998
58	15	11.151830	99.999998
58	16	11.103807	99.999998
58	17	11.052685	99.999998
58	18	10.998465	99.999998
58	19	10.941147	99.999998
58	20	10.880731	99.999998
58	21	10.817216	99.999998
58	22	10.750603	99.999998
58	23	10.680891	99.999999
58	24	10.608082	99.999999
58	25	10.532174	99.999999
58	26	10.453168	99.999999
58	27	10.371063	99.999999
58	28	10.285860	99.999999
58	29	10.197559	99.999999
58	30	10.106160	99.999999
58	31	10.011662	99.999999
58	32	9.914066	99.999999
58	33	9.813372	99.999999
58	34	9.709580	99.999999
58	35	9.602689	99.999999
58	36	9.492700	99.999999
58	37	9.379613	99.999999
58	38	9.263427	99.999999
58	39	9.144143	99.999999
58	40	9.021761	99.999999
58	41	8.896281	99.999999
58	42	8.767702	99.999999
58	43	8.636025	99.999999
58	44	8.501250	99.999999
58	45	8.363376	99.999999
58	46	8.222404	99.999999
58	47	8.078334	99.999999
58	48	7.931166	99.999999
58	49	7.780899	99.999999
58	50	7.627534	99.999999
58	51	7.471071	99.999999
58	52	7.311509	99.999999
58	53	7.148849	99.999999
58	54	6.983091	99.999999
58	55	6.814235	99.999999
58	56	6.642280	99.999999
58	57	6.467227	99.999999
58	58	6.289076	99.999999
60	-60	6.286179	99.999999
60	-59	6.458537	99.999999
60	-58	6.627998	99.999999
60	-57	6.794562	99.999999
60	-56	6.958229	99.999999
60	-55	7.119000	99.999999
60	-54	7.276874	99.999999
60	-53	7.431851	99.999999
60	-52	7.583931	99.999999
60	-51	7.733115	99.999999
60	-50	7.879402	99.999999
60	-49	8.022792	99.999999
60	-48	8.163285	99.999999
60	-47	8.300881	99.999999
60	-46	8.435581	99.999999
60	-45	8.567384	99.999999
60	-44	8.696290	99.999999
60	-43	8.822300	99.999999
60	-42	8.945412	99.999999
60	-41	9.065628	99.999999
60	-40	9.182947	99.999999
60	-39	9.297370	99.999999
60	-38	9.408895	99.999999
60	-37	9.517524	99.999999
60	-36	9.623256	99.999999
60	-35	9.726091	99.999999
60	-34	9.826030	99.999999
60	-33	9.923072	99.999999
60	-32	10.017217	99.999999
60	-31	10.108465	99.999999
60	-30	10.196816	99.999999
60	-29	10.282271	99.999999
60	-28	10.364829	99.999999
60	-27	10.444490	99.999999
60	-26	10.521254	99.999999
60	-25	10.595122	99.999999
60	-24	10.666093	99.999999
60	-23	10.734167	99.999999
60	-22	10.799344	99.999999
60	-21	10.861625	99.999999
60	-20	10.921008	99.999999
60	-19	10.977495	99.999999
60	-18	11.031086	99.999999
60	-17	11.081779	99.999999
60	-16	11.129576	99.999999
60	-15	11.174476	99.999999
60	-14	11.216479	99.999999
60	-13	11.255585	99.999999
60	-12	11.291795	99.999999
60	-11	11.325108	99.999999
60	-10	11.355524	99.999999
60	-9	11.383043	99.999999
60	-8	11.407666	99.999999
60	-7	11.429391	99.999999
60	-6	11.448220	99.999999
60	-5	11.464152	99.999999
60	-4	11.477188	99.999999
60	-3	11.487327	99.999999
60	-2	11.494569	99.999999
60	-1	11.498914	99.999999
60	0	11.500362	99.999999
60	1	11.498914	99.999999
60	2	11.494569	99.999999
60	3	11.487327	99.999999
60	4	11.477188	99.999999
60	5	11.464152	99.999999
60	6	11.448220	99.999999
60	7	11.429391	99.999999
60	8	11.407666	99.999999
60	9	11.383043	99.999999
60	10	11.355524	100.000000
60	11	11.325108	100.000000
60	12	11.291795	100.000000
60	13	11.255585	100.000000
60	14	11.216479	100.000000
60	15	11.174476	100.000000
60	16	11.129576	100.000000
60	17	11.081779	100.000000
60	18	11.031086	100.000000
60	19	10.977495	100.000000
60	20	10.921008	100.000000
60	21	10.861625	100.000000
60	22	10.799344	100.000000
60	23	10.734167	100.000000
60	24	10.666093	100.000000
60	25	10.595122	100.000000
60	26	10.521254	100.000000
60	27	10.444490	100.000000
60	28	10.364829	100.000000
60	29	10.282271	100.000000
60	30	10.196816	100.000000
60	31	10.108465	100.000000
60	32	10.017217	100.000000
60	33	9.923072	100.000000
60	34	9.826030	100.000000
60	35	9.726091	100.000000
60	36	9.623256	100.000000
60	37	9.517524	100.000000
60	38	9.408895	100.000000
60	39	9.297370	100.000000
60	40	9.182947	100.000000
60	41	9.065628	100.000000
60	42	8.945412	100.000000
60	43	8.822300	100.000000
60	44	8.696290	100.000000
60	45	8.567384	100.000000
60	46	8.435581	100.000000
60	47	8.300881	100.000000
60	48	8.163285	100.000000
60	49	8.022792	100.000000
60	50	7.879402	100.000000
60	51	7.733115	100.000000
60	52	7.583931	100.000000
60	53	7.431851	100.000000
60	54	7.276874	100.000000
60	55	7.119000	100.000000
60	56	6.958229	100.000000
60	57	6.794562	100.000000
60	58	6.627998	100.000000
60	59	6.458537	100.000000
60	60	6.286179	100.000000
62	-62	6.283465	100.000000
62	-61	6.450394	100.000000
62	-60	6.614609	100.000000
62	-59	6.776109	100.000000
62	-58	6.934895	100.000000
62	-57	7.090967	100.000000
62	-56	7.244325	100.000000
62	-55	7.394968	100.000000
62	-54	7.542897	100.000000
62	-53	7.688112	100.000000
62	-52	7.830613	100.000000
62	-51	7.970399	100.000000
62	-50	8.107471	100.000000
62	-49	8.241828	100.000000
62	-48	8.373472	100.000000
62	-47	8.502401	100.000000
62	-46	8.628615	100.000000
62	-45	8.752116	100.000000
62	-44	8.872902	100.000000
62	-43	8.990974	100.000000
62	-42	9.106331	100.000000
62	-41	9.218974	100.000000
62	-40	9.328903	100.000000
62	-39	9.436118	100.000000
62	-38	9.540618	100.000000
62	-37	9.642404	100.000000
62	-36	9.741476	100.000000
62	-35	9.837834	100.000000
62	-34	9.931477	100.000000
62	-33	10.022406	100.000000
62	-32	10.110620	100.000000
62	-31	10.196121	100.000000
62	-30	10.278907	100.000000
62	-29	10.358978	100.000000
62	-28	10.436336	100.000000
62	-27	10.510979	100.000000
62	-26	10.582908	100.000000
62	-25	10.652122	100.000000
62	-24	10.718622	100.000000
62	-23	10.782408	100.000000
62	-22	10.843480	100.000000
62	-21	10.901837	100.000000
62	-20	10.957480	100.000000
62	-19	11.010409	100.000000
62	-18	11.060624	100.000000
62	-17	11.108124	100.000000
62	-16	11.152910	100.000000
62	-15	11.194981	100.000000
62	-14	11.234338	100.000000
62	-13	11.270981	100.000000
62	-12	11.304910	100.000000
62	-11	11.336124	100.000000
62	-10	11.364625	100.000000
62	-9	11.390410	100.000000
62	-8	11.413482	100.000000
62	-7	11.433839	100.000000
62	-6	11.451482	100.000000
62	-5	11.466411	100.000000
62	-4	11.478625	100.000000
62	-3	11.488125	100.000000
62	-2	11.494911	100.000000
62	-1	11.498982	100.000000
62	0	11.500339	100.000000
62	1	11.498982	100.000000
62	2	11.494911	100.000000
62	3	11.488125	100.000000
62	4	11.478625	100.000000
62	5	11.466411	100.000000
62	6	11.451482	100.000000
62	7	11.433839	100.000000
62	8	11.413482	100.000000
62	9	11.390410	100.000000
62	10	11.364625	100.000000
62	11	11.336124	100.000000
62	12	11.304910	100.000000
62	13	11.270981	100.000000
62	14	11.234338	100.000000
62	15	11.194981	100.000000
62	16	11.152910	100.000000
62	17	11.108124	100.000000
62	18	11.060624	100.000000
62	19	11.010409	100.000000
62	20	10.957480	100.000000
62	21	10.901837	100.000000
62	22	10.843480	100.000000
62	23	10.782408	100.000000
62	24	10.718622	100.000000
62	25	10.652122	100.000000
62	26	10.582908	100.000000
62	27	10.510979	100.000000
62	28	10.436336	100.000000
62	29	10.358978	100.000000
62	30	10.278907	100.000000
62	31	10.196121	100.000000
62	32	10.110620	100.000000
62	33	10.022406	100.000000
62	34	9.931477	100.000000
62	35	9.837834	100.000000
62	36	9.741476	100.000000
62	37	9.642404	100.000000
62	38	9.540618	100.000000
62	39	9.436118	100.000000
62	40	9.328903	100.000000
62	41	9.218974	100.000000
62	42	9.106331	100.000000
62	43	8.990974	100.000000
62	44	8.872902	100.000000
62	45	8.752116	100.000000
62	46	8.628615	100.000000
62	47	8.502401	100.000000
62	48	8.373472	100.000000
62	49	8.241828	100.000000
62	50	8.107471	100.000000
62	51	7.970399	100.000000
62	52	7.830613	100.000000
62	53	7.688112	100.000000
62	54	7.542897	100.000000
62	55	7.394968	100.000000
62	56	7.244325	100.000000
62	57	7.090967	100.000000
62	58	6.934895	100.000000
62	59	6.776109	100.000000
62	60	6.614609	100.000000
62	61	6.450394	100.000000
62	62	6.283465	100.000000
64	-64	6.280916	100.000000
64	-63	6.442748	100.000000
64	-62	6.602032	100.000000
64	-61	6.758767	100.000000
64	-60	6.912953	100.000000
64	-59	7.064591	100.000000
64	-58	7.213680	100.000000
64	-57	7.360221	100.000000
64	-56	7.504214	100.000000
64	-55	7.645657	100.000000
64	-54	7.784553	100.000000
64	-53	7.920899	100.000000
64	-52	8.054697	100.000000
64	-51	8.185947	100.000000
64	-50	8.314648	100.000000
64	-49	8.440801	100.000000
64	-48	8.564405	100.000000
64	-47	8.685460	100.000000
64	-46	8.803967	100.000000
64	-45	8.919925	100.000000
64	-44	9.033335	100.000000
64	-43	9.144197	100.000000
64	-42	9.252509	100.000000
64	-41	9.358274	100.000000
64	-40	9.461489	100.000000
64	-39	9.562157	100.000000
64	-38	9.660275	100.000000
64	-37	9.755845	100.000000
64	-36	9.848867	100.000000
64	-35	9.939340	100.000000
64	-34	10.027265	100.000000
64	-33	10.112641	100.000000
64	-32	10.195468	100.000000
64	-31	10.275747	100.000000
64	-30	10.353477	100.000000
64	-29	10.428659	100.000000
64	-28	10.501292	100.000000
64	-27	10.571377	100.000000
64	-26	10.638913	100.000000
64	-25	10.703901	100.000000
64	-24	10.766340	100.000000
64	-23	10.826231	100.000000
64	-22	10.883573	100.000000
64	-21	10.938366	100.000000
64	-20	10.990611	100.000000
64	-19	11.040308	100.000000
64	-18	11.087456	100.000000
64	-17	11.132055	100.000000
64	-16	11.174106	100.000000
64	-15	11.213608	100.000000
64	-14	11.250562	100.000000
64	-13	11.284967	100.000000
64	-12	11.316824	100.000000
64	-11	11.346132	100.000000
64	-10	11.372892	100.000000
64	-9	11.397103	100.000000
64	-8	11.418765	100.000000
64	-7	11.437879	100.000000
64	-6	11.454445	100.000000
64	-5	11.468462	100.000000
64	-4	11.479930	100.000000
64	-3	11.488850	100.000000
64	-2	11.495221	100.000000
64	-1	11.499044	100.000000
64	0	11.500319	100.000000
64	1	11.499044	100.000000
64	2	11.495221	100.000000
64	3	11.488850	100.000000
64	4	11.479930	100.000000
64	5	11.468462	100.000000
64	6	11.454445	100.000000
64	7	11.437879	100.000000
64	8	11.418765	100.000000
64	9	11.397103	100.000000
64	10	11.372892	100.000000
64	11	11.346132	100.000000
64	12	11.316824	100.000000
64	13	11.284967	100.000000
64	14	11.250562	100.000000
64	15	11.213608	100.000000
64	16	11.174106	100.000000
64	17	11.132055	100.000000
64	18	11.087456	100.000000
64	19	11.040308	100.000000
64	20	10.990611	100.000000
64	21	10.938366	100.000000
64	22	10.883573	100.000000
64	23	10.826231	100.000000
64	24	10.766340	100.000000
64	25	10.703901	100.000000
64	26	10.638913	100.000000
64	27	10.571377	100.000000
64	28	10.501292	100.000000
64	29	10.428659	100.000000
64	30	10.353477	100.000000
64	31	10.275747	100.000000
64	32	10.195468	100.000000
64	33	10.112641	100.000000
64	34	10.027265	100.000000
64	35	9.939340	100.000000
64	36	9.848867	100.000000
64	37	9.755845	100.000000
64	38	9.660275	100.000000
64	39	9.562157	100.000000
64	40	9.461489	100.000000
64	41	9.358274	100.000000
64	42	9.252509	100.000000
64	43	9.144197	100.000000
64	44	9.033335	100.000000
64	45	8.919925	100.000000
64	46	8.803967	100.000000
64	47	8.685460	100.000000
64	48	8.564405	100.000000
64	49	8.440801	100.000000
64	50	8.314648	100.000000
64	51	8.185947	100.000000
64	52	8.054697	100.000000
64	53	7.920899	100.000000
64	54	7.784553	100.000000
64	55	7.645657	100.000000
64	56	7.504214	100.000000
64	57	7.360221	100.000000
64	58	7.213680	100.000000
64	59	7.064591	100.000000
64	60	6.912953	100.000000
64	61	6.758767	100.000000
64	62	6.602032	100.000000
64	63	6.442748	100.000000
64	64	6.280916	100.000000
66	-66	6.278519	100.000000
66	-65	6.435556	100.000000
66	-64	6.590195	100.000000
66	-63	6.742437	100.000000
66	-62	6.892282	100.000000
66	-61	7.039729	100.000000
66	-60	7.184778	100.000000
66	-59	7.327430	100.000000
66	-58	7.467684	100.000000
66	-57	7.605541	100.000000
66	-56	7.741001	100.000000
66	-55	7.874063	100.000000
66	-54	8.004727	100.000000
66	-53	8.132994	100.000000
66	-52	8.258863	100.000000
66	-51	8.382335	100.000000
66	-50	8.503410	100.000000
66	-49	8.622087	100.000000
66	-48	8.738366	100.000000
66	-47	8.852248	100.000000
66	-46	8.963732	100.000000
66	-45	9.072819	100.000000
66	-44	9.179508	100.000000
66	-43	9.283800	100.000000
66	-42	9.385694	100.000000
66	-41	9.485191	100.000000
66	-40	9.582290	100.000000
66	-39	9.676992	100.000000
66	-38	9.769296	100.000000
66	-37	9.859203	100.000000
66	-36	9.946712	100.000000
66	-35	10.031824	100.000000
66	-34	10.114538	100.000000
66	-33	10.194854	100.000000
66	-32	10.272774	100.000000
66	-31	10.348295	100.000000
66	-30	10.421419	100.000000
66	-29	10.492146	100.000000
66	-28	10.560475	100.000000
66	-27	10.626407	100.000000
66	-26	10.689941	100.000000
66	-25	10.751077	100.000000
66	-24	10.809816	100.000000
66	-23	10.866158	100.000000
66	-22	10.920102	100.000000
66	-21	10.971648	100.000000
66	-20	11.020797	100.000000
66	-19	11.067549	100.000000
66	-18	11.111903	100.000000
66	-17	11.153859	100.000000
66	-16	11.193418	100.000000
66	-15	11.230580	100.000000
66	-14	11.265344	100.000000
66	-13	11.297710	100.000000
66	-12	11.327679	100.000000
66	-11	11.355250	100.000000
66	-10	11.380424	100.000000
66	-9	11.403200	100.000000
66	-8	11.423579	100.000000
66	-7	11.441561	100.000000
66	-6	11.457144	100.000000
66	-5	11.470331	100.000000
66	-4	11.481120	100.000000
66	-3	11.489511	100.000000
66	-2	11.495505	100.000000
66	-1	11.499101	100.000000
66	0	11.500300	100.000000
66	1	11.499101	100.000000
66	2	11.495505	100.000000
66	3	11.489511	100.000000
66	4	11.481120	100.000000
66	5	11.470331	100.000000
66	6	11.457144	100.000000
66	7	11.441561	100.000000
66	8	11.423579	100.000000
66	9	11.403200	100.000000
66	10	11.380424	100.000000
66	11	11.355250	100.000000
66	12	11.327679	100.000000
66	13	11.297710	100.000000
66	14	11.265344	100.000000
66	15	11.230580	100.000000
66	16	11.193418	100.000000
66	17	11.153859	100.000000
66	18	11.111903	100.000000
66	19	11.067549	100.000000
66	20	11.020797	100.000000
66	21	10.971648	100.000000
66	22	10.920102	100.000000
66	23	10.866158	100.000000
66	24	10.809816	100.000000
66	25	10.751077	100.000000
66	26	10.689941	100.000000
66	27	10.626407	100.000000
66	28	10.560475	100.000000
66	29	10.492146	100.000000
66	30	10.421419	100.000000
66	31	10.348295	100.000000
66	32	10.272774	100.000000
66	33	10.194854	100.000000
66	34	10.114538	100.000000
66	35	10.031824	100.000000
66	36	9.946712	100.000000
66	37	9.859203	100.000000
66	38	9.769296	100.000000
66	39	9.676992	100.000000
66	40	9.582290	100.000000
66	41	9.485191	100.000000
66	42	9.385694	100.000000
66	43	9.283800	100.000000
66	44	9.179508	100.000000
66	45	9.072819	100.000000
66	46	8.963732	100.000000
66	47	8.852248	100.000000
66	48	8.738366	100.000000
66	49	8.622087	100.000000
66	50	8.503410	100.000000
66	51	8.382335	100.000000
66	52	8.258863	100.000000
66	53	8.132994	100.000000
66	54	8.004727	100.000000
66	55	7.874063	100.000000
66	56	7.741001	100.000000
66	57	7.605541	100.000000
66	58	7.467684	100.000000
66	59	7.327430	100.000000
66	60	7.184778	100.000000
66	61	7.039729	100.000000
66	62	6.892282	100.000000
66	63	6.742437	100.000000
66	64	6.590195	100.000000
66	65	6.435556	100.000000
66	66	6.278519	100.000000
68	-68	6.276259	100.000000
68	-67	6.428777	100.000000
68	-66	6.579035	100.000000
68	-65	6.727034	100.000000
68	-64	6.872774	100.000000
68	-63	7.016254	100.000000
68	-62	7.157474	100.000000
68	-61	7.296435	100.000000
68	-60	7.433136	100.000000
68	-59	7.567578	100.000000
68	-58	7.699760	100.000000
68	-57	7.829683	100.000000
68	-56	7.957346	100.000000
68	-55	8.082750	100.000000
68	-54	8.205894	100.000000
68	-53	8.326779	100.000000
68	-52	8.445404	100.000000
68	-51	8.561769	100.000000
68	-50	8.675875	100.000000
68	-49	8.787722	100.000000
68	-48	8.897309	100.000000
68	-47	9.004636	100.000000
68	-46	9.109704	100.000000
68	-45	9.212513	100.000000
68	-44	9.313062	100.000000
68	-43	9.411351	100.000000
68	-42	9.507381	100.000000
68	-41	9.601151	100.000000
68	-40	9.692662	100.000000
68	-39	9.781913	100.000000
68	-38	9.868905	100.000000
68	-37	9.953637	100.000000
68	-36	10.036110	100.000000
68	-35	10.116323	100.000000
68	-34	10.194277	100.000000
68	-33	10.269971	100.000000
68	-32	10.343405	100.000000
68	-31	10.414580	100.000000
68	-30	10.483496	100.000000
68	-29	10.550152	100.000000
68	-28	10.614548	100.000000
68	-27	10.676685	100.000000
68	-26	10.736563	100.000000
68	-25	10.794181	100.000000
68	-24	10.849539	100.000000
68	-23	10.902638	100.000000
68	-22	10.953477	100.000000
68	-21	11.002057	100.000000
68	-20	11.048377	100.000000
68	-19	11.092438	100.000000
68	-18	11.134239	100.000000
68	-17	11.173781	100.000000
68	-16	11.211063	100.000000
68	-15	11.246086	100.000000
68	-14	11.278849	100.000000
68	-13	11.309353	100.000000
68	-12	11.337597	100.000000
68	-11	11.363581	100.000000
68	-10	11.387306	100.000000
68	-9	11.408772	100.000000
68	-8	11.427978	100.000000
68	-7	11.444924	100.000000
68	-6	11.459611	100.000000
68	-5	11.472038	100.000000
68	-4	11.482206	100.000000
68	-3	11.490115	100.000000
68	-2	11.495763	100.000000
68	-1	11.499153	100.000000
68	0	11.500282	100.000000
68	1	11.499153	100.000000
68	2	11.495763	100.000000
68	3	11.490115	100.000000
68	4	11.482206	100.000000
68	5	11.472038	100.000000
68	6	11.459611	100.000000
68	7	11.444924	100.000000
68	8	11.427978	100.000000
68	9	11.408772	100.000000
68	10	11.387306	100.000000
68	11	11.363581	100.000000
68	12	11.337597	100.000000
68	13	11.309353	100.000000
68	14	11.278849	100.000000
68	15	11.246086	100.000000
68	16	11.211063	100.000000
68	17	11.173781	100.000000
68	18	11.134239	100.000000
68	19	11.092438	100.000000
68	20	11.048377	100.000000
68	21	11.002057	100.000000
68	22	10.953477	100.000000
68	23	10.902638	100.000000
68	24	10.849539	100.000000
68	25	10.794181	100.000000
68	26	10.736563	100.000000
68	27	10.676685	100.000000
68	28	10.614548	100.000000
68	29	10.550152	100.000000
68	30	10.483496	100.000000
68	31	10.414580	100.000000
68	32	10.343405	100.000000
68	33	10.269971	100.000000
68	34	10.194277	100.000000
68	35	10.116323	100.000000
68	36	10.036110	100.000000
68	37	9.953637	100.000000
68	38	9.868905	100.000000
68	39	9.781913	100.000000
68	40	9.692662	100.000000
68	41	9.601151	100.000000
68	42	9.507381	100.000000
68	43	9.411351	100.000000
68	44	9.313062	100.000000
68	45	9.212513	100.000000
68	46	9.109704	100.000000
68	47	9.004636	100.000000
68	48	8.897309	100.000000
68	49	8.787722	100.000000
68	50	8.675875	100.000000
68	51	8.561769	100.000000
68	52	8.445404	100.000000
68	53	8.326779	100.000000
68	54	8.205894	100.000000
68	55	8.082750	100.000000
68	56	7.957346	100.000000
68	57	7.829683	100.000000
68	58	7.699760	100.000000
68	59	7.567578	100.000000
68	60	7.433136	100.000000
68	61	7.296435	100.000000
68	62	7.157474	100.000000
68	63	7.016254	100.000000
68	64	6.872774	100.000000
68	65	6.727034	100.000000
68	66	6.579035	100.000000
68	67	6.428777	100.000000
68	68	6.276259	100.000000
70	-70	6.274126	100.000000
70	-69	6.422378	100.000000
70	-68	6.568496	100.000000
70	-67	6.712482	100.000000
70	-66	6.854334	100.000000
70	-65	6.994053	100.000000
70	-64	7.131640	100.000000
70	-63	7.267093	100.000000
70	-62	7.400413	100.000000
70	-61	7.531599	100.000000
70	-60	7.660653	100.000000
70	-59	7.787574	100.000000
70	-58	7.912361	100.000000
70	-57	8.035015	100.000000
70	-56	8.155537	100.000000
70	-55	8.273925	100.000000
70	-54	8.390180	100.000000
70	-53	8.504301	100.000000
70	-52	8.616290	100.000000
70	-51	8.726146	100.000000
70	-50	8.833868	100.000000
70	-49	8.939458	100.000000
70	-48	9.042914	100.000000
70	-47	9.144237	100.000000
70	-46	9.243427	100.000000
70	-45	9.340484	100.000000
70	-44	9.435408	100.000000
70	-43	9.528198	100.000000
70	-42	9.618856	100.000000
70	-41	9.707380	100.000000
70	-40	9.793772	100.000000
70	-39	9.878030	100.000000
70	-38	9.960155	100.000000
70	-37	10.040147	100.000000
70	-36	10.118006	100.000000
70	-35	10.193731	100.000000
70	-34	10.267324	100.000000
70	-33	10.338784	100.000000
70	-32	10.408110	100.000000
70	-31	10.475303	100.000000
70	-30	10.540363	100.000000
70	-29	10.603290	100.000000
70	-28	10.664084	100.000000
70	-27	10.722745	100.000000
70	-26	10.779273	100.000000
70	-25	10.833667	100.000000
70	-24	10.885928	100.000000
70	-23	10.936057	100.000000
70	-22	10.984052	100.000000
70	-21	11.029914	100.000000
70	-20	11.073643	100.000000
70	-19	11.115239	100.000000
70	-18	11.154701	100.000000
70	-17	11.192031	100.000000
70	-16	11.227227	100.000000
70	-15	11.260291	100.000000
70	-14	11.291221	100.000000
70	-13	11.320018	100.000000
70	-12	11.346682	100.000000
70	-11	11.371213	100.000000
70	-10	11.393611	100.000000
70	-9	11.413875	100.000000
70	-8	11.432007	100.000000
70	-7	11.448005	100.000000
70	-6	11.461871	100.000000
70	-5	11.473603	100.000000
70	-4	11.483202	100.000000
70	-3	11.490668	100.000000
70	-2	11.496000	100.000000
70	-1	11.499200	100.000000
70	0	11.500267	100.000000
70	1	11.499200	100.000000
70	2	11.496000	100.000000
70	3	11.490668	100.000000
70	4	11.483202	100.000000
70	5	11.473603	100.000000
70	6	11.461871	100.000000
70	7	11.448005	100.000000
70	8	11.432007	100.000000
70	9	11.413875	100.000000
70	10	11.393611	100.000000
70	11	11.371213	100.000000
70	12	11.346682	100.000000
70	13	11.320018	100.000000
70	14	11.291221	100.000000
70	15	11.260291	100.000000
70	16	11.227227	100.000000
70	17	11.192031	100.000000
70	18	11.154701	100.000000
70	19	11.115239	100.000000
70	20	11.073643	100.000000
70	21	11.029914	100.000000
70	22	10.984052	100.000000
70	23	10.936057	100.000000
70	24	10.885928	100.000000
70	25	10.833667	100.000000
70	26	10.779273	100.000000
70	27	10.722745	100.000000
70	28	10.664084	100.000000
70	29	10.603290	100.000000
70	30	10.540363	100.000000
70	31	10.475303	100.000000
70	32	10.408110	100.000000
70	33	10.338784	100.000000
70	34	10.267324	100.000000
70	35	10.193731	100.000000
70	36	10.118006	100.000000
70	37	10.040147	100.000000
70	38	9.960155	100.000000
70	39	9.878030	100.000000
70	40	9.793772	100.000000
70	41	9.707380	100.000000
70	42	9.618856	100.000000
70	43	9.528198	100.000000
70	44	9.435408	100.000000
70	45	9.340484	100.000000
70	46	9.243427	100.000000
70	47	9.144237	100.000000
70	48	9.042914	100.000000
70	49	8.939458	100.000000
70	50	8.833868	100.000000
70	51	8.726146	100.000000
70	52	8.616290	100.000000
70	53	8.504301	100.000000
70	54	8.390180	100.000000
70	55	8.273925	100.000000
70	56	8.155537	100.000000
70	57	8.035015	100.000000
70	58	7.912361	100.000000
70	59	7.787574	100.000000
70	60	7.660653	100.000000
70	61	7.531599	100.000000
70	62	7.400413	100.000000
70	63	7.267093	100.000000
70	64	7.131640	100.000000
70	65	6.994053	100.000000
70	66	6.854334	100.000000
70	67	6.712482	100.000000
70	68	6.568496	100.000000
70	69	6.422378	100.000000
70	70	6.274126	100.000000
72	-72	6.272109	100.000000
72	-71	6.416327	100.000000
72	-70	6.558527	100.000000
72	-69	6.698711	100.000000
72	-68	6.836877	100.000000
72	-67	6.973027	100.000000
72	-66	7.107160	100.000000
72	-65	7.239275	100.000000
72	-64	7.369373	100.000000
72	-63	7.497455	100.000000
72	-62	7.623519	100.000000
72	-61	7.747567	100.000000
72	-60	7.869597	100.000000
72	-59	7.989610	100.000000
72	-58	8.107607	100.000000
72	-57	8.223586	100.000000
72	-56	8.337548	100.000000
72	-55	8.449493	100.000000
72	-54	8.559422	100.000000
72	-53	8.667333	100.000000
72	-52	8.773227	100.000000
72	-51	8.877104	100.000000
72	-50	8.978964	100.000000
72	-49	9.078807	100.000000
72	-48	9.176633	100.000000
72	-47	9.272442	100.000000
72	-46	9.366234	100.000000
72	-45	9.458009	100.000000
72	-44	9.547767	100.000000
72	-43	9.635507	100.000000
72	-42	9.721231	100.000000
72	-41	9.804938	100.000000
72	-40	9.886628	100.000000
72	-39	9.966300	100.000000
72	-38	10.043956	100.000000
72	-37	10.119595	100.000000
72	-36	10.193216	100.000000
72	-35	10.264821	100.000000
72	-34	10.334408	100.000000
72	-33	10.401979	100.000000
72	-32	10.467532	100.000000
72	-31	10.531069	100.000000
72	-30	10.592588	100.000000
72	-29	10.652091	100.000000
72	-28	10.709576	100.000000
72	-27	10.765044	100.000000
72	-26	10.818496	100.000000
72	-25	10.869930	100.000000
72	-24	10.919347	100.000000
72	-23	10.966748	100.000000
72	-22	11.012131	100.000000
72	-21	11.055497	100.000000
72	-20	11.096846	100.000000
72	-19	11.136178	100.000000
72	-18	11.173493	100.000000
72	-17	11.208791	100.000000
72	-16	11.242072	100.000000
72	-15	11.273336	100.000000
72	-14	11.302583	100.000000
72	-13	11.329813	100.000000
72	-12	11.355026	100.000000
72	-11	11.378222	100.000000
72	-10	11.399401	100.000000
72	-9	11.418562	100.000000
72	-8	11.435707	100.000000
72	-7	11.450835	100.000000
72	-6	11.463946	100.000000
72	-5	11.475039	100.000000
72	-4	11.484116	100.000000
72	-3	11.491175	100.000000
72	-2	11.496218	100.000000
72	-1	11.499244	100.000000
72	0	11.500252	100.000000
72	1	11.499244	100.000000
72	2	11.496218	100.000000
72	3	11.491175	100.000000
72	4	11.484116	100.000000
72	5	11.475039	100.000000
72	6	11.463946	100.000000
72	7	11.450835	100.000000
72	8	11.435707	100.000000
72	9	11.418562	100.000000
72	10	11.399401	100.000000
72	11	11.378222	100.000000
72	12	11.355026	100.000000
72	13	11.329813	100.000000
72	14	11.302583	100.000000
72	15	11.273336	100.000000
72	16	11.242072	100.000000
72	17	11.208791	100.000000
72	18	11.173493	100.000000
72	19	11.136178	100.000000
72	20	11.096846	100.000000
72	21	11.055497	100.000000
72	22	11.012131	100.000000
72	23	10.966748	100.000000
72	24	10.919347	100.000000
72	25	10.869930	100.000000
72	26	10.818496	100.000000
72	27	10.765044	100.000000
72	28	10.709576	100.000000
72	29	10.652091	100.000000
72	30	10.592588	100.000000
72	31	10.531069	100.000000
72	32	10.467532	100.000000
72	33	10.401979	100.000000
72	34	10.334408	100.000000
72	35	10.264821	100.000000
72	36	10.193216	100.000000
72	37	10.119595	100.000000
72	38	10.043956	100.000000
72	39	9.966300	100.000000
72	40	9.886628	100.000000
72	41	9.804938	100.000000
72	42	9.721231	100.000000
72	43	9.635507	100.000000
72	44	9.547767	100.000000
72	45	9.458009	100.000000
72	46	9.366234	100.000000
72	47	9.272442	100.000000
72	48	9.176633	100.000000
72	49	9.078807	100.000000
72	50	8.978964	100.000000
72	51	8.877104	100.000000
72	52	8.773227	100.000000
72	53	8.667333	100.000000
72	54	8.559422	100.000000
72	55	8.449493	100.000000
72	56	8.337548	100.000000
72	57	8.223586	100.000000
72	58	8.107607	100.000000
72	59	7.989610	100.000000
72	60	7.869597	100.000000
72	61	7.747567	100.000000
72	62	7.623519	100.000000
72	63	7.497455	100.000000
72	64	7.369373	100.000000
72	65	7.239275	100.000000
72	66	7.107160	100.000000
72	67	6.973027	100.000000
72	68	6.836877	100.000000
72	69	6.698711	100.000000
72	70	6.558527	100.000000
72	71	6.416327	100.000000
72	72	6.272109	100.000000
74	-74	6.270199	100.000000
74	-73	6.410596	100.000000
74	-72	6.549083	100.000000
74	-71	6.685660	100.000000
74	-70	6.820327	100.000000
74	-69	6.953084	100.000000
74	-68	7.083930	100.000000
74	-67	7.212867	100.000000
74	-66	7.339893	100.000000
74	-65	7.465009	100.000000
74	-64	7.588215	100.000000
74	-63	7.709510	100.000000
74	-62	7.828896	100.000000
74	-61	7.946371	100.000000
74	-60	8.061936	100.000000
74	-59	8.175591	100.000000
74	-58	8.287336	100.000000
74	-57	8.397171	100.000000
74	-56	8.505095	100.000000
74	-55	8.611110	100.000000
74	-54	8.715214	100.000000
74	-53	8.817408	100.000000
74	-52	8.917692	100.000000
74	-51	9.016065	100.000000
74	-50	9.112529	100.000000
74	-49	9.207082	100.000000
74	-48	9.299725	100.000000
74	-47	9.390458	100.000000
74	-46	9.479281	100.000000
74	-45	9.566194	100.000000
74	-44	9.651196	100.000000
74	-43	9.734288	100.000000
74	-42	9.815471	100.000000
74	-41	9.894743	100.000000
74	-40	9.972104	100.000000
74	-39	10.047556	100.000000
74	-38	10.121097	100.000000
74	-37	10.192729	100.000000
74	-36	10.262450	100.000000
74	-35	10.330261	100.000000
74	-34	10.396162	100.000000
74	-33	10.460152	100.000000
74	-32	10.522233	100.000000
74	-31	10.582403	100.000000
74	-30	10.640663	100.000000
74	-29	10.697013	100.000000
74	-28	10.751453	100.000000
74	-27	10.803983	100.000000
74	-26	10.854602	100.000000
74	-25	10.903311	100.000000
74	-24	10.950110	100.000000
74	-23	10.994999	100.000000
74	-22	11.037978	100.000000
74	-21	11.079047	100.000000
74	-20	11.118205	100.000000
74	-19	11.155453	100.000000
74	-18	11.190792	100.000000
74	-17	11.224219	100.000000
74	-16	11.255737	100.000000
74	-15	11.285345	100.000000
74	-14	11.313042	100.000000
74	-13	11.338830	100.000000
74	-12	11.362707	100.000000
74	-11	11.384674	100.000000
74	-10	11.404730	100.000000
74	-9	11.422877	100.000000
74	-8	11.439113	100.000000
74	-7	11.453440	100.000000
74	-6	11.465856	100.000000
74	-5	11.476362	100.000000
74	-4	11.484957	100.000000
74	-3	11.491643	100.000000
74	-2	11.496418	100.000000
74	-1	11.499284	100.000000
74	0	11.500239	100.000000
74	1	11.499284	100.000000
74	2	11.496418	100.000000
74	3	11.491643	100.000000
74	4	11.484957	100.000000
74	5	11.476362	100.000000
74	6	11.465856	100.000000
74	7	11.453440	100.000000
74	8	11.439113	100.000000
74	9	11.422877	100.000000
74	10	11.404730	100.000000
74	11	11.384674	100.000000
74	12	11.362707	100.000000
74	13	11.338830	100.000000
74	14	11.313042	100.000000
74	15	11.285345	100.000000
74	16	11.255737	100.000000
74	17	11.224219	100.000000
74	18	11.190792	100.000000
74	19	11.155453	100.000000
74	20	11.118205	100.000000
74	21	11.079047	100.000000
74	22	11.037978	100.000000
74	23	10.994999	100.000000
74	24	10.950110	100.000000
74	25	10.903311	100.000000
74	26	10.854602	100.000000
74	27	10.803983	100.000000
74	28	10.751453	100.000000
74	29	10.697013	100.000000
74	30	10.640663	100.000000
74	31	10.582403	100.000000
74	32	10.522233	100.000000
74	33	10.460152	100.000000
74	34	10.396162	100.000000
74	35	10.330261	100.000000
74	36	10.262450	100.000000
74	37	10.192729	100.000000
74	38	10.121097	100.000000
74	39	10.047556	100.000000
74	40	9.972104	100.000000
74	41	9.894743	100.000000
74	42	9.815471	100.000000
74	43	9.734288	100.000000
74	44	9.651196	100.000000
74	45	9.566194	100.000000
74	46	9.479281	100.000000
74	47	9.390458	100.000000
74	48	9.299725	100.000000
74	49	9.207082	100.000000
74	50	9.112529	100.000000
74	51	9.016065	100.000000
74	52	8.917692	100.000000
74	53	8.817408	100.000000
74	54	8.715214	100.000000
74	55	8.611110	100.000000
74	56	8.505095	100.000000
74	57	8.397171	100.000000
74	58	8.287336	100.000000
74	59	8.175591	100.000000
74	60	8.061936	100.000000
74	61	7.946371	100.000000
74	62	7.828896	100.000000
74	63	7.709510	100.000000
74	64	7.588215	100.000000
74	65	7.465009	100.000000
74	66	7.339893	100.000000
74	67	7.212867	100.000000
74	68	7.083930	100.000000
74	69	6.953084	100.000000
74	70	6.820327	100.000000
74	71	6.685660	100.000000
74	72	6.549083	100.000000
74	73	6.410596	100.000000
74	74	6.270199	100.000000
76	-76	6.268387	100.000000
76	-75	6.405161	100.000000
76	-74	6.540124	100.000000
76	-73	6.673275	100.000000
76	-72	6.804614	100.000000
76	-71	6.934142	100.000000
76	-70	7.061859	100.000000
76	-69	7.187763	100.000000
76	-68	7.311856	100.000000
76	-67	7.434138	100.000000
76	-66	7.554608	100.000000
76	-65	7.673266	100.000000
76	-64	7.790113	100.000000
76	-63	7.905148	100.000000
76	-62	8.018372	100.000000
76	-61	8.129784	100.000000
76	-60	8.239385	100.000000
76	-59	8.347174	100.000000
76	-58	8.453151	100.000000
76	-57	8.557317	100.000000
76	-56	8.659671	100.000000
76	-55	8.760214	100.000000
76	-54	8.858945	100.000000
76	-53	8.955864	100.000000
76	-52	9.050972	100.000000
76	-51	9.144268	100.000000
76	-50	9.235753	100.000000
76	-49	9.325426	100.000000
76	-48	9.413288	100.000000
76	-47	9.499338	100.000000
76	-46	9.583576	100.000000
76	-45	9.666003	100.000000
76	-44	9.746618	100.000000
76	-43	9.825422	100.000000
76	-42	9.902414	100.000000
76	-41	9.977595	100.000000
76	-40	10.050963	100.000000
76	-39	10.122521	100.000000
76	-38	10.192267	100.000000
76	-37	10.260201	100.000000
76	-36	10.326323	100.000000
76	-35	10.390634	100.000000
76	-34	10.453134	100.000000
76	-33	10.513822	100.000000
76	-32	10.572698	100.000000
76	-31	10.629763	100.000000
76	-30	10.685016	100.000000
76	-29	10.738458	100.000000
76	-28	10.790088	100.000000
76	-27	10.839906	100.000000
76	-26	10.887913	100.000000
76	-25	10.934108	100.000000
76	-24	10.978492	100.000000
76	-23	11.021064	100.000000
76	-22	11.061824	100.000000
76	-21	11.100773	100.000000
76	-20	11.137911	100.000000
76	-19	11.173236	100.000000
76	-18	11.206751	100.000000
76	-17	11.238453	100.000000
76	-16	11.268344	100.000000
76	-15	11.296424	100.000000
76	-14	11.322692	100.000000
76	-13	11.347148	100.000000
76	-12	11.369793	100.000000
76	-11	11.390626	100.000000
76	-10	11.409648	100.000000
76	-9	11.426858	100.000000
76	-8	11.442256	100.000000
76	-7	11.455843	100.000000
76	-6	11.467618	100.000000
76	-5	11.477582	100.000000
76	-4	11.485734	100.000000
76	-3	11.492074	100.000000
76	-2	11.496603	100.000000
76	-1	11.499321	100.000000
76	0	11.500226	100.000000
76	1	11.499321	100.000000
76	2	11.496603	100.000000
76	3	11.492074	100.000000
76	4	11.485734	100.000000
76	5	11.477582	100.000000
76	6	11.467618	100.000000
76	7	11.455843	100.000000
76	8	11.442256	100.000000
76	9	11.426858	100.000000
76	10	11.409648	100.000000
76	11	11.390626	100.000000
76	12	11.369793	100.000000
76	13	11.347148	100.000000
76	14	11.322692	100.000000
76	15	11.296424	100.000000
76	16	11.268344	100.000000
76	17	11.238453	100.000000
76	18	11.206751	100.000000
76	19	11.173236	100.000000
76	20	11.137911	100.000000
76	21	11.100773	100.000000
76	22	11.061824	100.000000
76	23	11.021064	100.000000
76	24	10.978492	100.000000
76	25	10.934108	100.000000
76	26	10.887913	100.000000
76	27	10.839906	100.000000
76	28	10.790088	100.000000
76	29	10.738458	100.000000
76	30	10.685016	100.000000
76	31	10.629763	100.000000
76	32	10.572698	100.000000
76	33	10.513822	100.000000
76	34	10.453134	100.000000
76	35	10.390634	100.000000
76	36	10.326323	100.000000
76	37	10.260201	100.000000
76	38	10.192267	100.000000
76	39	10.122521	100.000000
76	40	10.050963	100.000000
76	41	9.977595	100.000000
76	42	9.902414	100.000000
76	43	9.825422	100.000000
76	44	9.746618	100.000000
76	45	9.666003	100.000000
76	46	9.583576	100.000000
76	47	9.499338	100.000000
76	48	9.413288	100.000000
76	49	9.325426	100.000000
76	50	9.235753	100.000000
76	51	9.144268	100.000000
76	52	9.050972	100.000000
76	53	8.955864	100.000000
76	54	8.858945	100.000000
76	55	8.760214	100.000000
76	56	8.659671	100.000000
76	57	8.557317	100.000000
76	58	8.453151	100.000000
76	59	8.347174	100.000000
76	60	8.239385	100.000000
76	61	8.129784	100.000000
76	62	8.018372	100.000000
76	63	7.905148	100.000000
76	64	7.790113	100.000000
76	65	7.673266	100.000000
76	66	7.554608	100.000000
76	67	7.434138	100.000000
76	68	7.311856	100.000000
76	69	7.187763	100.000000
76	70	7.061859	100.000000
76	71	6.934142	100.000000
76	72	6.804614	100.000000
76	73	6.673275	100.000000
76	74	6.540124	100.000000
76	75	6.405161	100.000000
76	76	6.268387	100.000000
78	-78	6.266667	100.000000
78	-77	6.400000	100.000000
78	-76	6.531613	100.000000
78	-75	6.661505	100.000000
78	-74	6.789677	100.000000
78	-73	6.916129	100.000000
78	-72	7.040860	100.000000
78	-71	7.163871	100.000000
78	-70	7.285161	100.000000
78	-69	7.404731	100.000000
78	-68	7.522581	100.000000
78	-67	7.638710	100.000000
78	-66	7.753118	100.000000
78	-65	7.865806	100.000000
78	-64	7.976774	100.000000
78	-63	8.086022	100.000000
78	-62	8.193548	100.000000
78	-61	8.299355	100.000000
78	-60	8.403441	100.000000
78	-59	8.505806	100.000000
78	-58	8.606452	100.000000
78	-57	8.705376	100.000000
78	-56	8.802581	100.000000
78	-55	8.898065	100.000000
78	-54	8.991828	100.000000
78	-53	9.083871	100.000000
78	-52	9.174194	100.000000
78	-51	9.262796	100.000000
78	-50	9.349677	100.000000
78	-49	9.434839	100.000000
78	-48	9.518280	100.000000
78	-47	9.600000	100.000000
78	-46	9.680000	100.000000
78	-45	9.758280	100.000000
78	-44	9.834839	100.000000
78	-43	9.909677	100.000000
78	-42	9.982796	100.000000
78	-41	10.054194	100.000000
78	-40	10.123871	100.000000
78	-39	10.191828	100.000000
78	-38	10.258065	100.000000
78	-37	10.322581	100.000000
78	-36	10.385376	100.000000
78	-35	10.446452	100.000000
78	-34	10.505806	100.000000
78	-33	10.563441	100.000000
78	-32	10.619355	100.000000
78	-31	10.673548	100.000000
78	-30	10.726022	100.000000
78	-29	10.776774	100.000000
78	-28	10.825806	100.000000
78	-27	10.873118	100.000000
78	-26	10.918710	100.000000
78	-25	10.962581	100.000000
78	-24	11.004731	100.000000
78	-23	11.045161	100.000000
78	-22	11.083871	100.000000
78	-21	11.120860	100.000000
78	-20	11.156129	100.000000
78	-19	11.189677	100.000000
78	-18	11.221505	100.000000
78	-17	11.251613	100.000000
78	-16	11.280000	100.000000
78	-15	11.306667	100.000000
78	-14	11.331613	100.000000
78	-13	11.354839	100.000000
78	-12	11.376344	100.000000
78	-11	11.396129	100.000000
78	-10	11.414194	100.000000
78	-9	11.430538	100.000000
78	-8	11.445161	100.000000
78	-7	11.458065	100.000000
78	-6	11.469247	100.000000
78	-5	11.478710	100.000000
78	-4	11.486452	100.000000
78	-3	11.492473	100.000000
78	-2	11.496774	100.000000
78	-1	11.499355	100.000000
78	0	11.500215	100.000000
78	1	11.499355	100.000000
78	2	11.496774	100.000000
78	3	11.492473	100.000000
78	4	11.486452	100.000000
78	5	11.478710	100.000000
78	6	11.469247	100.000000
78	7	11.458065	100.000000
78	8	11.445161	100.000000
78	9	11.430538	100.000000
78	10	11.414194	100.000000
78	11	11.396129	100.000000
78	12	11.376344	100.000000
78	13	11.354839	100.000000
78	14	11.331613	100.000000
78	15	11.306667	100.000000
78	16	11.280000	100.000000
78	17	11.251613	100.000000
78	18	11.221505	100.000000
78	19	11.189677	100.000000
78	20	11.156129	100.000000
78	21	11.120860	100.000000
78	22	11.083871	100.000000
78	23	11.045161	100.000000
78	24	11.004731	100.000000
78	25	10.962581	100.000000
78	26	10.918710	100.000000
78	27	10.873118	100.000000
78	28	10.825806	100.000000
78	29	10.776774	100.000000
78	30	10.726022	100.000000
78	31	10.673548	100.000000
78	32	10.619355	100.000000
78	33	10.563441	100.000000
78	34	10.505806	100.000000
78	35	10.446452	100.000000
78	36	10.385376	100.000000
78	37	10.322581	100.000000
78	38	10.258065	100.000000
78	39	10.191828	100.000000
78	40	10.123871	100.000000
78	41	10.054194	100.000000
78	42	9.982796	100.000000
78	43	9.909677	100.000000
78	44	9.834839	100.000000
78	45	9.758280	100.000000
78	46	9.680000	100.000000
78	47	9.600000	100.000000
78	48	9.518280	100.000000
78	49	9.434839	100.000000
78	50	9.349677	100.000000
78	51	9.262796	100.000000
78	52	9.174194	100.000000
78	53	9.083871	100.000000
78	54	8.991828	100.000000
78	55	8.898065	100.000000
78	56	8.802581	100.000000
78	57	8.705376	100.000000
78	58	8.606452	100.000000
78	59	8.505806	100.000000
78	60	8.403441	100.000000
78	61	8.299355	100.000000
78	62	8.193548	100.000000
78	63	8.086022	100.000000
78	64	7.976774	100.000000
78	65	7.865806	100.000000
78	66	7.753118	100.000000
78	67	7.638710	100.000000
78	68	7.522581	100.000000
78	69	7.404731	100.000000
78	70	7.285161	100.000000
78	71	7.163871	100.000000
78	72	7.040860	100.000000
78	73	6.916129	100.000000
78	74	6.789677	100.000000
78	75	6.661505	100.000000
78	76	6.531613	100.000000
78	77	6.400000	100.000000
78	78	6.266667	100.000000
80	-80	6.265031	100.000000
80	-79	6.395092	100.000000
80	-78	6.523517	100.000000
80	-77	6.650307	100.000000
80	-76	6.775460	100.000000
80	-75	6.898978	100.000000
80	-74	7.020859	100.000000
80	-73	7.141104	100.000000
80	-72	7.259714	100.000000
80	-71	7.376687	100.000000
80	-70	7.492025	100.000000
80	-69	7.605726	100.000000
80	-68	7.717791	100.000000
80	-67	7.828221	100.000000
80	-66	7.937014	100.000000
80	-65	8.044172	100.000000
80	-64	8.149693	100.000000
80	-63	8.253579	100.000000
80	-62	8.355828	100.000000
80	-61	8.456442	100.000000
80	-60	8.555419	100.000000
80	-59	8.652761	100.000000
80	-58	8.748466	100.000000
80	-57	8.842536	100.000000
80	-56	8.934969	100.000000
80	-55	9.025767	100.000000
80	-54	9.114928	100.000000
80	-53	9.202454	100.000000
80	-52	9.288344	100.000000
80	-51	9.372597	100.000000
80	-50	9.455215	100.000000
80	-49	9.536196	100.000000
80	-48	9.615542	100.000000
80	-47	9.693252	100.000000
80	-46	9.769325	100.000000
80	-45	9.843763	100.000000
80	-44	9.916564	100.000000
80	-43	9.987730	100.000000
80	-42	10.057260	100.000000
80	-41	10.125153	100.000000
80	-40	10.191411	100.000000
80	-39	10.256033	100.000000
80	-38	10.319018	100.000000
80	-37	10.380368	100.000000
80	-36	10.440082	100.000000
80	-35	10.498160	100.000000
80	-34	10.554601	100.000000
80	-33	10.609407	100.000000
80	-32	10.662577	100.000000
80	-31	10.714110	100.000000
80	-30	10.764008	100.000000
80	-29	10.812270	100.000000
80	-28	10.858896	100.000000
80	-27	10.903885	100.000000
80	-26	10.947239	100.000000
80	-25	10.988957	100.000000
80	-24	11.029039	100.000000
80	-23	11.067485	100.000000
80	-22	11.104294	100.000000
80	-21	11.139468	100.000000
80	-20	11.173006	100.000000
80	-19	11.204908	100.000000
80	-18	11.235174	100.000000
80	-17	11.263804	100.000000
80	-16	11.290798	100.000000
80	-15	11.316155	100.000000
80	-14	11.339877	100.000000
80	-13	11.361963	100.000000
80	-12	11.382413	100.000000
80	-11	11.401227	100.000000
80	-10	11.418405	100.000000
80	-9	11.433947	100.000000
80	-8	11.447853	100.000000
80	-7	11.460123	100.000000
80	-6	11.470757	100.000000
80	-5	11.479755	100.000000
80	-4	11.487117	100.000000
80	-3	11.492843	100.000000
80	-2	11.496933	100.000000
80	-1	11.499387	100.000000
80	0	11.500204	100.000000
80	1	11.499387	100.000000
80	2	11.496933	100.000000
80	3	11.492843	100.000000
80	4	11.487117	100.000000
80	5	11.479755	100.000000
80	6	11.470757	100.000000
80	7	11.460123	100.000000
80	8	11.447853	100.000000
80	9	11.433947	100.000000
80	10	11.418405	100.000000
80	11	11.401227	100.000000
80	12	11.382413	100.000000
80	13	11.361963	100.000000
80	14	11.339877	100.000000
80	15	11.316155	100.000000
80	16	11.290798	100.000000
80	17	11.263804	100.000000
80	18	11.235174	100.000000
80	19	11.204908	100.000000
80	20	11.173006	100.000000
80	21	11.139468	100.000000
80	22	11.104294	100.000000
80	23	11.067485	100.000000
80	24	11.029039	100.000000
80	25	10.988957	100.000000
80	26	10.947239	100.000000
80	27	10.903885	100.000000
80	28	10.858896	100.000000
80	29	10.812270	100.000000
80	30	10.764008	100.000000
80	31	10.714110	100.000000
80	32	10.662577	100.000000
80	33	10.609407	100.000000
80	34	10.554601	100.000000
80	35	10.498160	100.000000
80	36	10.440082	100.000000
80	37	10.380368	100.000000
80	38	10.319018	100.000000
80	39	10.256033	100.000000
80	40	10.191411	100.000000
80	41	10.125153	100.000000
80	42	10.057260	100.000000
80	43	9.987730	100.000000
80	44	9.916564	100.000000
80	45	9.843763	100.000000
80	46	9.769325	100.000000
80	47	9.693252	100.000000
80	48	9.615542	100.000000
80	49	9.536196	100.000000
80	50	9.455215	100.000000
80	51	9.372597	100.000000
80	52	9.288344	100.000000
80	53	9.202454	100.000000
80	54	9.114928	100.000000
80	55	9.025767	100.000000
80	56	8.934969	100.000000
80	57	8.842536	100.000000
80	58	8.748466	100.000000
80	59	8.652761	100.000000
80	60	8.555419	100.000000
80	61	8.456442	100.000000
80	62	8.355828	100.000000
80	63	8.253579	100.000000
80	64	8.149693	100.000000
80	65	8.044172	100.000000
80	66	7.937014	100.000000
80	67	7.828221	100.000000
80	68	7.717791	100.000000
80	69	7.605726	100.000000
80	70	7.492025	100.000000
80	71	7.376687	100.000000
80	72	7.259714	100.000000
80	73	7.141104	100.000000
80	74	7.020859	100.000000
80	75	6.898978	100.000000
80	76	6.775460	100.000000
80	77	6.650307	100.000000
80	78	6.523517	100.000000
80	79	6.395092	100.000000
80	80	6.265031	100.000000
82	-82	6.263473	100.000000
82	-81	6.390419	100.000000
82	-80	6.515808	100.000000
82	-79	6.639639	100.000000
82	-78	6.761912	100.000000
82	-77	6.882627	100.000000
82	-76	7.001785	100.000000
82	-75	7.119386	100.000000
82	-74	7.235429	100.000000
82	-73	7.349914	100.000000
82	-72	7.462841	100.000000
82	-71	7.574211	100.000000
82	-70	7.684023	100.000000
82	-69	7.792278	100.000000
82	-68	7.898975	100.000000
82	-67	8.004114	100.000000
82	-66	8.107696	100.000000
82	-65	8.209720	100.000000
82	-64	8.310187	100.000000
82	-63	8.409096	100.000000
82	-62	8.506447	100.000000
82	-61	8.602241	100.000000
82	-60	8.696477	100.000000
82	-59	8.789155	100.000000
82	-58	8.880276	100.000000
82	-57	8.969839	100.000000
82	-56	9.057845	100.000000
82	-55	9.144293	100.000000
82	-54	9.229183	100.000000
82	-53	9.312516	100.000000
82	-52	9.394291	100.000000
82	-51	9.474509	100.000000
82	-50	9.553169	100.000000
82	-49	9.630271	100.000000
82	-48	9.705815	100.000000
82	-47	9.779802	100.000000
82	-46	9.852232	100.000000
82	-45	9.923103	100.000000
82	-44	9.992418	100.000000
82	-43	10.060174	100.000000
82	-42	10.126373	100.000000
82	-41	10.191014	100.000000
82	-40	10.254098	100.000000
82	-39	10.315624	100.000000
82	-38	10.375592	100.000000
82	-37	10.434003	100.000000
82	-36	10.490856	100.000000
82	-35	10.546152	100.000000
82	-34	10.599890	100.000000
82	-33	10.652070	100.000000
82	-32	10.702693	100.000000
82	-31	10.751758	100.000000
82	-30	10.799265	100.000000
82	-29	10.845215	100.000000
82	-28	10.889607	100.000000
82	-27	10.932442	100.000000
82	-26	10.973719	100.000000
82	-25	11.013438	100.000000
82	-24	11.051600	100.000000
82	-23	11.088204	100.000000
82	-22	11.123250	100.000000
82	-21	11.156739	100.000000
82	-20	11.188671	100.000000
82	-19	11.219044	100.000000
82	-18	11.247860	100.000000
82	-17	11.275118	100.000000
82	-16	11.300819	100.000000
82	-15	11.324962	100.000000
82	-14	11.347548	100.000000
82	-13	11.368576	100.000000
82	-12	11.388046	100.000000
82	-11	11.405959	100.000000
82	-10	11.422314	100.000000
82	-9	11.437111	100.000000
82	-8	11.450351	100.000000
82	-7	11.462033	100.000000
82	-6	11.472158	100.000000
82	-5	11.480724	100.000000
82	-4	11.487734	100.000000
82	-3	11.493185	100.000000
82	-2	11.497079	100.000000
82	-1	11.499416	100.000000
82	0	11.500195	100.000000
82	1	11.499416	100.000000
82	2	11.497079	100.000000
82	3	11.493185	100.000000
82	4	11.487734	100.000000
82	5	11.480724	100.000000
82	6	11.472158	100.000000
82	7	11.462033	100.000000
82	8	11.450351	100.000000
82	9	11.437111	100.000000
82	10	11.422314	100.000000
82	11	11.405959	100.000000
82	12	11.388046	100.000000
82	13	11.368576	100.000000
82	14	11.347548	100.000000
82	15	11.324962	100.000000
82	16	11.300819	100.000000
82	17	11.275118	100.000000
82	18	11.247860	100.000000
82	19	11.219044	100.000000
82	20	11.188671	100.000000
82	21	11.156739	100.000000
82	22	11.123250	100.000000
82	23	11.088204	100.000000
82	24	11.051600	100.000000
82	25	11.013438	100.000000
82	26	10.973719	100.000000
82	27	10.932442	100.000000
82	28	10.889607	100.000000
82	29	10.845215	100.000000
82	30	10.799265	100.000000
82	31	10.751758	100.000000
82	32	10.702693	100.000000
82	33	10.652070	100.000000
82	34	10.599890	100.000000
82	35	10.546152	100.000000
82	36	10.490856	100.000000
82	37	10.434003	100.000000
82	38	10.375592	100.000000
82	39	10.315624	100.000000
82	40	10.254098	100.000000
82	41	10.191014	100.000000
82	42	10.126373	100.000000
82	43	10.060174	100.000000
82	44	9.992418	100.000000
82	45	9.923103	100.000000
82	46	9.852232	100.000000
82	47	9.779802	100.000000
82	48	9.705815	100.000000
82	49	9.630271	100.000000
82	50	9.553169	100.000000
82	51	9.474509	100.000000
82	52	9.394291	100.000000
82	53	9.312516	100.000000
82	54	9.229183	100.000000
82	55	9.144293	100.000000
82	56	9.057845	100.000000
82	57	8.969839	100.000000
82	58	8.880276	100.000000
82	59	8.789155	100.000000
82	60	8.696477	100.000000
82	61	8.602241	100.000000
82	62	8.506447	100.000000
82	63	8.409096	100.000000
82	64	8.310187	100.000000
82	65	8.209720	100.000000
82	66	8.107696	100.000000
82	67	8.004114	100.000000
82	68	7.898975	100.000000
82	69	7.792278	100.000000
82	70	7.684023	100.000000
82	71	7.574211	100.000000
82	72	7.462841	100.000000
82	73	7.349914	100.000000
82	74	7.235429	100.000000
82	75	7.119386	100.000000
82	76	7.001785	100.000000
82	77	6.882627	100.000000
82	78	6.761912	100.000000
82	79	6.639639	100.000000
82	80	6.515808	100.000000
82	81	6.390419	100.000000
82	82	6.263473	100.000000
84	-84	6.261988	100.000000
84	-83	6.385965	100.000000
84	-82	6.508457	100.000000
84	-81	6.629464	100.000000
84	-80	6.748986	100.000000
84	-79	6.867024	100.000000
84	-78	6.983577	100.000000
84	-77	7.098645	100.000000
84	-76	7.212228	100.000000
84	-75	7.324327	100.000000
84	-74	7.434941	100.000000
84	-73	7.544070	100.000000
84	-72	7.651714	100.000000
84	-71	7.757874	100.000000
84	-70	7.862549	100.000000
84	-69	7.965739	100.000000
84	-68	8.067444	100.000000
84	-67	8.167665	100.000000
84	-66	8.266401	100.000000
84	-65	8.363652	100.000000
84	-64	8.459418	100.000000
84	-63	8.553700	100.000000
84	-62	8.646496	100.000000
84	-61	8.737809	100.000000
84	-60	8.827636	100.000000
84	-59	8.915979	100.000000
84	-58	9.002836	100.000000
84	-57	9.088210	100.000000
84	-56	9.172098	100.000000
84	-55	9.254502	100.000000
84	-54	9.335420	100.000000
84	-53	9.414855	100.000000
84	-52	9.492804	100.000000
84	-51	9.569268	100.000000
84	-50	9.644248	100.000000
84	-49	9.717743	100.000000
84	-48	9.789754	100.000000
84	-47	9.860279	100.000000
84	-46	9.929320	100.000000
84	-45	9.996876	100.000000
84	-44	10.062948	100.000000
84	-43	10.127534	100.000000
84	-42	10.190636	100.000000
84	-41	10.252253	100.000000
84	-40	10.312386	100.000000
84	-39	10.371033	100.000000
84	-38	10.428196	100.000000
84	-37	10.483874	100.000000
84	-36	10.538068	100.000000
84	-35	10.590776	100.000000
84	-34	10.642000	100.000000
84	-33	10.691739	100.000000
84	-32	10.739994	100.000000
84	-31	10.786763	100.000000
84	-30	10.832048	100.000000
84	-29	10.875848	100.000000
84	-28	10.918164	100.000000
84	-27	10.958994	100.000000
84	-26	10.998340	100.000000
84	-25	11.036201	100.000000
84	-24	11.072578	100.000000
84	-23	11.107469	100.000000
84	-22	11.140876	100.000000
84	-21	11.172798	100.000000
84	-20	11.203236	100.000000
84	-19	11.232188	100.000000
84	-18	11.259656	100.000000
84	-17	11.285639	100.000000
84	-16	11.310138	100.000000
84	-15	11.333151	100.000000
84	-14	11.354680	100.000000
84	-13	11.374724	100.000000
84	-12	11.393284	100.000000
84	-11	11.410358	100.000000
84	-10	11.425948	100.000000
84	-9	11.440053	100.000000
84	-8	11.452674	100.000000
84	-7	11.463809	100.000000
84	-6	11.473460	100.000000
84	-5	11.481626	100.000000
84	-4	11.488308	100.000000
84	-3	11.493504	100.000000
84	-2	11.497216	100.000000
84	-1	11.499443	100.000000
84	0	11.500186	100.000000
84	1	11.499443	100.000000
84	2	11.497216	100.000000
84	3	11.493504	100.000000
84	4	11.488308	100.000000
84	5	11.481626	100.000000
84	6	11.473460	100.000000
84	7	11.463809	100.000000
84	8	11.452674	100.000000
84	9	11.440053	100.000000
84	10	11.425948	100.000000
84	11	11.410358	100.000000
84	12	11.393284	100.000000
84	13	11.374724	100.000000
84	14	11.354680	100.000000
84	15	11.333151	100.000000
84	16	11.310138	100.000000
84	17	11.285639	100.000000
84	18	11.259656	100.000000
84	19	11.232188	100.000000
84	20	11.203236	100.000000
84	21	11.172798	100.000000
84	22	11.140876	100.000000
84	23	11.107469	100.000000
84	24	11.072578	100.000000
84	25	11.036201	100.000000
84	26	10.998340	100.000000
84	27	10.958994	100.000000
84	28	10.918164	100.000000
84	29	10.875848	100.000000
84	30	10.832048	100.000000
84	31	10.786763	100.000000
84	32	10.739994	100.000000
84	33	10.691739	100.000000
84	34	10.642000	100.000000
84	35	10.590776	100.000000
84	36	10.538068	100.000000
84	37	10.483874	100.000000
84	38	10.428196	100.000000
84	39	10.371033	100.000000
84	40	10.312386	100.000000
84	41	10.252253	100.000000
84	42	10.190636	100.000000
84	43	10.127534	100.000000
84	44	10.062948	100.000000
84	45	9.996876	100.000000
84	46	9.929320	100.000000
84	47	9.860279	100.000000
84	48	9.789754	100.000000
84	49	9.717743	100.000000
84	50	9.644248	100.000000
84	51	9.569268	100.000000
84	52	9.492804	100.000000
84	53	9.414855	100.000000
84	54	9.335420	100.000000
84	55	9.254502	100.000000
84	56	9.172098	100.000000
84	57	9.088210	100.000000
84	58	9.002836	100.000000
84	59	8.915979	100.000000
84	60	8.827636	100.000000
84	61	8.737809	100.000000
84	62	8.646496	100.000000
84	63	8.553700	100.000000
84	64	8.459418	100.000000
84	65	8.363652	100.000000
84	66	8.266401	100.000000
84	67	8.167665	100.000000
84	68	8.067444	100.000000
84	69	7.965739	100.000000
84	70	7.862549	100.000000
84	71	7.757874	100.000000
84	72	7.651714	100.000000
84	73	7.544070	100.000000
84	74	7.434941	100.000000
84	75	7.324327	100.000000
84	76	7.212228	100.000000
84	77	7.098645	100.000000
84	78	6.983577	100.000000
84	79	6.867024	100.000000
84	80	6.748986	100.000000
84	81	6.629464	100.000000
84	82	6.508457	100.000000
84	83	6.385965	100.000000
84	84	6.261988	100.000000
86	-86	6.260571	100.000000
86	-85	6.381714	100.000000
86	-84	6.501440	100.000000
86	-83	6.619749	100.000000
86	-82	6.736642	100.000000
86	-81	6.852117	100.000000
86	-80	6.966175	100.000000
86	-79	7.078817	100.000000
86	-78	7.190042	100.000000
86	-77	7.299850	100.000000
86	-76	7.408241	100.000000
86	-75	7.515215	100.000000
86	-74	7.620772	100.000000
86	-73	7.724912	100.000000
86	-72	7.827636	100.000000
86	-71	7.928942	100.000000
86	-70	8.028832	100.000000
86	-69	8.127305	100.000000
86	-68	8.224361	100.000000
86	-67	8.320000	100.000000
86	-66	8.414222	100.000000
86	-65	8.507028	100.000000
86	-64	8.598416	100.000000
86	-63	8.688388	100.000000
86	-62	8.776942	100.000000
86	-61	8.864080	100.000000
86	-60	8.949801	100.000000
86	-59	9.034105	100.000000
86	-58	9.116992	100.000000
86	-57	9.198463	100.000000
86	-56	9.278516	100.000000
86	-55	9.357153	100.000000
86	-54	9.434373	100.000000
86	-53	9.510175	100.000000
86	-52	9.584561	100.000000
86	-51	9.657530	100.000000
86	-50	9.729083	100.000000
86	-49	9.799218	100.000000
86	-48	9.867937	100.000000
86	-47	9.935238	100.000000
86	-46	10.001123	100.000000
86	-45	10.065591	100.000000
86	-44	10.128642	100.000000
86	-43	10.190276	100.000000
86	-42	10.250493	100.000000
86	-41	10.309293	100.000000
86	-40	10.366677	100.000000
86	-39	10.422643	100.000000
86	-38	10.477193	100.000000
86	-37	10.530326	100.000000
86	-36	10.582042	100.000000
86	-35	10.632341	100.000000
86	-34	10.681223	100.000000
86	-33	10.728688	100.000000
86	-32	10.774737	100.000000
86	-31	10.819368	100.000000
86	-30	10.862583	100.000000
86	-29	10.904381	100.000000
86	-28	10.944762	100.000000
86	-27	10.983726	100.000000
86	-26	11.021273	100.000000
86	-25	11.057404	100.000000
86	-24	11.092117	100.000000
86	-23	11.125414	100.000000
86	-22	11.157293	100.000000
86	-21	11.187756	100.000000
86	-20	11.216802	100.000000
86	-19	11.244431	100.000000
86	-18	11.270643	100.000000
86	-17	11.295439	100.000000
86	-16	11.318817	100.000000
86	-15	11.340779	100.000000
86	-14	11.361323	100.000000
86	-13	11.380451	100.000000
86	-12	11.398162	100.000000
86	-11	11.414456	100.000000
86	-10	11.429333	100.000000
86	-9	11.442794	100.000000
86	-8	11.454837	100.000000
86	-7	11.465464	100.000000
86	-6	11.474673	100.000000
86	-5	11.482466	100.000000
86	-4	11.488842	100.000000
86	-3	11.493801	100.000000
86	-2	11.497343	100.000000
86	-1	11.499469	100.000000
86	0	11.500177	100.000000
86	1	11.499469	100.000000
86	2	11.497343	100.000000
86	3	11.493801	100.000000
86	4	11.488842	100.000000
86	5	11.482466	100.000000
86	6	11.474673	100.000000
86	7	11.465464	100.000000
86	8	11.454837	100.000000
86	9	11.442794	100.000000
86	10	11.429333	100.000000
86	11	11.414456	100.000000
86	12	11.398162	100.000000
86	13	11.380451	100.000000
86	14	11.361323	100.000000
86	15	11.340779	100.000000
86	16	11.318817	100.000000
86	17	11.295439	100.000000
86	18	11.270643	100.000000
86	19	11.244431	100.000000
86	20	11.216802	100.000000
86	21	11.187756	100.000000
86	22	11.157293	100.000000
86	23	11.125414	100.000000
86	24	11.092117	100.000000
86	25	11.057404	100.000000
86	26	11.021273	100.000000
86	27	10.983726	100.000000
86	28	10.944762	100.000000
86	29	10.904381	100.000000
86	30	10.862583	100.000000
86	31	10.819368	100.000000
86	32	10.774737	100.000000
86	33	10.728688	100.000000
86	34	10.681223	100.000000
86	35	10.632341	100.000000
86	36	10.582042	100.000000
86	37	10.530326	100.000000
86	38	10.477193	100.000000
86	39	10.422643	100.000000
86	40	10.366677	100.000000
86	41	10.309293	100.000000
86	42	10.250493	100.000000
86	43	10.190276	100.000000
86	44	10.128642	100.000000
86	45	10.065591	100.000000
86	46	10.001123	100.000000
86	47	9.935238	100.000000
86	48	9.867937	100.000000
86	49	9.799218	100.000000
86	50	9.729083	100.000000
86	51	9.657530	100.000000
86	52	9.584561	100.000000
86	53	9.510175	100.000000
86	54	9.434373	100.000000
86	55	9.357153	100.000000
86	56	9.278516	100.000000
86	57	9.198463	100.000000
86	58	9.116992	100.000000
86	59	9.034105	100.000000
86	60	8.949801	100.000000
86	61	8.864080	100.000000
86	62	8.776942	100.000000
86	63	8.688388	100.000000
86	64	8.598416	100.000000
86	65	8.507028	100.000000
86	66	8.414222	100.000000
86	67	8.320000	100.000000
86	68	8.224361	100.000000
86	69	8.127305	100.000000
86	70	8.028832	100.000000
86	71	7.928942	100.000000
86	72	7.827636	100.000000
86	73	7.724912	100.000000
86	74	7.620772	100.000000
86	75	7.515215	100.000000
86	76	7.408241	100.000000
86	77	7.299850	100.000000
86	78	7.190042	100.000000
86	79	7.078817	100.000000
86	80	6.966175	100.000000
86	81	6.852117	100.000000
86	82	6.736642	100.000000
86	83	6.619749	100.000000
86	84	6.501440	100.000000
86	85	6.381714	100.000000
86	86	6.260571	100.000000
88	-88	6.259218	100.000000
88	-87	6.377654	100.000000
88	-86	6.494736	100.000000
88	-85	6.610464	100.000000
88	-84	6.724840	100.000000
88	-83	6.837861	100.000000
88	-82	6.949529	100.000000
88	-81	7.059844	100.000000
88	-80	7.168804	100.000000
88	-79	7.276412	100.000000
88	-78	7.382666	100.000000
88	-77	7.487566	100.000000
88	-76	7.591113	100.000000
88	-75	7.693306	100.000000
88	-74	7.794145	100.000000
88	-73	7.893631	100.000000
88	-72	7.991764	100.000000
88	-71	8.088543	100.000000
88	-70	8.183968	100.000000
88	-69	8.278040	100.000000
88	-68	8.370758	100.000000
88	-67	8.462123	100.000000
88	-66	8.552134	100.000000
88	-65	8.640792	100.000000
88	-64	8.728096	100.000000
88	-63	8.814046	100.000000
88	-62	8.898643	100.000000
88	-61	8.981887	100.000000
88	-60	9.063777	100.000000
88	-59	9.144313	100.000000
88	-58	9.223496	100.000000
88	-57	9.301325	100.000000
88	-56	9.377800	100.000000
88	-55	9.452923	100.000000
88	-54	9.526691	100.000000
88	-53	9.599106	100.000000
88	-52	9.670168	100.000000
88	-51	9.739875	100.000000
88	-50	9.808230	100.000000
88	-49	9.875231	100.000000
88	-48	9.940878	100.000000
88	-47	10.005172	100.000000
88	-46	10.068112	100.000000
88	-45	10.129698	100.000000
88	-44	10.189931	100.000000
88	-43	10.248811	100.000000
88	-42	10.306337	100.000000
88	-41	10.362509	100.000000
88	-40	10.417328	100.000000
88	-39	10.470793	100.000000
88	-38	10.522905	100.000000
88	-37	10.573663	100.000000
88	-36	10.623068	100.000000
88	-35	10.671119	100.000000
88	-34	10.717816	100.000000
88	-33	10.763160	100.000000
88	-32	10.807151	100.000000
88	-31	10.849788	100.000000
88	-30	10.891071	100.000000
88	-29	10.931001	100.000000
88	-28	10.969577	100.000000
88	-27	11.006800	100.000000
88	-26	11.042669	100.000000
88	-25	11.077184	100.000000
88	-24	11.110346	100.000000
88	-23	11.142155	100.000000
88	-22	11.172610	100.000000
88	-21	11.201711	100.000000
88	-20	11.229459	100.000000
88	-19	11.255853	100.000000
88	-18	11.280894	100.000000
88	-17	11.304581	100.000000
88	-16	11.326915	100.000000
88	-15	11.347895	100.000000
88	-14	11.367521	100.000000
88	-13	11.385794	100.000000
88	-12	11.402713	100.000000
88	-11	11.418279	100.000000
88	-10	11.432492	100.000000
88	-9	11.445350	100.000000
88	-8	11.456856	100.000000
88	-7	11.467007	100.000000
88	-6	11.475805	100.000000
88	-5	11.483250	100.000000
88	-4	11.489341	100.000000
88	-3	11.494078	100.000000
88	-2	11.497462	100.000000
88	-1	11.499492	100.000000
88	0	11.500169	100.000000
88	1	11.499492	100.000000
88	2	11.497462	100.000000
88	3	11.494078	100.000000
88	4	11.489341	100.000000
88	5	11.483250	100.000000
88	6	11.475805	100.000000
88	7	11.467007	100.000000
88	8	11.456856	100.000000
88	9	11.445350	100.000000
88	10	11.432492	100.000000
88	11	11.418279	100.000000
88	12	11.402713	100.000000
88	13	11.385794	100.000000
88	14	11.367521	100.000000
88	15	11.347895	100.000000
88	16	11.326915	100.000000
88	17	11.304581	100.000000
88	18	11.280894	100.000000
88	19	11.255853	100.000000
88	20	11.229459	100.000000
88	21	11.201711	100.000000
88	22	11.172610	100.000000
88	23	11.142155	100.000000
88	24	11.110346	100.000000
88	25	11.077184	100.000000
88	26	11.042669	100.000000
88	27	11.006800	100.000000
88	28	10.969577	100.000000
88	29	10.931001	100.000000
88	30	10.891071	100.000000
88	31	10.849788	100.000000
88	32	10.807151	100.000000
88	33	10.763160	100.000000
88	34	10.717816	100.000000
88	35	10.671119	100.000000
88	36	10.623068	100.000000
88	37	10.573663	100.000000
88	38	10.522905	100.000000
88	39	10.470793	100.000000
88	40	10.417328	100.000000
88	41	10.362509	100.000000
88	42	10.306337	100.000000
88	43	10.248811	100.000000
88	44	10.189931	100.000000
88	45	10.129698	100.000000
88	46	10.068112	100.000000
88	47	10.005172	100.000000
88	48	9.940878	100.000000
88	49	9.875231	100.000000
88	50	9.808230	100.000000
88	51	9.739875	100.000000
88	52	9.670168	100.000000
88	53	9.599106	100.000000
88	54	9.526691	100.000000
88	55	9.452923	100.000000
88	56	9.377800	100.000000
88	57	9.301325	100.000000
88	58	9.223496	100.000000
88	59	9.144313	100.000000
88	60	9.063777	100.000000
88	61	8.981887	100.000000
88	62	8.898643	100.000000
88	63	8.814046	100.000000
88	64	8.728096	100.000000
88	65	8.640792	100.000000
88	66	8.552134	100.000000
88	67	8.462123	100.000000
88	68	8.370758	100.000000
88	69	8.278040	100.000000
88	70	8.183968	100.000000
88	71	8.088543	100.000000
88	72	7.991764	100.000000
88	73	7.893631	100.000000
88	74	7.794145	100.000000
88	75	7.693306	100.000000
88	76	7.591113	100.000000
88	77	7.487566	100.000000
88	78	7.382666	100.000000
88	79	7.276412	100.000000
88	80	7.168804	100.000000
88	81	7.059844	100.000000
88	82	6.949529	100.000000
88	83	6.837861	100.000000
88	84	6.724840	100.000000
88	85	6.610464	100.000000
88	86	6.494736	100.000000
88	87	6.377654	100.000000
88	88	6.259218	100.000000
90	-90	6.257923	100.000000
90	-89	6.373770	100.000000
90	-88	6.488323	100.000000
90	-87	6.601581	100.000000
90	-86	6.713545	100.000000
90	-85	6.824215	100.000000
90	-84	6.933590	100.000000
90	-83	7.041670	100.000000
90	-82	7.148457	100.000000
90	-81	7.253949	100.000000
90	-80	7.358146	100.000000
90	-79	7.461050	100.000000
90	-78	7.562658	100.000000
90	-77	7.662973	100.000000
90	-76	7.761993	100.000000
90	-75	7.859719	100.000000
90	-74	7.956150	100.000000
90	-73	8.051287	100.000000
90	-72	8.145129	100.000000
90	-71	8.237677	100.000000
90	-70	8.328931	100.000000
90	-69	8.418891	100.000000
90	-68	8.507556	100.000000
90	-67	8.594926	100.000000
90	-66	8.681003	100.000000
90	-65	8.765784	100.000000
90	-64	8.849272	100.000000
90	-63	8.931465	100.000000
90	-62	9.012364	100.000000
90	-61	9.091968	100.000000
90	-60	9.170278	100.000000
90	-59	9.247294	100.000000
90	-58	9.323015	100.000000
90	-57	9.397442	100.000000
90	-56	9.470574	100.000000
90	-55	9.542412	100.000000
90	-54	9.612956	100.000000
90	-53	9.682205	100.000000
90	-52	9.750160	100.000000
90	-51	9.816821	100.000000
90	-50	9.882187	100.000000
90	-49	9.946259	100.000000
90	-48	10.009036	100.000000
90	-47	10.070519	100.000000
90	-46	10.130708	100.000000
90	-45	10.189602	100.000000
90	-44	10.247202	100.000000
90	-43	10.303508	100.000000
90	-42	10.358519	100.000000
90	-41	10.412236	100.000000
90	-40	10.464658	100.000000
90	-39	10.515786	100.000000
90	-38	10.565620	100.000000
90	-37	10.614159	100.000000
90	-36	10.661404	100.000000
90	-35	10.707354	100.000000
90	-34	10.752010	100.000000
90	-33	10.795372	100.000000
90	-32	10.837439	100.000000
90	-31	10.878212	100.000000
90	-30	10.917691	100.000000
90	-29	10.955875	100.000000
90	-28	10.992765	100.000000
90	-27	11.028360	100.000000
90	-26	11.062661	100.000000
90	-25	11.095668	100.000000
90	-24	11.127380	100.000000
90	-23	11.157798	100.000000
90	-22	11.186922	100.000000
90	-21	11.214751	100.000000
90	-20	11.241286	100.000000
90	-19	11.266526	100.000000
90	-18	11.290472	100.000000
90	-17	11.313124	100.000000
90	-16	11.334481	100.000000
90	-15	11.354544	100.000000
90	-14	11.373313	100.000000
90	-13	11.390787	100.000000
90	-12	11.406966	100.000000
90	-11	11.421852	100.000000
90	-10	11.435443	100.000000
90	-9	11.447739	100.000000
90	-8	11.458742	100.000000
90	-7	11.468449	100.000000
90	-6	11.476863	100.000000
90	-5	11.483982	100.000000
90	-4	11.489807	100.000000
90	-3	11.494337	100.000000
90	-2	11.497573	100.000000
90	-1	11.499515	100.000000
90	0	11.500162	100.000000
90	1	11.499515	100.000000
90	2	11.497573	100.000000
90	3	11.494337	100.000000
90	4	11.489807	100.000000
90	5	11.483982	100.000000
90	6	11.476863	100.000000
90	7	11.468449	100.000000
90	8	11.458742	100.000000
90	9	11.447739	100.000000
90	10	11.435443	100.000000
90	11	11.421852	100.000000
90	12	11.406966	100.000000
90	13	11.390787	100.000000
90	14	11.373313	100.000000
90	15	11.354544	100.000000
90	16	11.334481	100.000000
90	17	11.313124	100.000000
90	18	11.290472	100.000000
90	19	11.266526	100.000000
90	20	11.241286	100.000000
90	21	11.214751	100.000000
90	22	11.186922	100.000000
90	23	11.157798	100.000000
90	24	11.127380	100.000000
90	25	11.095668	100.000000
90	26	11.062661	100.000000
90	27	11.028360	100.000000
90	28	10.992765	100.000000
90	29	10.955875	100.000000
90	30	10.917691	100.000000
90	31	10.878212	100.000000
90	32	10.837439	100.000000
90	33	10.795372	100.000000
90	34	10.752010	100.000000
90	35	10.707354	100.000000
90	36	10.661404	100.000000
90	37	10.614159	100.000000
90	38	10.565620	100.000000
90	39	10.515786	100.000000
90	40	10.464658	100.000000
90	41	10.412236	100.000000
90	42	10.358519	100.000000
90	43	10.303508	100.000000
90	44	10.247202	100.000000
90	45	10.189602	100.000000
90	46	10.130708	100.000000
90	47	10.070519	100.000000
90	48	10.009036	100.000000
90	49	9.946259	100.000000
90	50	9.882187	100.000000
90	51	9.816821	100.000000
90	52	9.750160	100.000000
90	53	9.682205	100.000000
90	54	9.612956	100.000000
90	55	9.542412	100.000000
90	56	9.470574	100.000000
90	57	9.397442	100.000000
90	58	9.323015	100.000000
90	59	9.247294	100.000000
90	60	9.170278	100.000000
90	61	9.091968	100.000000
90	62	9.012364	100.000000
90	63	8.931465	100.000000
90	64	8.849272	100.000000
90	65	8.765784	100.000000
90	66	8.681003	100.000000
90	67	8.594926	100.000000
90	68	8.507556	100.000000
90	69	8.418891	100.000000
90	70	8.328931	100.000000
90	71	8.237677	100.000000
90	72	8.145129	100.000000
90	73	8.051287	100.000000
90	74	7.956150	100.000000
90	75	7.859719	100.000000
90	76	7.761993	100.000000
90	77	7.662973	100.000000
90	78	7.562658	100.000000
90	79	7.461050	100.000000
90	80	7.358146	100.000000
90	81	7.253949	100.000000
90	82	7.148457	100.000000
90	83	7.041670	100.000000
90	84	6.933590	100.000000
90	85	6.824215	100.000000
90	86	6.713545	100.000000
90	87	6.601581	100.000000
90	88	6.488323	100.000000
90	89	6.373770	100.000000
90	90	6.257923	100.000000
92	-92	6.256684	100.000000
92	-91	6.370053	100.000000
92	-90	6.482183	100.000000
92	-89	6.593074	100.000000
92	-88	6.702726	100.000000
92	-87	6.811139	100.000000
92	-86	6.918313	100.000000
92	-85	7.024248	100.000000
92	-84	7.128944	100.000000
92	-83	7.232401	100.000000
92	-82	7.334619	100.000000
92	-81	7.435598	100.000000
92	-80	7.535338	100.000000
92	-79	7.633839	100.000000
92	-78	7.731101	100.000000
92	-77	7.827124	100.000000
92	-76	7.921908	100.000000
92	-75	8.015452	100.000000
92	-74	8.107758	100.000000
92	-73	8.198825	100.000000
92	-72	8.288653	100.000000
92	-71	8.377242	100.000000
92	-70	8.464592	100.000000
92	-69	8.550703	100.000000
92	-68	8.635575	100.000000
92	-67	8.719208	100.000000
92	-66	8.801601	100.000000
92	-65	8.882756	100.000000
92	-64	8.962672	100.000000
92	-63	9.041349	100.000000
92	-62	9.118787	100.000000
92	-61	9.194986	100.000000
92	-60	9.269945	100.000000
92	-59	9.343666	100.000000
92	-58	9.416148	100.000000
92	-57	9.487391	100.000000
92	-56	9.557395	100.000000
92	-55	9.626159	100.000000
92	-54	9.693685	100.000000
92	-53	9.759972	100.000000
92	-52	9.825020	100.000000
92	-51	9.888828	100.000000
92	-50	9.951398	100.000000
92	-49	10.012729	100.000000
92	-48	10.072821	100.000000
92	-47	10.131674	100.000000
92	-46	10.189287	100.000000
92	-45	10.245662	100.000000
92	-44	10.300798	100.000000
92	-43	10.354694	100.000000
92	-42	10.407352	100.000000
92	-41	10.458771	100.000000
92	-40	10.508951	100.000000
92	-39	10.557891	100.000000
92	-38	10.605593	100.000000
92	-37	10.652056	100.000000
92	-36	10.697279	100.000000
92	-35	10.741264	100.000000
92	-34	10.784010	100.000000
92	-33	10.825516	100.000000
92	-32	10.865784	100.000000
92	-31	10.904813	100.000000
92	-30	10.942602	100.000000
92	-29	10.979153	100.000000
92	-28	11.014465	100.000000
92	-27	11.048537	100.000000
92	-26	11.081371	100.000000
92	-25	11.112966	100.000000
92	-24	11.143321	100.000000
92	-23	11.172438	100.000000
92	-22	11.200316	100.000000
92	-21	11.226954	100.000000
92	-20	11.252354	100.000000
92	-19	11.276514	100.000000
92	-18	11.299436	100.000000
92	-17	11.321119	100.000000
92	-16	11.341562	100.000000
92	-15	11.360767	100.000000
92	-14	11.378732	100.000000
92	-13	11.395459	100.000000
92	-12	11.410946	100.000000
92	-11	11.425195	100.000000
92	-10	11.438205	100.000000
92	-9	11.449975	100.000000
92	-8	11.460507	100.000000
92	-7	11.469799	100.000000
92	-6	11.477853	100.000000
92	-5	11.484667	100.000000
92	-4	11.490243	100.000000
92	-3	11.494579	100.000000
92	-2	11.497677	100.000000
92	-1	11.499535	100.000000
92	0	11.500155	100.000000
92	1	11.499535	100.000000
92	2	11.497677	100.000000
92	3	11.494579	100.000000
92	4	11.490243	100.000000
92	5	11.484667	100.000000
92	6	11.477853	100.000000
92	7	11.469799	100.000000
92	8	11.460507	100.000000
92	9	11.449975	100.000000
92	10	11.438205	100.000000
92	11	11.425195	100.000000
92	12	11.410946	100.000000
92	13	11.395459	100.000000
92	14	11.378732	100.000000
92	15	11.360767	100.000000
92	16	11.341562	100.000000
92	17	11.321119	100.000000
92	18	11.299436	100.000000
92	19	11.276514	100.000000
92	20	11.252354	100.000000
92	21	11.226954	100.000000
92	22	11.200316	100.000000
92	23	11.172438	100.000000
92	24	11.143321	100.000000
92	25	11.112966	100.000000
92	26	11.081371	100.000000
92	27	11.048537	100.000000
92	28	11.014465	100.000000
92	29	10.979153	100.000000
92	30	10.942602	100.000000
92	31	10.904813	100.000000
92	32	10.865784	100.000000
92	33	10.825516	100.000000
92	34	10.784010	100.000000
92	35	10.741264	100.000000
92	36	10.697279	100.000000
92	37	10.652056	100.000000
92	38	10.605593	100.000000
92	39	10.557891	100.000000
92	40	10.508951	100.000000
92	41	10.458771	100.000000
92	42	10.407352	100.000000
92	43	10.354694	100.000000
92	44	10.300798	100.000000
92	45	10.245662	100.000000
92	46	10.189287	100.000000
92	47	10.131674	100.000000
92	48	10.072821	100.000000
92	49	10.012729	100.000000
92	50	9.951398	100.000000
92	51	9.888828	100.000000
92	52	9.825020	100.000000
92	53	9.759972	100.000000
92	54	9.693685	100.000000
92	55	9.626159	100.000000
92	56	9.557395	100.000000
92	57	9.487391	100.000000
92	58	9.416148	100.000000
92	59	9.343666	100.000000
92	60	9.269945	100.000000
92	61	9.194986	100.000000
92	62	9.118787	100.000000
92	63	9.041349	100.000000
92	64	8.962672	100.000000
92	65	8.882756	100.000000
92	66	8.801601	100.000000
92	67	8.719208	100.000000
92	68	8.635575	100.000000
92	69	8.550703	100.000000
92	70	8.464592	100.000000
92	71	8.377242	100.000000
92	72	8.288653	100.000000
92	73	8.198825	100.000000
92	74	8.107758	100.000000
92	75	8.015452	100.000000
92	76	7.921908	100.000000
92	77	7.827124	100.000000
92	78	7.731101	100.000000
92	79	7.633839	100.000000
92	80	7.535338	100.000000
92	81	7.435598	100.000000
92	82	7.334619	100.000000
92	83	7.232401	100.000000
92	84	7.128944	100.000000
92	85	7.024248	100.000000
92	86	6.918313	100.000000
92	87	6.811139	100.000000
92	88	6.702726	100.000000
92	89	6.593074	100.000000
92	90	6.482183	100.000000
92	91	6.370053	100.000000
92	92	6.256684	100.000000
94	-94	6.255497	100.000000
94	-93	6.366492	100.000000
94	-92	6.476300	100.000000
94	-91	6.584920	100.000000
94	-90	6.692354	100.000000
94	-89	6.798600	100.000000
94	-88	6.903659	100.000000
94	-87	7.007531	100.000000
94	-86	7.110216	100.000000
94	-85	7.211714	100.000000
94	-84	7.312025	100.000000
94	-83	7.411149	100.000000
94	-82	7.509085	100.000000
94	-81	7.605835	100.000000
94	-80	7.701397	100.000000
94	-79	7.795772	100.000000
94	-78	7.888960	100.000000
94	-77	7.980961	100.000000
94	-76	8.071775	100.000000
94	-75	8.161402	100.000000
94	-74	8.249842	100.000000
94	-73	8.337094	100.000000
94	-72	8.423160	100.000000
94	-71	8.508038	100.000000
94	-70	8.591729	100.000000
94	-69	8.674234	100.000000
94	-68	8.755551	100.000000
94	-67	8.835680	100.000000
94	-66	8.914623	100.000000
94	-65	8.992379	100.000000
94	-64	9.068948	100.000000
94	-63	9.144329	100.000000
94	-62	9.218523	100.000000
94	-61	9.291531	100.000000
94	-60	9.363351	100.000000
94	-59	9.433984	100.000000
94	-58	9.503430	100.000000
94	-57	9.571689	100.000000
94	-56	9.638760	100.000000
94	-55	9.704645	100.000000
94	-54	9.769342	100.000000
94	-53	9.832853	100.000000
94	-52	9.895176	100.000000
94	-51	9.956312	100.000000
94	-50	10.016261	100.000000
94	-49	10.075023	100.000000
94	-48	10.132598	100.000000
94	-47	10.188986	100.000000
94	-46	10.244186	100.000000
94	-45	10.298200	100.000000
94	-44	10.351026	100.000000
94	-43	10.402665	100.000000
94	-42	10.453118	100.000000
94	-41	10.502383	100.000000
94	-40	10.550461	100.000000
94	-39	10.597351	100.000000
94	-38	10.643055	100.000000
94	-37	10.687572	100.000000
94	-36	10.730901	100.000000
94	-35	10.773044	100.000000
94	-34	10.813999	100.000000
94	-33	10.853767	100.000000
94	-32	10.892348	100.000000
94	-31	10.929742	100.000000
94	-30	10.965949	100.000000
94	-29	11.000969	100.000000
94	-28	11.034801	100.000000
94	-27	11.067447	100.000000
94	-26	11.098905	100.000000
94	-25	11.129177	100.000000
94	-24	11.158261	100.000000
94	-23	11.186158	100.000000
94	-22	11.212868	100.000000
94	-21	11.238391	100.000000
94	-20	11.262726	100.000000
94	-19	11.285875	100.000000
94	-18	11.307837	100.000000
94	-17	11.328611	100.000000
94	-16	11.348198	100.000000
94	-15	11.366599	100.000000
94	-14	11.383812	100.000000
94	-13	11.399838	100.000000
94	-12	11.414676	100.000000
94	-11	11.428328	100.000000
94	-10	11.440793	100.000000
94	-9	11.452070	100.000000
94	-8	11.462161	100.000000
94	-7	11.471064	100.000000
94	-6	11.478780	100.000000
94	-5	11.485310	100.000000
94	-4	11.490652	100.000000
94	-3	11.494806	100.000000
94	-2	11.497774	100.000000
94	-1	11.499555	100.000000
94	0	11.500148	100.000000
94	1	11.499555	100.000000
94	2	11.497774	100.000000
94	3	11.494806	100.000000
94	4	11.490652	100.000000
94	5	11.485310	100.000000
94	6	11.478780	100.000000
94	7	11.471064	100.000000
94	8	11.462161	100.000000
94	9	11.452070	100.000000
94	10	11.440793	100.000000
94	11	11.428328	100.000000
94	12	11.414676	100.000000
94	13	11.399838	100.000000
94	14	11.383812	100.000000
94	15	11.366599	100.000000
94	16	11.348198	100.000000
94	17	11.328611	100.000000
94	18	11.307837	100.000000
94	19	11.285875	100.000000
94	20	11.262726	100.000000
94	21	11.238391	100.000000
94	22	11.212868	100.000000
94	23	11.186158	100.000000
94	24	11.158261	100.000000
94	25	11.129177	100.000000
94	26	11.098905	100.000000
94	27	11.067447	100.000000
94	28	11.034801	100.000000
94	29	11.000969	100.000000
94	30	10.965949	100.000000
94	31	10.929742	100.000000
94	32	10.892348	100.000000
94	33	10.853767	100.000000
94	34	10.813999	100.000000
94	35	10.773044	100.000000
94	36	10.730901	100.000000
94	37	10.687572	100.000000
94	38	10.643055	100.000000
94	39	10.597351	100.000000
94	40	10.550461	100.000000
94	41	10.502383	100.000000
94	42	10.453118	100.000000
94	43	10.402665	100.000000
94	44	10.351026	100.000000
94	45	10.298200	100.000000
94	46	10.244186	100.000000
94	47	10.188986	100.000000
94	48	10.132598	100.000000
94	49	10.075023	100.000000
94	50	10.016261	100.000000
94	51	9.956312	100.000000
94	52	9.895176	100.000000
94	53	9.832853	100.000000
94	54	9.769342	100.000000
94	55	9.704645	100.000000
94	56	9.638760	100.000000
94	57	9.571689	100.000000
94	58	9.503430	100.000000
94	59	9.433984	100.000000
94	60	9.363351	100.000000
94	61	9.291531	100.000000
94	62	9.218523	100.000000
94	63	9.144329	100.000000
94	64	9.068948	100.000000
94	65	8.992379	100.000000
94	66	8.914623	100.000000
94	67	8.835680	100.000000
94	68	8.755551	100.000000
94	69	8.674234	100.000000
94	70	8.591729	100.000000
94	71	8.508038	100.000000
94	72	8.423160	100.000000
94	73	8.337094	100.000000
94	74	8.249842	100.000000
94	75	8.161402	100.000000
94	76	8.071775	100.000000
94	77	7.980961	100.000000
94	78	7.888960	100.000000
94	79	7.795772	100.000000
94	80	7.701397	100.000000
94	81	7.605835	100.000000
94	82	7.509085	100.000000
94	83	7.411149	100.000000
94	84	7.312025	100.000000
94	85	7.211714	100.000000
94	86	7.110216	100.000000
94	87	7.007531	100.000000
94	88	6.903659	100.000000
94	89	6.798600	100.000000
94	90	6.692354	100.000000
94	91	6.584920	100.000000
94	92	6.476300	100.000000
94	93	6.366492	100.000000
94	94	6.255497	100.000000
96	-96	6.254359	100.000000
96	-95	6.363077	100.000000
96	-94	6.470656	100.000000
96	-93	6.577098	100.000000
96	-92	6.682400	100.000000
96	-91	6.786565	100.000000
96	-90	6.889591	100.000000
96	-89	6.991478	100.000000
96	-88	7.092227	100.000000
96	-87	7.191838	100.000000
96	-86	7.290310	100.000000
96	-85	7.387644	100.000000
96	-84	7.483839	100.000000
96	-83	7.578896	100.000000
96	-82	7.672815	100.000000
96	-81	7.765595	100.000000
96	-80	7.857237	100.000000
96	-79	7.947741	100.000000
96	-78	8.037106	100.000000
96	-77	8.125332	100.000000
96	-76	8.212420	100.000000
96	-75	8.298370	100.000000
96	-74	8.383182	100.000000
96	-73	8.466855	100.000000
96	-72	8.549389	100.000000
96	-71	8.630785	100.000000
96	-70	8.711043	100.000000
96	-69	8.790162	100.000000
96	-68	8.868143	100.000000
96	-67	8.944986	100.000000
96	-66	9.020690	100.000000
96	-65	9.095256	100.000000
96	-64	9.168683	100.000000
96	-63	9.240972	100.000000
96	-62	9.312122	100.000000
96	-61	9.382135	100.000000
96	-60	9.451008	100.000000
96	-59	9.518743	100.000000
96	-58	9.585340	100.000000
96	-57	9.650799	100.000000
96	-56	9.715119	100.000000
96	-55	9.778300	100.000000
96	-54	9.840344	100.000000
96	-53	9.901248	100.000000
96	-52	9.961015	100.000000
96	-51	10.019643	100.000000
96	-50	10.077133	100.000000
96	-49	10.133484	100.000000
96	-48	10.188696	100.000000
96	-47	10.242771	100.000000
96	-46	10.295707	100.000000
96	-45	10.347504	100.000000
96	-44	10.398164	100.000000
96	-43	10.447684	100.000000
96	-42	10.496067	100.000000
96	-41	10.543311	100.000000
96	-40	10.589416	100.000000
96	-39	10.634383	100.000000
96	-38	10.678212	100.000000
96	-37	10.720902	100.000000
96	-36	10.762454	100.000000
96	-35	10.802867	100.000000
96	-34	10.842143	100.000000
96	-33	10.880279	100.000000
96	-32	10.917277	100.000000
96	-31	10.953137	100.000000
96	-30	10.987859	100.000000
96	-29	11.021442	100.000000
96	-28	11.053886	100.000000
96	-27	11.085193	100.000000
96	-26	11.115360	100.000000
96	-25	11.144390	100.000000
96	-24	11.172281	100.000000
96	-23	11.199033	100.000000
96	-22	11.224648	100.000000
96	-21	11.249123	100.000000
96	-20	11.272461	100.000000
96	-19	11.294660	100.000000
96	-18	11.315720	100.000000
96	-17	11.335642	100.000000
96	-16	11.354426	100.000000
96	-15	11.372071	100.000000
96	-14	11.388578	100.000000
96	-13	11.403947	100.000000
96	-12	11.418177	100.000000
96	-11	11.431269	100.000000
96	-10	11.443222	100.000000
96	-9	11.454037	100.000000
96	-8	11.463713	100.000000
96	-7	11.472251	100.000000
96	-6	11.479651	100.000000
96	-5	11.485912	100.000000
96	-4	11.491035	100.000000
96	-3	11.495019	100.000000
96	-2	11.497865	100.000000
96	-1	11.499573	100.000000
96	0	11.500142	100.000000
96	1	11.499573	100.000000
96	2	11.497865	100.000000
96	3	11.495019	100.000000
96	4	11.491035	100.000000
96	5	11.485912	100.000000
96	6	11.479651	100.000000
96	7	11.472251	100.000000
96	8	11.463713	100.000000
96	9	11.454037	100.000000
96	10	11.443222	100.000000
96	11	11.431269	100.000000
96	12	11.418177	100.000000
96	13	11.403947	100.000000
96	14	11.388578	100.000000
96	15	11.372071	100.000000
96	16	11.354426	100.000000
96	17	11.335642	100.000000
96	18	11.315720	100.000000
96	19	11.294660	100.000000
96	20	11.272461	100.000000
96	21	11.249123	100.000000
96	22	11.224648	100.000000
96	23	11.199033	100.000000
96	24	11.172281	100.000000
96	25	11.144390	100.000000
96	26	11.115360	100.000000
96	27	11.085193	100.000000
96	28	11.053886	100.000000
96	29	11.021442	100.000000
96	30	10.987859	100.000000
96	31	10.953137	100.000000
96	32	10.917277	100.000000
96	33	10.880279	100.000000
96	34	10.842143	100.000000
96	35	10.802867	100.000000
96	36	10.762454	100.000000
96	37	10.720902	100.000000
96	38	10.678212	100.000000
96	39	10.634383	100.000000
96	40	10.589416	100.000000
96	41	10.543311	100.000000
96	42	10.496067	100.000000
96	43	10.447684	100.000000
96	44	10.398164	100.000000
96	45	10.347504	100.000000
96	46	10.295707	100.000000
96	47	10.242771	100.000000
96	48	10.188696	100.000000
96	49	10.133484	100.000000
96	50	10.077133	100.000000
96	51	10.019643	100.000000
96	52	9.961015	100.000000
96	53	9.901248	100.000000
96	54	9.840344	100.000000
96	55	9.778300	100.000000
96	56	9.715119	100.000000
96	57	9.650799	100.000000
96	58	9.585340	100.000000
96	59	9.518743	100.000000
96	60	9.451008	100.000000
96	61	9.382135	100.000000
96	62	9.312122	100.000000
96	63	9.240972	100.000000
96	64	9.168683	100.000000
96	65	9.095256	100.000000
96	66	9.020690	100.000000
96	67	8.944986	100.000000
96	68	8.868143	100.000000
96	69	8.790162	100.000000
96	70	8.711043	100.000000
96	71	8.630785	100.000000
96	72	8.549389	100.000000
96	73	8.466855	100.000000
96	74	8.383182	100.000000
96	75	8.298370	100.000000
96	76	8.212420	100.000000
96	77	8.125332	100.000000
96	78	8.037106	100.000000
96	79	7.947741	100.000000
96	80	7.857237	100.000000
96	81	7.765595	100.000000
96	82	7.672815	100.000000
96	83	7.578896	100.000000
96	84	7.483839	100.000000
96	85	7.387644	100.000000
96	86	7.290310	100.000000
96	87	7.191838	100.000000
96	88	7.092227	100.000000
96	89	6.991478	100.000000
96	90	6.889591	100.000000
96	91	6.786565	100.000000
96	92	6.682400	100.000000
96	93	6.577098	100.000000
96	94	6.470656	100.000000
96	95	6.363077	100.000000
96	96	6.254359	100.000000
98	-98	6.253266	100.000000
98	-97	6.359799	100.000000
98	-96	6.465239	100.000000
98	-95	6.569586	100.000000
98	-94	6.672841	100.000000
98	-93	6.775003	100.000000
98	-92	6.876073	100.000000
98	-91	6.976049	100.000000
98	-90	7.074934	100.000000
98	-89	7.172725	100.000000
98	-88	7.269424	100.000000
98	-87	7.365030	100.000000
98	-86	7.459544	100.000000
98	-85	7.552965	100.000000
98	-84	7.645293	100.000000
98	-83	7.736529	100.000000
98	-82	7.826672	100.000000
98	-81	7.915722	100.000000
98	-80	8.003680	100.000000
98	-79	8.090545	100.000000
98	-78	8.176317	100.000000
98	-77	8.260997	100.000000
98	-76	8.344584	100.000000
98	-75	8.427079	100.000000
98	-74	8.508481	100.000000
98	-73	8.588790	100.000000
98	-72	8.668007	100.000000
98	-71	8.746131	100.000000
98	-70	8.823162	100.000000
98	-69	8.899101	100.000000
98	-68	8.973947	100.000000
98	-67	9.047700	100.000000
98	-66	9.120361	100.000000
98	-65	9.191929	100.000000
98	-64	9.262404	100.000000
98	-63	9.331787	100.000000
98	-62	9.400077	100.000000
98	-61	9.467275	100.000000
98	-60	9.533380	100.000000
98	-59	9.598392	100.000000
98	-58	9.662312	100.000000
98	-57	9.725139	100.000000
98	-56	9.786873	100.000000
98	-55	9.847514	100.000000
98	-54	9.907064	100.000000
98	-53	9.965520	100.000000
98	-52	10.022884	100.000000
98	-51	10.079155	100.000000
98	-50	10.134333	100.000000
98	-49	10.188419	100.000000
98	-48	10.241412	100.000000
98	-47	10.293313	100.000000
98	-46	10.344121	100.000000
98	-45	10.393836	100.000000
98	-44	10.442458	100.000000
98	-43	10.489988	100.000000
98	-42	10.536426	100.000000
98	-41	10.581770	100.000000
98	-40	10.626022	100.000000
98	-39	10.669182	100.000000
98	-38	10.711249	100.000000
98	-37	10.752223	100.000000
98	-36	10.792104	100.000000
98	-35	10.830893	100.000000
98	-34	10.868589	100.000000
98	-33	10.905193	100.000000
98	-32	10.940704	100.000000
98	-31	10.975122	100.000000
98	-30	11.008447	100.000000
98	-29	11.040680	100.000000
98	-28	11.071821	100.000000
98	-27	11.101868	100.000000
98	-26	11.130823	100.000000
98	-25	11.158686	100.000000
98	-24	11.185455	100.000000
98	-23	11.211133	100.000000
98	-22	11.235717	100.000000
98	-21	11.259209	100.000000
98	-20	11.281608	100.000000
98	-19	11.302915	100.000000
98	-18	11.323128	100.000000
98	-17	11.342250	100.000000
98	-16	11.360278	100.000000
98	-15	11.377214	100.000000
98	-14	11.393058	100.000000
98	-13	11.407808	100.000000
98	-12	11.421466	100.000000
98	-11	11.434032	100.000000
98	-10	11.445504	100.000000
98	-9	11.455885	100.000000
98	-8	11.465172	100.000000
98	-7	11.473367	100.000000
98	-6	11.480469	100.000000
98	-5	11.486479	100.000000
98	-4	11.491395	100.000000
98	-3	11.495220	100.000000
98	-2	11.497951	100.000000
98	-1	11.499590	100.000000
98	0	11.500137	100.000000
98	1	11.499590	100.000000
98	2	11.497951	100.000000
98	3	11.495220	100.000000
98	4	11.491395	100.000000
98	5	11.486479	100.000000
98	6	11.480469	100.000000
98	7	11.473367	100.000000
98	8	11.465172	100.000000
98	9	11.455885	100.000000
98	10	11.445504	100.000000
98	11	11.434032	100.000000
98	12	11.421466	100.000000
98	13	11.407808	100.000000
98	14	11.393058	100.000000
98	15	11.377214	100.000000
98	16	11.360278	100.000000
98	17	11.342250	100.000000
98	18	11.323128	100.000000
98	19	11.302915	100.000000
98	20	11.281608	100.000000
98	21	11.259209	100.000000
98	22	11.235717	100.000000
98	23	11.211133	100.000000
98	24	11.185455	100.000000
98	25	11.158686	100.000000
98	26	11.130823	100.000000
98	27	11.101868	100.000000
98	28	11.071821	100.000000
98	29	11.040680	100.000000
98	30	11.008447	100.000000
98	31	10.975122	100.000000
98	32	10.940704	100.000000
98	33	10.905193	100.000000
98	34	10.868589	100.000000
98	35	10.830893	100.000000
98	36	10.792104	100.000000
98	37	10.752223	100.000000
98	38	10.711249	100.000000
98	39	10.669182	100.000000
98	40	10.626022	100.000000
98	41	10.581770	100.000000
98	42	10.536426	100.000000
98	43	10.489988	100.000000
98	44	10.442458	100.000000
98	45	10.393836	100.000000
98	46	10.344121	100.000000
98	47	10.293313	100.000000
98	48	10.241412	100.000000
98	49	10.188419	100.000000
98	50	10.134333	100.000000
98	51	10.079155	100.000000
98	52	10.022884	100.000000
98	53	9.965520	100.000000
98	54	9.907064	100.000000
98	55	9.847514	100.000000
98	56	9.786873	100.000000
98	57	9.725139	100.000000
98	58	9.662312	100.000000
98	59	9.598392	100.000000
98	60	9.533380	100.000000
98	61	9.467275	100.000000
98	62	9.400077	100.000000
98	63	9.331787	100.000000
98	64	9.262404	100.000000
98	65	9.191929	100.000000
98	66	9.120361	100.000000
98	67	9.047700	100.000000
98	68	8.973947	100.000000
98	69	8.899101	100.000000
98	70	8.823162	100.000000
98	71	8.746131	100.000000
98	72	8.668007	100.000000
98	73	8.588790	100.000000
98	74	8.508481	100.000000
98	75	8.427079	100.000000
98	76	8.344584	100.000000
98	77	8.260997	100.000000
98	78	8.176317	100.000000
98	79	8.090545	100.000000
98	80	8.003680	100.000000
98	81	7.915722	100.000000
98	82	7.826672	100.000000
98	83	7.736529	100.000000
98	84	7.645293	100.000000
98	85	7.552965	100.000000
98	86	7.459544	100.000000
98	87	7.365030	100.000000
98	88	7.269424	100.000000
98	89	7.172725	100.000000
98	90	7.074934	100.000000
98	91	6.976049	100.000000
98	92	6.876073	100.000000
98	93	6.775003	100.000000
98	94	6.672841	100.000000
98	95	6.569586	100.000000
98	96	6.465239	100.000000
98	97	6.359799	100.000000
98	98	6.253266	100.000000
