0	0	9.733333	0.894837
2	-2	7.714286	1.765936
2	-1	10.742857	2.637035
2	0	11.752381	3.508134
2	1	10.742857	4.379233
2	2	7.714286	5.250332
4	-4	7.163636	6.068464
4	-3	9.090909	6.886596
4	-2	10.467532	7.704728
4	-1	11.293506	8.522860
4	0	11.568831	9.340992
4	1	11.293506	10.159124
4	2	10.467532	10.977256
4	3	9.090909	11.795388
4	4	7.163636	12.613520
6	-6	6.906667	13.354849
6	-5	8.320000	14.096178
6	-4	9.476364	14.837507
6	-3	10.375758	15.578836
6	-2	11.018182	16.320165
6	-1	11.403636	17.061493
6	0	11.532121	17.802822
6	1	11.403636	18.544151
6	2	11.018182	19.285480
6	3	10.375758	20.026809
6	4	9.476364	20.768138
6	5	8.320000	21.509467
6	6	6.906667	22.250796
8	-8	6.757895	22.898879
8	-7	7.873684	23.546962
8	-6	8.840702	24.195044
8	-5	9.658947	24.843127
8	-4	10.328421	25.491210
8	-3	10.849123	26.139292
8	-2	11.221053	26.787375
8	-1	11.444211	27.435458
8	0	11.518596	28.083540
8	1	11.444211	28.731623
8	2	11.221053	29.379706
8	3	10.849123	30.027788
8	4	10.328421	30.675871
8	5	9.658947	31.323954
8	6	8.840702	31.972037
8	7	7.873684	32.620119
8	8	6.757895	33.268202
10	-10	6.660870	33.814817
10	-9	7.582609	34.361433
10	-8	8.407323	34.908048
10	-7	9.135011	35.454663
10	-6	9.765675	36.001278
10	-5	10.299314	36.547894
10	-4	10.735927	37.094509
10	-3	11.075515	37.641124
10	-2	11.318078	38.187739
10	-1	11.463616	38.734355
10	0	11.512128	39.280970
10	1	11.463616	39.827585
10	2	11.318078	40.374200
10	3	11.075515	40.920816
10	4	10.735927	41.467431
10	5	10.299314	42.014046
10	6	9.765675	42.560661
10	7	9.135011	43.107277
10	8	8.407323	43.653892
10	9	7.582609	44.200507
10	10	6.660870	44.747123
12	-12	6.592593	45.191923
12	-11	7.377778	45.636723
12	-10	8.094686	46.081523
12	-9	8.743317	46.526323
12	-8	9.323671	46.971123
12	-7	9.835749	47.415924
12	-6	10.279549	47.860724
12	-5	10.655072	48.305524
12	-4	10.962319	48.750324
12	-3	11.201288	49.195124
12	-2	11.371981	49.639924
12	-1	11.474396	50.084725
12	0	11.508535	50.529525
12	1	11.474396	50.974325
12	2	11.371981	51.419125
12	3	11.201288	51.863925
12	4	10.962319	52.308725
12	5	10.655072	52.753526
12	6	10.279549	53.198326
12	7	9.835749	53.643126
12	8	9.323671	54.087926
12	9	8.743317	54.532726
12	10	8.094686	54.977526
12	11	7.377778	55.422326
12	12	6.592593	55.867127
14	-14	6.541935	56.216331
14	-13	7.225806	56.565536
14	-12	7.859020	56.914741
14	-11	8.441577	57.263945
14	-10	8.973477	57.613150
14	-9	9.454719	57.962354
14	-8	9.885305	58.311559
14	-7	10.265233	58.660764
14	-6	10.594504	59.009968
14	-5	10.873118	59.359173
14	-4	11.101075	59.708378
14	-3	11.278375	60.057582
14	-2	11.405018	60.406787
14	-1	11.481004	60.755991
14	0	11.506332	61.105196
14	1	11.481004	61.454401
14	2	11.405018	61.803605
14	3	11.278375	62.152810
14	4	11.101075	62.502014
14	5	10.873118	62.851219
14	6	10.594504	63.200424
14	7	10.265233	63.549628
14	8	9.885305	63.898833
14	9	9.454719	64.248038
14	10	8.973477	64.597242
14	11	8.441577	64.946447
14	12	7.859020	65.295651
14	13	7.225806	65.644856
14	14	6.541935	65.994061
16	-16	6.502857	66.258561
16	-15	7.108571	66.523062
16	-14	7.675207	66.787563
16	-13	8.202765	67.052064
16	-12	8.691244	67.316564
16	-11	9.140645	67.581065
16	-10	9.550968	67.845566
16	-9	9.922212	68.110067
16	-8	10.254378	68.374567
16	-7	10.547465	68.639068
16	-6	10.801475	68.903569
16	-5	11.016406	69.168070
16	-4	11.192258	69.432570
16	-3	11.329032	69.697071
16	-2	11.426728	69.961572
16	-1	11.485346	70.226073
16	0	11.504885	70.490573
16	1	11.485346	70.755074
16	2	11.426728	71.019575
16	3	11.329032	71.284075
16	4	11.192258	71.548576
16	5	11.016406	71.813077
16	6	10.801475	72.077578
16	7	10.547465	72.342078
16	8	10.254378	72.606579
16	9	9.922212	72.871080
16	10	9.550968	73.135581
16	11	9.140645	73.400081
16	12	8.691244	73.664582
16	13	8.202765	73.929083
16	14	7.675207	74.193584
16	15	7.108571	74.458084
16	16	6.502857	74.722585
18	-18	6.471795	74.915873
18	-17	7.015385	75.109162
18	-16	7.527912	75.302450
18	-15	8.009377	75.495738
18	-14	8.459780	75.689027
18	-13	8.879121	75.882315
18	-12	9.267399	76.075603
18	-11	9.624615	76.268892
18	-10	9.950769	76.462180
18	-9	10.245861	76.655468
18	-8	10.509890	76.848757
18	-7	10.742857	77.042045
18	-6	10.944762	77.235333
18	-5	11.115604	77.428622
18	-4	11.255385	77.621910
18	-3	11.364103	77.815198
18	-2	11.441758	78.008487
18	-1	11.488352	78.201775
18	0	11.503883	78.395063
18	1	11.488352	78.588352
18	2	11.441758	78.781640
18	3	11.364103	78.974928
18	4	11.255385	79.168217
18	5	11.115604	79.361505
18	6	10.944762	79.554793
18	7	10.742857	79.748082
18	8	10.509890	79.941370
18	9	10.245861	80.134658
18	10	9.950769	80.327947
18	11	9.624615	80.521235
18	12	9.267399	80.714523
18	13	8.879121	80.907812
18	14	8.459780	81.101100
18	15	8.009377	81.294388
18	16	7.527912	81.487677
18	17	7.015385	81.680965
18	18	6.471795	81.874253
20	-20	6.446512	82.010528
20	-19	6.939535	82.146803
20	-18	7.407275	82.283079
20	-17	7.849732	82.419354
20	-16	8.266905	82.555629
20	-15	8.658795	82.691904
20	-14	9.025403	82.828179
20	-13	9.366726	82.964454
20	-12	9.682767	83.100729
20	-11	9.973524	83.237004
20	-10	10.238998	83.373279
20	-9	10.479189	83.509554
20	-8	10.694097	83.645829
20	-7	10.883721	83.782104
20	-6	11.048062	83.918379
20	-5	11.187120	84.054654
20	-4	11.300894	84.190929
20	-3	11.389386	84.327204
20	-2	11.452594	84.463479
20	-1	11.490519	84.599754
20	0	11.503160	84.736029
20	1	11.490519	84.872304
20	2	11.452594	85.008579
20	3	11.389386	85.144854
20	4	11.300894	85.281129
20	5	11.187120	85.417404
20	6	11.048062	85.553679
20	7	10.883721	85.689954
20	8	10.694097	85.826229
20	9	10.479189	85.962504
20	10	10.238998	86.098779
20	11	9.973524	86.235054
20	12	9.682767	86.371329
20	13	9.366726	86.507604
20	14	9.025403	86.643879
20	15	8.658795	86.780154
20	16	8.266905	86.916429
20	17	7.849732	87.052704
20	18	7.407275	87.188979
20	19	6.939535	87.325254
20	20	6.446512	87.461529
22	-22	6.425532	87.554225
22	-21	6.876596	87.646920
22	-20	7.306680	87.739616
22	-19	7.715784	87.832311
22	-18	8.103909	87.925007
22	-17	8.471054	88.017703
22	-16	8.817219	88.110398
22	-15	9.142405	88.203094
22	-14	9.446611	88.295789
22	-13	9.729837	88.388485
22	-12	9.992083	88.481180
22	-11	10.233350	88.573876
22	-10	10.453637	88.666571
22	-9	10.652944	88.759267
22	-8	10.831272	88.851962
22	-7	10.988619	88.944658
22	-6	11.124988	89.037353
22	-5	11.240376	89.130049
22	-4	11.334785	89.222744
22	-3	11.408214	89.315440
22	-2	11.460663	89.408135
22	-1	11.492133	89.500831
22	0	11.502622	89.593526
22	1	11.492133	89.686222
22	2	11.460663	89.778917
22	3	11.408214	89.871613
22	4	11.334785	89.964308
22	5	11.240376	90.057004
22	6	11.124988	90.149699
22	7	10.988619	90.242395
22	8	10.831272	90.335091
22	9	10.652944	90.427786
22	10	10.453637	90.520482
22	11	10.233350	90.613177
22	12	9.992083	90.705873
22	13	9.729837	90.798568
22	14	9.446611	90.891264
22	15	9.142405	90.983959
22	16	8.817219	91.076655
22	17	8.471054	91.169350
22	18	8.103909	91.262046
22	19	7.715784	91.354741
22	20	7.306680	91.447437
22	21	6.876596	91.540132
22	22	6.425532	91.632828
24	-24	6.407843	91.693660
24	-23	6.823529	91.754492
24	-22	7.221527	91.815324
24	-21	7.601836	91.876156
24	-20	7.964456	91.936988
24	-19	8.309387	91.997821
24	-18	8.636629	92.058653
24	-17	8.946183	92.119485
24	-16	9.238048	92.180317
24	-15	9.512224	92.241149
24	-14	9.768711	92.301981
24	-13	10.007509	92.362813
24	-12	10.228619	92.423646
24	-11	10.432040	92.484478
24	-10	10.617772	92.545310
24	-9	10.785816	92.606142
24	-8	10.936170	92.666974
24	-7	11.068836	92.727806
24	-6	11.183813	92.788638
24	-5	11.281101	92.849471
24	-4	11.360701	92.910303
24	-3	11.422612	92.971135
24	-2	11.466834	93.031967
24	-1	11.493367	93.092799
24	0	11.502211	93.153631
24	1	11.493367	93.214463
24	2	11.466834	93.275296
24	3	11.422612	93.336128
24	4	11.360701	93.396960
24	5	11.281101	93.457792
24	6	11.183813	93.518624
24	7	11.068836	93.579456
24	8	10.936170	93.640288
24	9	10.785816	93.701120
24	10	10.617772	93.761953
24	11	10.432040	93.822785
24	12	10.228619	93.883617
24	13	10.007509	93.944449
24	14	9.768711	94.005281
24	15	9.512224	94.066113
24	16	9.238048	94.126945
24	17	8.946183	94.187778
24	18	8.636629	94.248610
24	19	8.309387	94.309442
24	20	7.964456	94.370274
24	21	7.601836	94.431106
24	22	7.221527	94.491938
24	23	6.823529	94.552770
24	24	6.407843	94.613603
26	-26	6.392727	94.652118
26	-25	6.778182	94.690634
26	-24	7.148520	94.729150
26	-23	7.503743	94.767666
26	-22	7.843850	94.806182
26	-21	8.168841	94.844698
26	-20	8.478717	94.883213
26	-19	8.773476	94.921729
26	-18	9.053119	94.960245
26	-17	9.317647	94.998761
26	-16	9.567059	95.037277
26	-15	9.801355	95.075793
26	-14	10.020535	95.114308
26	-13	10.224599	95.152824
26	-12	10.413547	95.191340
26	-11	10.587380	95.229856
26	-10	10.746096	95.268372
26	-9	10.889697	95.306887
26	-8	11.018182	95.345403
26	-7	11.131551	95.383919
26	-6	11.229804	95.422435
26	-5	11.312941	95.460951
26	-4	11.380963	95.499467
26	-3	11.433868	95.537982
26	-2	11.471658	95.576498
26	-1	11.494332	95.615014
26	0	11.501889	95.653530
26	1	11.494332	95.692046
26	2	11.471658	95.730562
26	3	11.433868	95.769077
26	4	11.380963	95.807593
26	5	11.312941	95.846109
26	6	11.229804	95.884625
26	7	11.131551	95.923141
26	8	11.018182	95.961657
26	9	10.889697	96.000172
26	10	10.746096	96.038688
26	11	10.587380	96.077204
26	12	10.413547	96.115720
26	13	10.224599	96.154236
26	14	10.020535	96.192752
26	15	9.801355	96.231267
26	16	9.567059	96.269783
26	17	9.317647	96.308299
26	18	9.053119	96.346815
26	19	8.773476	96.385331
26	20	8.478717	96.423847
26	21	8.168841	96.462362
26	22	7.843850	96.500878
26	23	7.503743	96.539394
26	24	7.148520	96.577910
26	25	6.778182	96.616426
26	26	6.392727	96.654942
28	-28	6.379661	96.678469
28	-27	6.738983	96.701997
28	-26	7.085239	96.725524
28	-25	7.418428	96.749052
28	-24	7.738552	96.772579
28	-23	8.045609	96.796107
28	-22	8.339599	96.819635
28	-21	8.620524	96.843162
28	-20	8.888382	96.866690
28	-19	9.143174	96.890217
28	-18	9.384900	96.913745
28	-17	9.613559	96.937273
28	-16	9.829153	96.960800
28	-15	10.031680	96.984328
28	-14	10.221140	97.007855
28	-13	10.397535	97.031383
28	-12	10.560863	97.054911
28	-11	10.711125	97.078438
28	-10	10.848320	97.101966
28	-9	10.972450	97.125493
28	-8	11.083513	97.149021
28	-7	11.181510	97.172548
28	-6	11.266441	97.196076
28	-5	11.338305	97.219604
28	-4	11.397103	97.243131
28	-3	11.442835	97.266659
28	-2	11.475501	97.290186
28	-1	11.495100	97.313714
28	0	11.501633	97.337242
28	1	11.495100	97.360769
28	2	11.475501	97.384297
28	3	11.442835	97.407824
28	4	11.397103	97.431352
28	5	11.338305	97.454879
28	6	11.266441	97.478407
28	7	11.181510	97.501935
28	8	11.083513	97.525462
28	9	10.972450	97.548990
28	10	10.848320	97.572517
28	11	10.711125	97.596045
28	12	10.560863	97.619573
28	13	10.397535	97.643100
28	14	10.221140	97.666628
28	15	10.031680	97.690155
28	16	9.829153	97.713683
28	17	9.613559	97.737210
28	18	9.384900	97.760738
28	19	9.143174	97.784266
28	20	8.888382	97.807793
28	21	8.620524	97.831321
28	22	8.339599	97.854848
28	23	8.045609	97.878376
28	24	7.738552	97.901904
28	25	7.418428	97.925431
28	26	7.085239	97.948959
28	27	6.738983	97.972486
28	28	6.379661	97.996014
30	-30	6.368254	98.009880
30	-29	6.704762	98.023746
30	-28	7.029863	98.037611
30	-27	7.343557	98.051477
30	-26	7.645843	98.065343
30	-25	7.936723	98.079209
30	-24	8.216196	98.093075
30	-23	8.484262	98.106941
30	-22	8.740920	98.120807
30	-21	8.986172	98.134673
30	-20	9.220016	98.148538
30	-19	9.442454	98.162404
30	-18	9.653484	98.176270
30	-17	9.853107	98.190136
30	-16	10.041324	98.204002
30	-15	10.218133	98.217868
30	-14	10.383535	98.231734
30	-13	10.537530	98.245600
30	-12	10.680118	98.259465
30	-11	10.811299	98.273331
30	-10	10.931073	98.287197
30	-9	11.039440	98.301063
30	-8	11.136400	98.314929
30	-7	11.221953	98.328795
30	-6	11.296099	98.342661
30	-5	11.358838	98.356527
30	-4	11.410169	98.370392
30	-3	11.450094	98.384258
30	-2	11.478612	98.398124
30	-1	11.495722	98.411990
30	0	11.501426	98.425856
30	1	11.495722	98.439722
30	2	11.478612	98.453588
30	3	11.450094	98.467454
30	4	11.410169	98.481319
30	5	11.358838	98.495185
30	6	11.296099	98.509051
30	7	11.221953	98.522917
30	8	11.136400	98.536783
30	9	11.039440	98.550649
30	10	10.931073	98.564515
30	11	10.811299	98.578381
30	12	10.680118	98.592246
30	13	10.537530	98.606112
30	14	10.383535	98.619978
30	15	10.218133	98.633844
30	16	10.041324	98.647710
30	17	9.853107	98.661576
30	18	9.653484	98.675442
30	19	9.442454	98.689308
30	20	9.220016	98.703173
30	21	8.986172	98.717039
30	22	8.740920	98.730905
30	23	8.484262	98.744771
30	24	8.216196	98.758637
30	25	7.936723	98.772503
30	26	7.645843	98.786369
30	27	7.343557	98.800235
30	28	7.029863	98.814100
30	29	6.704762	98.827966
30	30	6.368254	98.841832
32	-32	6.358209	98.849716
32	-31	6.674627	98.857600
32	-30	6.981000	98.865484
32	-29	7.277328	98.873368
32	-28	7.563611	98.881252
32	-27	7.839848	98.889136
32	-26	8.106041	98.897020
32	-25	8.362189	98.904904
32	-24	8.608292	98.912789
32	-23	8.844350	98.920673
32	-22	9.070362	98.928557
32	-21	9.286330	98.936441
32	-20	9.492253	98.944325
32	-19	9.688131	98.952209
32	-18	9.873964	98.960093
32	-17	10.049751	98.967977
32	-16	10.215494	98.975861
32	-15	10.371192	98.983745
32	-14	10.516844	98.991629
32	-13	10.652452	98.999513
32	-12	10.778015	99.007397
32	-11	10.893532	99.015281
32	-10	10.999005	99.023165
32	-9	11.094433	99.031049
32	-8	11.179815	99.038933
32	-7	11.255153	99.046817
32	-6	11.320445	99.054701
32	-5	11.375693	99.062585
32	-4	11.420896	99.070469
32	-3	11.456053	99.078353
32	-2	11.481166	99.086237
32	-1	11.496233	99.094122
32	0	11.501256	99.102006
32	1	11.496233	99.109890
32	2	11.481166	99.117774
32	3	11.456053	99.125658
32	4	11.420896	99.133542
32	5	11.375693	99.141426
32	6	11.320445	99.149310
32	7	11.255153	99.157194
32	8	11.179815	99.165078
32	9	11.094433	99.172962
32	10	10.999005	99.180846
32	11	10.893532	99.188730
32	12	10.778015	99.196614
32	13	10.652452	99.204498
32	14	10.516844	99.212382
32	15	10.371192	99.220266
32	16	10.215494	99.228150
32	17	10.049751	99.236034
32	18	9.873964	99.243918
32	19	9.688131	99.251802
32	20	9.492253	99.259686
32	21	9.286330	99.267570
32	22	9.070362	99.275455
32	23	8.844350	99.283339
32	24	8.608292	99.291223
32	25	8.362189	99.299107
32	26	8.106041	99.306991
32	27	7.839848	99.314875
32	28	7.563611	99.322759
32	29	7.277328	99.330643
32	30	6.981000	99.338527
32	31	6.674627	99.346411
32	32	6.358209	99.354295
34	-34	6.349296	99.358620
34	-33	6.647887	99.362945
34	-32	6.937566	99.367270
34	-31	7.218331	99.371595
34	-30	7.490183	99.375920
34	-29	7.753122	99.380245
34	-28	8.007147	99.384570
34	-27	8.252260	99.388895
34	-26	8.488459	99.393220
34	-25	8.715745	99.397545
34	-24	8.934118	99.401870
34	-23	9.143578	99.406195
34	-22	9.344124	99.410519
34	-21	9.535758	99.414844
34	-20	9.718478	99.419169
34	-19	9.892285	99.423494
34	-18	10.057179	99.427819
34	-17	10.213160	99.432144
34	-16	10.360227	99.436469
34	-15	10.498381	99.440794
34	-14	10.627622	99.445119
34	-13	10.747950	99.449444
34	-12	10.859365	99.453769
34	-11	10.961867	99.458094
34	-10	11.055455	99.462419
34	-9	11.140130	99.466744
34	-8	11.215892	99.471069
34	-7	11.282741	99.475394
34	-6	11.340677	99.479719
34	-5	11.389699	99.484044
34	-4	11.429809	99.488369
34	-3	11.461005	99.492694
34	-2	11.483288	99.497019
34	-1	11.496658	99.501344
34	0	11.501114	99.505669
34	1	11.496658	99.509994
34	2	11.483288	99.514319
34	3	11.461005	99.518644
34	4	11.429809	99.522969
34	5	11.389699	99.527294
34	6	11.340677	99.531619
34	7	11.282741	99.535943
34	8	11.215892	99.540268
34	9	11.140130	99.544593
34	10	11.055455	99.548918
34	11	10.961867	99.553243
34	12	10.859365	99.557568
34	13	10.747950	99.561893
34	14	10.627622	99.566218
34	15	10.498381	99.570543
34	16	10.360227	99.574868
34	17	10.213160	99.579193
34	18	10.057179	99.583518
34	19	9.892285	99.587843
34	20	9.718478	99.592168
34	21	9.535758	99.596493
34	22	9.344124	99.600818
34	23	9.143578	99.605143
34	24	8.934118	99.609468
34	25	8.715745	99.613793
34	26	8.488459	99.618118
34	27	8.252260	99.622443
34	28	8.007147	99.626768
34	29	7.753122	99.631093
34	30	7.490183	99.635418
34	31	7.218331	99.639743
34	32	6.937566	99.644068
34	33	6.647887	99.648393
34	34	6.349296	99.652718
36	-36	6.341333	99.655007
36	-35	6.624000	99.657296
36	-34	6.898704	99.659585
36	-33	7.165446	99.661874
36	-32	7.424225	99.664163
36	-31	7.675042	99.666452
36	-30	7.917897	99.668741
36	-29	8.152789	99.671030
36	-28	8.379718	99.673319
36	-27	8.598685	99.675608
36	-26	8.809690	99.677897
36	-25	9.012732	99.680186
36	-24	9.207812	99.682475
36	-23	9.394930	99.684764
36	-22	9.574085	99.687053
36	-21	9.745277	99.689342
36	-20	9.908507	99.691631
36	-19	10.063775	99.693920
36	-18	10.211080	99.696209
36	-17	10.350423	99.698498
36	-16	10.481803	99.700787
36	-15	10.605221	99.703076
36	-14	10.720676	99.705365
36	-13	10.828169	99.707654
36	-12	10.927700	99.709943
36	-11	11.019268	99.712232
36	-10	11.102873	99.714521
36	-9	11.178516	99.716810
36	-8	11.246197	99.719099
36	-7	11.305915	99.721388
36	-6	11.357671	99.723677
36	-5	11.401465	99.725966
36	-4	11.437296	99.728255
36	-3	11.465164	99.730544
36	-2	11.485070	99.732833
36	-1	11.497014	99.735122
36	0	11.500995	99.737411
36	1	11.497014	99.739700
36	2	11.485070	99.741989
36	3	11.465164	99.744278
36	4	11.437296	99.746567
36	5	11.401465	99.748856
36	6	11.357671	99.751145
36	7	11.305915	99.753434
36	8	11.246197	99.755723
36	9	11.178516	99.758012
36	10	11.102873	99.760301
36	11	11.019268	99.762590
36	12	10.927700	99.764879
36	13	10.828169	99.767168
36	14	10.720676	99.769457
36	15	10.605221	99.771746
36	16	10.481803	99.774035
36	17	10.350423	99.776324
36	18	10.211080	99.778613
36	19	10.063775	99.780902
36	20	9.908507	99.783191
36	21	9.745277	99.785480
36	22	9.574085	99.787769
36	23	9.394930	99.790058
36	24	9.207812	99.792347
36	25	9.012732	99.794636
36	26	8.809690	99.796925
36	27	8.598685	99.799214
36	28	8.379718	99.801503
36	29	8.152789	99.803792
36	30	7.917897	99.806081
36	31	7.675042	99.808370
36	32	7.424225	99.810659
36	33	7.165446	99.812948
36	34	6.898704	99.815237
36	35	6.624000	99.817526
36	36	6.341333	99.819815
38	-38	6.334177	99.820984
38	-37	6.602532	99.822153
38	-36	6.863730	99.823322
38	-35	7.117772	99.824491
38	-34	7.364658	99.825660
38	-33	7.604388	99.826828
38	-32	7.836962	99.827997
38	-31	8.062380	99.829166
38	-30	8.280641	99.830335
38	-29	8.491747	99.831504
38	-28	8.695696	99.832672
38	-27	8.892489	99.833841
38	-26	9.082127	99.835010
38	-25	9.264608	99.836179
38	-24	9.439932	99.837348
38	-23	9.608101	99.838516
38	-22	9.769114	99.839685
38	-21	9.922970	99.840854
38	-20	10.069671	99.842023
38	-19	10.209215	99.843192
38	-18	10.341603	99.844361
38	-17	10.466835	99.845529
38	-16	10.584911	99.846698
38	-15	10.695831	99.847867
38	-14	10.799595	99.849036
38	-13	10.896203	99.850205
38	-12	10.985654	99.851373
38	-11	11.067949	99.852542
38	-10	11.143089	99.853711
38	-9	11.211072	99.854880
38	-8	11.271899	99.856049
38	-7	11.325570	99.857218
38	-6	11.372084	99.858386
38	-5	11.411443	99.859555
38	-4	11.443646	99.860724
38	-3	11.468692	99.861893
38	-2	11.486582	99.863062
38	-1	11.497316	99.864230
38	0	11.500895	99.865399
38	1	11.497316	99.866568
38	2	11.486582	99.867737
38	3	11.468692	99.868906
38	4	11.443646	99.870074
38	5	11.411443	99.871243
38	6	11.372084	99.872412
38	7	11.325570	99.873581
38	8	11.271899	99.874750
38	9	11.211072	99.875919
38	10	11.143089	99.877087
38	11	11.067949	99.878256
38	12	10.985654	99.879425
38	13	10.896203	99.880594
38	14	10.799595	99.881763
38	15	10.695831	99.882931
38	16	10.584911	99.884100
38	17	10.466835	99.885269
38	18	10.341603	99.886438
38	19	10.209215	99.887607
38	20	10.069671	99.888775
38	21	9.922970	99.889944
38	22	9.769114	99.891113
38	23	9.608101	99.892282
38	24	9.439932	99.893451
38	25	9.264608	99.894620
38	26	9.082127	99.895788
38	27	8.892489	99.896957
38	28	8.695696	99.898126
38	29	8.491747	99.899295
38	30	8.280641	99.900464
38	31	8.062380	99.901632
38	32	7.836962	99.902801
38	33	7.604388	99.903970
38	34	7.364658	99.905139
38	35	7.117772	99.906308
38	36	6.863730	99.907477
38	37	6.602532	99.908645
38	38	6.334177	99.909814
40	-40	6.327711	99.910390
40	-39	6.583133	99.910966
40	-38	6.832088	99.911542
40	-37	7.074577	99.912117
40	-36	7.310599	99.912693
40	-35	7.540156	99.913269
40	-34	7.763245	99.913845
40	-33	7.979869	99.914421
40	-32	8.190026	99.914996
40	-31	8.393717	99.915572
40	-30	8.590941	99.916148
40	-29	8.781699	99.916724
40	-28	8.965991	99.917300
40	-27	9.143816	99.917875
40	-26	9.315175	99.918451
40	-25	9.480067	99.919027
40	-24	9.638493	99.919603
40	-23	9.790453	99.920179
40	-22	9.935946	99.920754
40	-21	10.074973	99.921330
40	-20	10.207534	99.921906
40	-19	10.333628	99.922482
40	-18	10.453256	99.923058
40	-17	10.566418	99.923633
40	-16	10.673113	99.924209
40	-15	10.773341	99.924785
40	-14	10.867104	99.925361
40	-13	10.954400	99.925937
40	-12	11.035230	99.926512
40	-11	11.109593	99.927088
40	-10	11.177490	99.927664
40	-9	11.238920	99.928240
40	-8	11.293884	99.928816
40	-7	11.342382	99.929391
40	-6	11.384414	99.929967
40	-5	11.419979	99.930543
40	-4	11.449077	99.931119
40	-3	11.471710	99.931695
40	-2	11.487876	99.932270
40	-1	11.497575	99.932846
40	0	11.500808	99.933422
40	1	11.497575	99.933998
40	2	11.487876	99.934574
40	3	11.471710	99.935150
40	4	11.449077	99.935725
40	5	11.419979	99.936301
40	6	11.384414	99.936877
40	7	11.342382	99.937453
40	8	11.293884	99.938029
40	9	11.238920	99.938604
40	10	11.177490	99.939180
40	11	11.109593	99.939756
40	12	11.035230	99.940332
40	13	10.954400	99.940908
40	14	10.867104	99.941483
40	15	10.773341	99.942059
40	16	10.673113	99.942635
40	17	10.566418	99.943211
40	18	10.453256	99.943787
40	19	10.333628	99.944362
40	20	10.207534	99.944938
40	21	10.074973	99.945514
40	22	9.935946	99.946090
40	23	9.790453	99.946666
40	24	9.638493	99.947241
40	25	9.480067	99.947817
40	26	9.315175	99.948393
40	27	9.143816	99.948969
40	28	8.965991	99.949545
40	29	8.781699	99.950120
40	30	8.590941	99.950696
40	31	8.393717	99.951272
40	32	8.190026	99.951848
40	33	7.979869	99.952424
40	34	7.763245	99.952999
40	35	7.540156	99.953575
40	36	7.310599	99.954151
40	37	7.074577	99.954727
40	38	6.832088	99.955303
40	39	6.583133	99.955878
40	40	6.327711	99.956454
42	-42	6.321839	99.956728
42	-41	6.565517	99.957002
42	-40	6.803324	99.957275
42	-39	7.035258	99.957549
42	-38	7.261321	99.957823
42	-37	7.481512	99.958096
42	-36	7.695832	99.958370
42	-35	7.904279	99.958644
42	-34	8.106855	99.958917
42	-33	8.303559	99.959191
42	-32	8.494391	99.959465
42	-31	8.679352	99.959738
42	-30	8.858441	99.960012
42	-29	9.031658	99.960286
42	-28	9.199003	99.960559
42	-27	9.360476	99.960833
42	-26	9.516078	99.961107
42	-25	9.665808	99.961380
42	-24	9.809666	99.961654
42	-23	9.947653	99.961928
42	-22	10.079767	99.962201
42	-21	10.206010	99.962475
42	-20	10.326381	99.962749
42	-19	10.440881	99.963022
42	-18	10.549508	99.963296
42	-17	10.652264	99.963570
42	-16	10.749148	99.963843
42	-15	10.840161	99.964117
42	-14	10.925301	99.964391
42	-13	11.004570	99.964665
42	-12	11.077967	99.964938
42	-11	11.145492	99.965212
42	-10	11.207146	99.965486
42	-9	11.262928	99.965759
42	-8	11.312838	99.966033
42	-7	11.356876	99.966307
42	-6	11.395042	99.966580
42	-5	11.427337	99.966854
42	-4	11.453760	99.967128
42	-3	11.474311	99.967401
42	-2	11.488990	99.967675
42	-1	11.497798	99.967949
42	0	11.500734	99.968222
42	1	11.497798	99.968496
42	2	11.488990	99.968770
42	3	11.474311	99.969043
42	4	11.453760	99.969317
42	5	11.427337	99.969591
42	6	11.395042	99.969864
42	7	11.356876	99.970138
42	8	11.312838	99.970412
42	9	11.262928	99.970685
42	10	11.207146	99.970959
42	11	11.145492	99.971233
42	12	11.077967	99.971506
42	13	11.004570	99.971780
42	14	10.925301	99.972054
42	15	10.840161	99.972327
42	16	10.749148	99.972601
42	17	10.652264	99.972875
42	18	10.549508	99.973148
42	19	10.440881	99.973422
42	20	10.326381	99.973696
42	21	10.206010	99.973969
42	22	10.079767	99.974243
42	23	9.947653	99.974517
42	24	9.809666	99.974791
42	25	9.665808	99.975064
42	26	9.516078	99.975338
42	27	9.360476	99.975612
42	28	9.199003	99.975885
42	29	9.031658	99.976159
42	30	8.858441	99.976433
42	31	8.679352	99.976706
42	32	8.494391	99.976980
42	33	8.303559	99.977254
42	34	8.106855	99.977527
42	35	7.904279	99.977801
42	36	7.695832	99.978075
42	37	7.481512	99.978348
42	38	7.261321	99.978622
42	39	7.035258	99.978896
42	40	6.803324	99.979169
42	41	6.565517	99.979443
42	42	6.321839	99.979717
44	-44	6.316484	99.979842
44	-43	6.549451	99.979968
44	-42	6.777062	99.980093
44	-41	6.999318	99.980219
44	-40	7.216218	99.980344
44	-39	7.427763	99.980470
44	-38	7.633952	99.980595
44	-37	7.834786	99.980721
44	-36	8.030264	99.980846
44	-35	8.220387	99.980972
44	-34	8.405153	99.981097
44	-33	8.584565	99.981223
44	-32	8.758621	99.981348
44	-31	8.927321	99.981474
44	-30	9.090666	99.981599
44	-29	9.248655	99.981725
44	-28	9.401288	99.981850
44	-27	9.548566	99.981976
44	-26	9.690489	99.982101
44	-25	9.827056	99.982227
44	-24	9.958267	99.982352
44	-23	10.084123	99.982478
44	-22	10.204623	99.982603
44	-21	10.319768	99.982729
44	-20	10.429557	99.982854
44	-19	10.533990	99.982980
44	-18	10.633068	99.983105
44	-17	10.726790	99.983231
44	-16	10.815157	99.983356
44	-15	10.898168	99.983482
44	-14	10.975824	99.983607
44	-13	11.048124	99.983733
44	-12	11.115069	99.983858
44	-11	11.176658	99.983984
44	-10	11.232891	99.984109
44	-9	11.283769	99.984235
44	-8	11.329291	99.984360
44	-7	11.369458	99.984486
44	-6	11.404269	99.984611
44	-5	11.433725	99.984736
44	-4	11.457825	99.984862
44	-3	11.476569	99.984987
44	-2	11.489958	99.985113
44	-1	11.497992	99.985238
44	0	11.500669	99.985364
44	1	11.497992	99.985489
44	2	11.489958	99.985615
44	3	11.476569	99.985740
44	4	11.457825	99.985866
44	5	11.433725	99.985991
44	6	11.404269	99.986117
44	7	11.369458	99.986242
44	8	11.329291	99.986368
44	9	11.283769	99.986493
44	10	11.232891	99.986619
44	11	11.176658	99.986744
44	12	11.115069	99.986870
44	13	11.048124	99.986995
44	14	10.975824	99.987121
44	15	10.898168	99.987246
44	16	10.815157	99.987372
44	17	10.726790	99.987497
44	18	10.633068	99.987623
44	19	10.533990	99.987748
44	20	10.429557	99.987874
44	21	10.319768	99.987999
44	22	10.204623	99.988125
44	23	10.084123	99.988250
44	24	9.958267	99.988376
44	25	9.827056	99.988501
44	26	9.690489	99.988627
44	27	9.548566	99.988752
44	28	9.401288	99.988878
44	29	9.248655	99.989003
44	30	9.090666	99.989129
44	31	8.927321	99.989254
44	32	8.758621	99.989380
44	33	8.584565	99.989505
44	34	8.405153	99.989631
44	35	8.220387	99.989756
44	36	8.030264	99.989882
44	37	7.834786	99.990007
44	38	7.633952	99.990133
44	39	7.427763	99.990258
44	40	7.216218	99.990384
44	41	6.999318	99.990509
44	42	6.777062	99.990635
44	43	6.549451	99.990760
44	44	6.316484	99.990886
46	-46	6.311579	99.990941
46	-45	6.534737	99.990997
46	-44	6.752990	99.991052
46	-43	6.966339	99.991108
46	-42	7.174783	99.991163
46	-41	7.378323	99.991219
46	-40	7.576958	99.991274
46	-39	7.770688	99.991330
46	-38	7.959514	99.991385
46	-37	8.143436	99.991441
46	-36	8.322452	99.991497
46	-35	8.496564	99.991552
46	-34	8.665772	99.991608
46	-33	8.830075	99.991663
46	-32	8.989474	99.991719
46	-31	9.143968	99.991774
46	-30	9.293557	99.991830
46	-29	9.438242	99.991885
46	-28	9.578022	99.991941
46	-27	9.712898	99.991996
46	-26	9.842869	99.992052
46	-25	9.967935	99.992107
46	-24	10.088097	99.992163
46	-23	10.203355	99.992218
46	-22	10.313707	99.992274
46	-21	10.419156	99.992329
46	-20	10.519699	99.992385
46	-19	10.615338	99.992440
46	-18	10.706073	99.992496
46	-17	10.791903	99.992551
46	-16	10.872828	99.992607
46	-15	10.948849	99.992662
46	-14	11.019965	99.992718
46	-13	11.086177	99.992773
46	-12	11.147484	99.992829
46	-11	11.203887	99.992885
46	-10	11.255385	99.992940
46	-9	11.301978	99.992996
46	-8	11.343667	99.993051
46	-7	11.380451	99.993107
46	-6	11.412331	99.993162
46	-5	11.439306	99.993218
46	-4	11.461377	99.993273
46	-3	11.478543	99.993329
46	-2	11.490804	99.993384
46	-1	11.498161	99.993440
46	0	11.500613	99.993495
46	1	11.498161	99.993551
46	2	11.490804	99.993606
46	3	11.478543	99.993662
46	4	11.461377	99.993717
46	5	11.439306	99.993773
46	6	11.412331	99.993828
46	7	11.380451	99.993884
46	8	11.343667	99.993939
46	9	11.301978	99.993995
46	10	11.255385	99.994050
46	11	11.203887	99.994106
46	12	11.147484	99.994161
46	13	11.086177	99.994217
46	14	11.019965	99.994273
46	15	10.948849	99.994328
46	16	10.872828	99.994384
46	17	10.791903	99.994439
46	18	10.706073	99.994495
46	19	10.615338	99.994550
46	20	10.519699	99.994606
46	21	10.419156	99.994661
46	22	10.313707	99.994717
46	23	10.203355	99.994772
46	24	10.088097	99.994828
46	25	9.967935	99.994883
46	26	9.842869	99.994939
46	27	9.712898	99.994994
46	28	9.578022	99.995050
46	29	9.438242	99.995105
46	30	9.293557	99.995161
46	31	9.143968	99.995216
46	32	8.989474	99.995272
46	33	8.830075	99.995327
46	34	8.665772	99.995383
46	35	8.496564	99.995438
46	36	8.322452	99.995494
46	37	8.143436	99.995550
46	38	7.959514	99.995605
46	39	7.770688	99.995661
46	40	7.576958	99.995716
46	41	7.378323	99.995772
46	42	7.174783	99.995827
46	43	6.966339	99.995883
46	44	6.752990	99.995938
46	45	6.534737	99.995994
46	46	6.311579	99.996049
48	-48	6.307071	99.996073
48	-47	6.521212	99.996097
48	-46	6.730845	99.996120
48	-45	6.935970	99.996144
48	-44	7.136587	99.996168
48	-43	7.332695	99.996191
48	-42	7.524296	99.996215
48	-41	7.711388	99.996239
48	-40	7.893971	99.996262
48	-39	8.072047	99.996286
48	-38	8.245614	99.996310
48	-37	8.414673	99.996334
48	-36	8.579224	99.996357
48	-35	8.739266	99.996381
48	-34	8.894801	99.996405
48	-33	9.045827	99.996428
48	-32	9.192344	99.996452
48	-31	9.334354	99.996476
48	-30	9.471855	99.996499
48	-29	9.604848	99.996523
48	-28	9.733333	99.996547
48	-27	9.857310	99.996571
48	-26	9.976778	99.996594
48	-25	10.091738	99.996618
48	-24	10.202190	99.996642
48	-23	10.308134	99.996665
48	-22	10.409569	99.996689
48	-21	10.506497	99.996713
48	-20	10.598915	99.996736
48	-19	10.686826	99.996760
48	-18	10.770229	99.996784
48	-17	10.849123	99.996808
48	-16	10.923509	99.996831
48	-15	10.993386	99.996855
48	-14	11.058756	99.996879
48	-13	11.119617	99.996902
48	-12	11.175970	99.996926
48	-11	11.227815	99.996950
48	-10	11.275152	99.996973
48	-9	11.317980	99.996997
48	-8	11.356300	99.997021
48	-7	11.390112	99.997045
48	-6	11.419415	99.997068
48	-5	11.444211	99.997092
48	-4	11.464498	99.997116
48	-3	11.480276	99.997139
48	-2	11.491547	99.997163
48	-1	11.498309	99.997187
48	0	11.500564	99.997210
48	1	11.498309	99.997234
48	2	11.491547	99.997258
48	3	11.480276	99.997281
48	4	11.464498	99.997305
48	5	11.444211	99.997329
48	6	11.419415	99.997353
48	7	11.390112	99.997376
48	8	11.356300	99.997400
48	9	11.317980	99.997424
48	10	11.275152	99.997447
48	11	11.227815	99.997471
48	12	11.175970	99.997495
48	13	11.119617	99.997518
48	14	11.058756	99.997542
48	15	10.993386	99.997566
48	16	10.923509	99.997590
48	17	10.849123	99.997613
48	18	10.770229	99.997637
48	19	10.686826	99.997661
48	20	10.598915	99.997684
48	21	10.506497	99.997708
48	22	10.409569	99.997732
48	23	10.308134	99.997755
48	24	10.202190	99.997779
48	25	10.091738	99.997803
48	26	9.976778	99.997827
48	27	9.857310	99.997850
48	28	9.733333	99.997874
48	29	9.604848	99.997898
48	30	9.471855	99.997921
48	31	9.334354	99.997945
48	32	9.192344	99.997969
48	33	9.045827	99.997992
48	34	8.894801	99.998016
48	35	8.739266	99.998040
48	36	8.579224	99.998064
48	37	8.414673	99.998087
48	38	8.245614	99.998111
48	39	8.072047	99.998135
48	40	7.893971	99.998158
48	41	7.711388	99.998182
48	42	7.524296	99.998206
48	43	7.332695	99.998229
48	44	7.136587	99.998253
48	45	6.935970	99.998277
48	46	6.730845	99.998300
48	47	6.521212	99.998324
48	48	6.307071	99.998348
50	-50	6.302913	99.998358
50	-49	6.508738	99.998367
50	-48	6.710405	99.998377
50	-47	6.907914	99.998387
50	-46	7.101265	99.998397
50	-45	7.290458	99.998406
50	-44	7.475493	99.998416
50	-43	7.656370	99.998426
50	-42	7.833088	99.998436
50	-41	8.005649	99.998445
50	-40	8.174051	99.998455
50	-39	8.338296	99.998465
50	-38	8.498382	99.998475
50	-37	8.654310	99.998485
50	-36	8.806080	99.998494
50	-35	8.953692	99.998504
50	-34	9.097146	99.998514
50	-33	9.236442	99.998524
50	-32	9.371580	99.998533
50	-31	9.502560	99.998543
50	-30	9.629381	99.998553
50	-29	9.752045	99.998563
50	-28	9.870550	99.998572
50	-27	9.984898	99.998582
50	-26	10.095087	99.998592
50	-25	10.201118	99.998602
50	-24	10.302991	99.998611
50	-23	10.400706	99.998621
50	-22	10.494263	99.998631
50	-21	10.583662	99.998641
50	-20	10.668903	99.998650
50	-19	10.749985	99.998660
50	-18	10.826910	99.998670
50	-17	10.899676	99.998680
50	-16	10.968285	99.998689
50	-15	11.032735	99.998699
50	-14	11.093027	99.998709
50	-13	11.149162	99.998719
50	-12	11.201138	99.998728
50	-11	11.248956	99.998738
50	-10	11.292615	99.998748
50	-9	11.332117	99.998758
50	-8	11.367461	99.998768
50	-7	11.398647	99.998777
50	-6	11.425674	99.998787
50	-5	11.448544	99.998797
50	-4	11.467255	99.998807
50	-3	11.481808	99.998816
50	-2	11.492204	99.998826
50	-1	11.498441	99.998836
50	0	11.500520	99.998846
50	1	11.498441	99.998855
50	2	11.492204	99.998865
50	3	11.481808	99.998875
50	4	11.467255	99.998885
50	5	11.448544	99.998894
50	6	11.425674	99.998904
50	7	11.398647	99.998914
50	8	11.367461	99.998924
50	9	11.332117	99.998933
50	10	11.292615	99.998943
50	11	11.248956	99.998953
50	12	11.201138	99.998963
50	13	11.149162	99.998972
50	14	11.093027	99.998982
50	15	11.032735	99.998992
50	16	10.968285	99.999002
50	17	10.899676	99.999011
50	18	10.826910	99.999021
50	19	10.749985	99.999031
50	20	10.668903	99.999041
50	21	10.583662	99.999051
50	22	10.494263	99.999060
50	23	10.400706	99.999070
50	24	10.302991	99.999080
50	25	10.201118	99.999090
50	26	10.095087	99.999099
50	27	9.984898	99.999109
50	28	9.870550	99.999119
50	29	9.752045	99.999129
50	30	9.629381	99.999138
50	31	9.502560	99.999148
50	32	9.371580	99.999158
50	33	9.236442	99.999168
50	34	9.097146	99.999177
50	35	8.953692	99.999187
50	36	8.806080	99.999197
50	37	8.654310	99.999207
50	38	8.498382	99.999216
50	39	8.338296	99.999226
50	40	8.174051	99.999236
50	41	8.005649	99.999246
50	42	7.833088	99.999255
50	43	7.656370	99.999265
50	44	7.475493	99.999275
50	45	7.290458	99.999285
50	46	7.101265	99.999294
50	47	6.907914	99.999304
50	48	6.710405	99.999314
50	49	6.508738	99.999324
50	50	6.302913	99.999334
52	-52	6.299065	99.999337
52	-51	6.497196	99.999341
52	-50	6.691480	99.999345
52	-49	6.881916	99.999349
52	-48	7.068506	99.999353
52	-47	7.251248	99.999357
52	-46	7.430142	99.999361
52	-45	7.605190	99.999365
52	-44	7.776391	99.999368
52	-43	7.943744	99.999372
52	-42	8.107250	99.999376
52	-41	8.266909	99.999380
52	-40	8.422720	99.999384
52	-39	8.574685	99.999388
52	-38	8.722802	99.999392
52	-37	8.867072	99.999396
52	-36	9.007495	99.999399
52	-35	9.144070	99.999403
52	-34	9.276799	99.999407
52	-33	9.405680	99.999411
52	-32	9.530714	99.999415
52	-31	9.651901	99.999419
52	-30	9.769241	99.999423
52	-29	9.882733	99.999427
52	-28	9.992378	99.999430
52	-27	10.098176	99.999434
52	-26	10.200127	99.999438
52	-25	10.298231	99.999442
52	-24	10.392487	99.999446
52	-23	10.482896	99.999450
52	-22	10.569458	99.999454
52	-21	10.652173	99.999458
52	-20	10.731041	99.999461
52	-19	10.806061	99.999465
52	-18	10.877234	99.999469
52	-17	10.944560	99.999473
52	-16	11.008039	99.999477
52	-15	11.067671	99.999481
52	-14	11.123455	99.999485
52	-13	11.175392	99.999489
52	-12	11.223482	99.999492
52	-11	11.267725	99.999496
52	-10	11.308121	99.999500
52	-9	11.344669	99.999504
52	-8	11.377370	99.999508
52	-7	11.406224	99.999512
52	-6	11.431231	99.999516
52	-5	11.452391	99.999520
52	-4	11.469703	99.999524
52	-3	11.483168	99.999527
52	-2	11.492786	99.999531
52	-1	11.498557	99.999535
52	0	11.500481	99.999539
52	1	11.498557	99.999543
52	2	11.492786	99.999547
52	3	11.483168	99.999551
52	4	11.469703	99.999555
52	5	11.452391	99.999558
52	6	11.431231	99.999562
52	7	11.406224	99.999566
52	8	11.377370	99.999570
52	9	11.344669	99.999574
52	10	11.308121	99.999578
52	11	11.267725	99.999582
52	12	11.223482	99.999586
52	13	11.175392	99.999589
52	14	11.123455	99.999593
52	15	11.067671	99.999597
52	16	11.008039	99.999601
52	17	10.944560	99.999605
52	18	10.877234	99.999609
52	19	10.806061	99.999613
52	20	10.731041	99.999617
52	21	10.652173	99.999620
52	22	10.569458	99.999624
52	23	10.482896	99.999628
52	24	10.392487	99.999632
52	25	10.298231	99.999636
52	26	10.200127	99.999640
52	27	10.098176	99.999644
52	28	9.992378	99.999648
52	29	9.882733	99.999651
52	30	9.769241	99.999655
52	31	9.651901	99.999659
52	32	9.530714	99.999663
52	33	9.405680	99.999667
52	34	9.276799	99.999671
52	35	9.144070	99.999675
52	36	9.007495	99.999679
52	37	8.867072	99.999682
52	38	8.722802	99.999686
52	39	8.574685	99.999690
52	40	8.422720	99.999694
52	41	8.266909	99.999698
52	42	8.107250	99.999702
52	43	7.943744	99.999706
52	44	7.776391	99.999710
52	45	7.605190	99.999713
52	46	7.430142	99.999717
52	47	7.251248	99.999721
52	48	7.068506	99.999725
52	49	6.881916	99.999729
52	50	6.691480	99.999733
52	51	6.497196	99.999737
52	52	6.299065	99.999741
54	-54	6.295495	99.999742
54	-53	6.486486	99.999744
54	-52	6.673908	99.999745
54	-51	6.857759	99.999747
54	-50	7.038040	99.999748
54	-49	7.214751	99.999750
54	-48	7.387893	99.999751
54	-47	7.557464	99.999753
54	-46	7.723466	99.999754
54	-45	7.885897	99.999755
54	-44	8.044759	99.999757
54	-43	8.200051	99.999758
54	-42	8.351772	99.999760
54	-41	8.499924	99.999761
54	-40	8.644506	99.999763
54	-39	8.785518	99.999764
54	-38	8.922960	99.999766
54	-37	9.056833	99.999767
54	-36	9.187135	99.999769
54	-35	9.313867	99.999770
54	-34	9.437030	99.999772
54	-33	9.556622	99.999773
54	-32	9.672645	99.999775
54	-31	9.785097	99.999776
54	-30	9.893980	99.999778
54	-29	9.999293	99.999779
54	-28	10.101036	99.999781
54	-27	10.199209	99.999782
54	-26	10.293812	99.999784
54	-25	10.384845	99.999785
54	-24	10.472308	99.999787
54	-23	10.556201	99.999788
54	-22	10.636524	99.999790
54	-21	10.713278	99.999791
54	-20	10.786461	99.999793
54	-19	10.856075	99.999794
54	-18	10.922118	99.999796
54	-17	10.984592	99.999797
54	-16	11.043496	99.999799
54	-15	11.098830	99.999800
54	-14	11.150594	99.999802
54	-13	11.198788	99.999803
54	-12	11.243412	99.999805
54	-11	11.284466	99.999806
54	-10	11.321950	99.999808
54	-9	11.355864	99.999809
54	-8	11.386209	99.999810
54	-7	11.412983	99.999812
54	-6	11.436188	99.999813
54	-5	11.455822	99.999815
54	-4	11.471887	99.999816
54	-3	11.484382	99.999818
54	-2	11.493306	99.999819
54	-1	11.498661	99.999821
54	0	11.500446	99.999822
54	1	11.498661	99.999824
54	2	11.493306	99.999825
54	3	11.484382	99.999827
54	4	11.471887	99.999828
54	5	11.455822	99.999830
54	6	11.436188	99.999831
54	7	11.412983	99.999833
54	8	11.386209	99.999834
54	9	11.355864	99.999836
54	10	11.321950	99.999837
54	11	11.284466	99.999839
54	12	11.243412	99.999840
54	13	11.198788	99.999842
54	14	11.150594	99.999843
54	15	11.098830	99.999845
54	16	11.043496	99.999846
54	17	10.984592	99.999848
54	18	10.922118	99.999849
54	19	10.856075	99.999851
54	20	10.786461	99.999852
54	21	10.713278	99.999854
54	22	10.636524	99.999855
54	23	10.556201	99.999857
54	24	10.472308	99.999858
54	25	10.384845	99.999860
54	26	10.293812	99.999861
54	27	10.199209	99.999863
54	28	10.101036	99.999864
54	29	9.999293	99.999865
54	30	9.893980	99.999867
54	31	9.785097	99.999868
54	32	9.672645	99.999870
54	33	9.556622	99.999871
54	34	9.437030	99.999873
54	35	9.313867	99.999874
54	36	9.187135	99.999876
54	37	9.056833	99.999877
54	38	8.922960	99.999879
54	39	8.785518	99.999880
54	40	8.644506	99.999882
54	41	8.499924	99.999883
54	42	8.351772	99.999885
54	43	8.200051	99.999886
54	44	8.044759	99.999888
54	45	7.885897	99.999889
54	46	7.723466	99.999891
54	47	7.557464	99.999892
54	48	7.387893	99.999894
54	49	7.214751	99.999895
54	50	7.038040	99.999897
54	51	6.857759	99.999898
54	52	6.673908	99.999900
54	53	6.486486	99.999901
54	54	6.295495	99.999903
56	-56	6.292174	99.999903
56	-55	6.476522	99.999904
56	-54	6.657548	99.999904
56	-53	6.835253	99.999905
56	-52	7.009636	99.999905
56	-51	7.180697	99.999906
56	-50	7.348437	99.999906
56	-49	7.512855	99.999907
56	-48	7.673952	99.999908
56	-47	7.831727	99.999908
56	-46	7.986181	99.999909
56	-45	8.137313	99.999909
56	-44	8.285123	99.999910
56	-43	8.429612	99.999910
56	-42	8.570779	99.999911
56	-41	8.708625	99.999911
56	-40	8.843149	99.999912
56	-39	8.974352	99.999913
56	-38	9.102233	99.999913
56	-37	9.226792	99.999914
56	-36	9.348030	99.999914
56	-35	9.465946	99.999915
56	-34	9.580541	99.999915
56	-33	9.691814	99.999916
56	-32	9.799765	99.999916
56	-31	9.904395	99.999917
56	-30	10.005703	99.999917
56	-29	10.103690	99.999918
56	-28	10.198355	99.999919
56	-27	10.289698	99.999919
56	-26	10.377720	99.999920
56	-25	10.462421	99.999920
56	-24	10.543799	99.999921
56	-23	10.621857	99.999921
56	-22	10.696592	99.999922
56	-21	10.768006	99.999922
56	-20	10.836099	99.999923
56	-19	10.900870	99.999924
56	-18	10.962319	99.999924
56	-17	11.020447	99.999925
56	-16	11.075253	99.999925
56	-15	11.126737	99.999926
56	-14	11.174900	99.999926
56	-13	11.219741	99.999927
56	-12	11.261261	99.999927
56	-11	11.299459	99.999928
56	-10	11.334336	99.999928
56	-9	11.365891	99.999929
56	-8	11.394125	99.999930
56	-7	11.419036	99.999930
56	-6	11.440627	99.999931
56	-5	11.458895	99.999931
56	-4	11.473843	99.999932
56	-3	11.485468	99.999932
56	-2	11.493772	99.999933
56	-1	11.498754	99.999933
56	0	11.500415	99.999934
56	1	11.498754	99.999935
56	2	11.493772	99.999935
56	3	11.485468	99.999936
56	4	11.473843	99.999936
56	5	11.458895	99.999937
56	6	11.440627	99.999937
56	7	11.419036	99.999938
56	8	11.394125	99.999938
56	9	11.365891	99.999939
56	10	11.334336	99.999939
56	11	11.299459	99.999940
56	12	11.261261	99.999941
56	13	11.219741	99.999941
56	14	11.174900	99.999942
56	15	11.126737	99.999942
56	16	11.075253	99.999943
56	17	11.020447	99.999943
56	18	10.962319	99.999944
56	19	10.900870	99.999944
56	20	10.836099	99.999945
56	21	10.768006	99.999946
56	22	10.696592	99.999946
56	23	10.621857	99.999947
56	24	10.543799	99.999947
56	25	10.462421	99.999948
56	26	10.377720	99.999948
56	27	10.289698	99.999949
56	28	10.198355	99.999949
56	29	10.103690	99.999950
56	30	10.005703	99.999950
56	31	9.904395	99.999951
56	32	9.799765	99.999952
56	33	9.691814	99.999952
56	34	9.580541	99.999953
56	35	9.465946	99.999953
56	36	9.348030	99.999954
56	37	9.226792	99.999954
56	38	9.102233	99.999955
56	39	8.974352	99.999955
56	40	8.843149	99.999956
56	41	8.708625	99.999956
56	42	8.570779	99.999957
56	43	8.429612	99.999958
56	44	8.285123	99.999958
56	45	8.137313	99.999959
56	46	7.986181	99.999959
56	47	7.831727	99.999960
56	48	7.673952	99.999960
56	49	7.512855	99.999961
56	50	7.348437	99.999961
56	51	7.180697	99.999962
56	52	7.009636	99.999963
56	53	6.835253	99.999963
56	54	6.657548	99.999964
56	55	6.476522	99.999964
56	56	6.292174	99.999965
58	-58	6.289076	99.999965
58	-57	6.467227	99.999965
58	-56	6.642280	99.999965
58	-55	6.814235	99.999966
58	-54	6.983091	99.999966
58	-53	7.148849	99.999966
58	-52	7.311509	99.999966
58	-51	7.471071	99.999966
58	-50	7.627534	99.999967
58	-49	7.780899	99.999967
58	-48	7.931166	99.999967
58	-47	8.078334	99.999967
58	-46	8.222404	99.999967
58	-45	8.363376	99.999967
58	-44	8.501250	99.999968
58	-43	8.636025	99.999968
58	-42	8.767702	99.999968
58	-41	8.896281	99.999968
58	-40	9.021761	99.999968
58	-39	9.144143	99.999969
58	-38	9.263427	99.999969
58	-37	9.379613	99.999969
58	-36	9.492700	99.999969
58	-35	9.602689	99.999969
58	-34	9.709580	99.999970
58	-33	9.813372	99.999970
58	-32	9.914066	99.999970
58	-31	10.011662	99.999970
58	-30	10.106160	99.999970
58	-29	10.197559	99.999971
58	-28	10.285860	99.999971
58	-27	10.371063	99.999971
58	-26	10.453168	99.999971
58	-25	10.532174	99.999971
58	-24	10.608082	99.999972
58	-23	10.680891	99.999972
58	-22	10.750603	99.999972
58	-21	10.817216	99.999972
58	-20	10.880731	99.999972
58	-19	10.941147	99.999973
58	-18	10.998465	99.999973
58	-17	11.052685	99.999973
58	-16	11.103807	99.999973
58	-15	11.151830	99.999973
58	-14	11.196756	99.999974
58	-13	11.238582	99.999974
58	-12	11.277311	99.999974
58	-11	11.312941	99.999974
58	-10	11.345473	99.999974
58	-9	11.374907	99.999975
58	-8	11.401242	99.999975
58	-7	11.424479	99.999975
58	-6	11.444618	99.999975
58	-5	11.461659	99.999975
58	-4	11.475601	99.999976
58	-3	11.486445	99.999976
58	-2	11.494191	99.999976
58	-1	11.498838	99.999976
58	0	11.500387	99.999976
58	1	11.498838	99.999977
58	2	11.494191	99.999977
58	3	11.486445	99.999977
58	4	11.475601	99.999977
58	5	11.461659	99.999977
58	6	11.444618	99.999977
58	7	11.424479	99.999978
58	8	11.401242	99.999978
58	9	11.374907	99.999978
58	10	11.345473	99.999978
58	11	11.312941	99.999978
58	12	11.277311	99.999979
58	13	11.238582	99.999979
58	14	11.196756	99.999979
58	15	11.151830	99.999979
58	16	11.103807	99.999979
58	17	11.052685	99.999980
58	18	10.998465	99.999980
58	19	10.941147	99.999980
58	20	10.880731	99.999980
58	21	10.817216	99.999980
58	22	10.750603	99.999981
58	23	10.680891	99.999981
58	24	10.608082	99.999981
58	25	10.532174	99.999981
58	26	10.453168	99.999981
58	27	10.371063	99.999982
58	28	10.285860	99.999982
58	29	10.197559	99.999982
58	30	10.106160	99.999982
58	31	10.011662	99.999982
58	32	9.914066	99.999983
58	33	9.813372	99.999983
58	34	9.709580	99.999983
58	35	9.602689	99.999983
58	36	9.492700	99.999983
58	37	9.379613	99.999984
58	38	9.263427	99.999984
58	39	9.144143	99.999984
58	40	9.021761	99.999984
58	41	8.896281	99.999984
58	42	8.767702	99.999985
58	43	8.636025	99.999985
58	44	8.501250	99.999985
58	45	8.363376	99.999985
58	46	8.222404	99.999985
58	47	8.078334	99.999986
58	48	7.931166	99.999986
58	49	7.780899	99.999986
58	50	7.627534	99.999986
58	51	7.471071	99.999986
58	52	7.311509	99.999987
58	53	7.148849	99.999987
58	54	6.983091	99.999987
58	55	6.814235	99.999987
58	56	6.642280	99.999987
58	57	6.467227	99.999987
58	58	6.289076	99.999988
60	-60	6.286179	99.999988
60	-59	6.458537	99.999988
60	-58	6.627998	99.999988
60	-57	6.794562	99.999988
60	-56	6.958229	99.999988
60	-55	7.119000	99.999988
60	-54	7.276874	99.999988
60	-53	7.431851	99.999988
60	-52	7.583931	99.999988
60	-51	7.733115	99.999988
60	-50	7.879402	99.999988
60	-49	8.022792	99.999988
60	-48	8.163285	99.999989
60	-47	8.300881	99.999989
60	-46	8.435581	99.999989
60	-45	8.567384	99.999989
60	-44	8.696290	99.999989
60	-43	8.822300	99.999989
60	-42	8.945412	99.999989
60	-41	9.065628	99.999989
60	-40	9.182947	99.999989
60	-39	9.297370	99.999989
60	-38	9.408895	99.999989
60	-37	9.517524	99.999989
60	-36	9.623256	99.999989
60	-35	9.726091	99.999989
60	-34	9.826030	99.999990
60	-33	9.923072	99.999990
60	-32	10.017217	99.999990
60	-31	10.108465	99.999990
60	-30	10.196816	99.999990
60	-29	10.282271	99.999990
60	-28	10.364829	99.999990
60	-27	10.444490	99.999990
60	-26	10.521254	99.999990
60	-25	10.595122	99.999990
60	-24	10.666093	99.999990
60	-23	10.734167	99.999990
60	-22	10.799344	99.999990
60	-21	10.861625	99.999990
60	-20	10.921008	99.999990
60	-19	10.977495	99.999991
60	-18	11.031086	99.999991
60	-17	11.081779	99.999991
60	-16	11.129576	99.999991
60	-15	11.174476	99.999991
60	-14	11.216479	99.999991
60	-13	11.255585	99.999991
60	-12	11.291795	99.999991
60	-11	11.325108	99.999991
60	-10	11.355524	99.999991
60	-9	11.383043	99.999991
60	-8	11.407666	99.999991
60	-7	11.429391	99.999991
60	-6	11.448220	99.999991
60	-5	11.464152	99.999991
60	-4	11.477188	99.999992
60	-3	11.487327	99.999992
60	-2	11.494569	99.999992
60	-1	11.498914	99.999992
60	0	11.500362	99.999992
60	1	11.498914	99.999992
60	2	11.494569	99.999992
60	3	11.487327	99.999992
60	4	11.477188	99.999992
60	5	11.464152	99.999992
60	6	11.448220	99.999992
60	7	11.429391	99.999992
60	8	11.407666	99.999992
60	9	11.383043	99.999992
60	10	11.355524	99.999992
60	11	11.325108	99.999993
60	12	11.291795	99.999993
60	13	11.255585	99.999993
60	14	11.216479	99.999993
60	15	11.174476	99.999993
60	16	11.129576	99.999993
60	17	11.081779	99.999993
60	18	11.031086	99.999993
60	19	10.977495	99.999993
60	20	10.921008	99.999993
60	21	10.861625	99.999993
60	22	10.799344	99.999993
60	23	10.734167	99.999993
60	24	10.666093	99.999993
60	25	10.595122	99.999993
60	26	10.521254	99.999994
60	27	10.444490	99.999994
60	28	10.364829	99.999994
60	29	10.282271	99.999994
60	30	10.196816	99.999994
60	31	10.108465	99.999994
60	32	10.017217	99.999994
60	33	9.923072	99.999994
60	34	9.826030	99.999994
60	35	9.726091	99.999994
60	36	9.623256	99.999994
60	37	9.517524	99.999994
60	38	9.408895	99.999994
60	39	9.297370	99.999994
60	40	9.182947	99.999994
60	41	9.065628	99.999995
60	42	8.945412	99.999995
60	43	8.822300	99.999995
60	44	8.696290	99.999995
60	45	8.567384	99.999995
60	46	8.435581	99.999995
60	47	8.300881	99.999995
60	48	8.163285	99.999995
60	49	8.022792	99.999995
60	50	7.879402	99.999995
60	51	7.733115	99.999995
60	52	7.583931	99.999995
60	53	7.431851	99.999995
60	54	7.276874	99.999995
60	55	7.119000	99.999996
60	56	6.958229	99.999996
60	57	6.794562	99.999996
60	58	6.627998	99.999996
60	59	6.458537	99.999996
60	60	6.286179	99.999996
62	-62	6.283465	99.999996
62	-61	6.450394	99.999996
62	-60	6.614609	99.999996
62	-59	6.776109	99.999996
62	-58	6.934895	99.999996
62	-57	7.090967	99.999996
62	-56	7.244325	99.999996
62	-55	7.394968	99.999996
62	-54	7.542897	99.999996
62	-53	7.688112	99.999996
62	-52	7.830613	99.999996
62	-51	7.970399	99.999996
62	-50	8.107471	99.999996
62	-49	8.241828	99.999996
62	-48	8.373472	99.999996
62	-47	8.502401	99.999996
62	-46	8.628615	99.999996
62	-45	8.752116	99.999996
62	-44	8.872902	99.999996
62	-43	8.990974	99.999996
62	-42	9.106331	99.999996
62	-41	9.218974	99.999996
62	-40	9.328903	99.999996
62	-39	9.436118	99.999996
62	-38	9.540618	99.999996
62	-37	9.642404	99.999996
62	-36	9.741476	99.999996
62	-35	9.837834	99.999996
62	-34	9.931477	99.999996
62	-33	10.022406	99.999997
62	-32	10.110620	99.999997
62	-31	10.196121	99.999997
62	-30	10.278907	99.999997
62	-29	10.358978	99.999997
62	-28	10.436336	99.999997
62	-27	10.510979	99.999997
62	-26	10.582908	99.999997
62	-25	10.652122	99.999997
62	-24	10.718622	99.999997
62	-23	10.782408	99.999997
62	-22	10.843480	99.999997
62	-21	10.901837	99.999997
62	-20	10.957480	99.999997
62	-19	11.010409	99.999997
62	-18	11.060624	99.999997
62	-17	11.108124	99.999997
62	-16	11.152910	99.999997
62	-15	11.194981	99.999997
62	-14	11.234338	99.999997
62	-13	11.270981	99.999997
62	-12	11.304910	99.999997
62	-11	11.336124	99.999997
62	-10	11.364625	99.999997
62	-9	11.390410	99.999997
62	-8	11.413482	99.999997
62	-7	11.433839	99.999997
62	-6	11.451482	99.999997
62	-5	11.466411	99.999997
62	-4	11.478625	99.999997
62	-3	11.488125	99.999997
62	-2	11.494911	99.999997
62	-1	11.498982	99.999997
62	0	11.500339	99.999997
62	1	11.498982	99.999997
62	2	11.494911	99.999997
62	3	11.488125	99.999997
62	4	11.478625	99.999997
62	5	11.466411	99.999997
62	6	11.451482	99.999997
62	7	11.433839	99.999997
62	8	11.413482	99.999997
62	9	11.390410	99.999997
62	10	11.364625	99.999997
62	11	11.336124	99.999998
62	12	11.304910	99.999998
62	13	11.270981	99.999998
62	14	11.234338	99.999998
62	15	11.194981	99.999998
62	16	11.152910	99.999998
62	17	11.108124	99.999998
62	18	11.060624	99.999998
62	19	11.010409	99.999998
62	20	10.957480	99.999998
62	21	10.901837	99.999998
62	22	10.843480	99.999998
62	23	10.782408	99.999998
62	24	10.718622	99.999998
62	25	10.652122	99.999998
62	26	10.582908	99.999998
62	27	10.510979	99.999998
62	28	10.436336	99.999998
62	29	10.358978	99.999998
62	30	10.278907	99.999998
62	31	10.196121	99.999998
62	32	10.110620	99.999998
62	33	10.022406	99.999998
62	34	9.931477	99.999998
62	35	9.837834	99.999998
62	36	9.741476	99.999998
62	37	9.642404	99.999998
62	38	9.540618	99.999998
62	39	9.436118	99.999998
62	40	9.328903	99.999998
62	41	9.218974	99.999998
62	42	9.106331	99.999998
62	43	8.990974	99.999998
62	44	8.872902	99.999998
62	45	8.752116	99.999998
62	46	8.628615	99.999998
62	47	8.502401	99.999998
62	48	8.373472	99.999998
62	49	8.241828	99.999998
62	50	8.107471	99.999998
62	51	7.970399	99.999998
62	52	7.830613	99.999998
62	53	7.688112	99.999998
62	54	7.542897	99.999998
62	55	7.394968	99.999998
62	56	7.244325	99.999999
62	57	7.090967	99.999999
62	58	6.934895	99.999999
62	59	6.776109	99.999999
62	60	6.614609	99.999999
62	61	6.450394	99.999999
62	62	6.283465	99.999999
64	-64	6.280916	99.999999
64	-63	6.442748	99.999999
64	-62	6.602032	99.999999
64	-61	6.758767	99.999999
64	-60	6.912953	99.999999
64	-59	7.064591	99.999999
64	-58	7.213680	99.999999
64	-57	7.360221	99.999999
64	-56	7.504214	99.999999
64	-55	7.645657	99.999999
64	-54	7.784553	99.999999
64	-53	7.920899	99.999999
64	-52	8.054697	99.999999
64	-51	8.185947	99.999999
64	-50	8.314648	99.999999
64	-49	8.440801	99.999999
64	-48	8.564405	99.999999
64	-47	8.685460	99.999999
64	-46	8.803967	99.999999
64	-45	8.919925	99.999999
64	-44	9.033335	99.999999
64	-43	9.144197	99.999999
64	-42	9.252509	99.999999
64	-41	9.358274	99.999999
64	-40	9.461489	99.999999
64	-39	9.562157	99.999999
64	-38	9.660275	99.999999
64	-37	9.755845	99.999999
64	-36	9.848867	99.999999
64	-35	9.939340	99.999999
64	-34	10.027265	99.999999
64	-33	10.112641	99.999999
64	-32	10.195468	99.999999
64	-31	10.275747	99.999999
64	-30	10.353477	99.999999
64	-29	10.428659	99.999999
64	-28	10.501292	99.999999
64	-27	10.571377	99.999999
64	-26	10.638913	99.999999
64	-25	10.703901	99.999999
64	-24	10.766340	99.999999
64	-23	10.826231	99.999999
64	-22	10.883573	99.999999
64	-21	10.938366	99.999999
64	-20	10.990611	99.999999
64	-19	11.040308	99.999999
64	-18	11.087456	99.999999
64	-17	11.132055	99.999999
64	-16	11.174106	99.999999
64	-15	11.213608	99.999999
64	-14	11.250562	99.999999
64	-13	11.284967	99.999999
64	-12	11.316824	99.999999
64	-11	11.346132	99.999999
64	-10	11.372892	99.999999
64	-9	11.397103	99.999999
64	-8	11.418765	99.999999
64	-7	11.437879	99.999999
64	-6	11.454445	99.999999
64	-5	11.468462	99.999999
64	-4	11.479930	99.999999
64	-3	11.488850	99.999999
64	-2	11.495221	99.999999
64	-1	11.499044	99.999999
64	0	11.500319	99.999999
64	1	11.499044	99.999999
64	2	11.495221	99.999999
64	3	11.488850	99.999999
64	4	11.479930	99.999999
64	5	11.468462	99.999999
64	6	11.454445	99.999999
64	7	11.437879	99.999999
64	8	11.418765	99.999999
64	9	11.397103	99.999999
64	10	11.372892	99.999999
64	11	11.346132	99.999999
64	12	11.316824	99.999999
64	13	11.284967	99.999999
64	14	11.250562	99.999999
64	15	11.213608	99.999999
64	16	11.174106	99.999999
64	17	11.132055	99.999999
64	18	11.087456	99.999999
64	19	11.040308	99.999999
64	20	10.990611	99.999999
64	21	10.938366	99.999999
64	22	10.883573	99.999999
64	23	10.826231	99.999999
64	24	10.766340	99.999999
64	25	10.703901	99.999999
64	26	10.638913	99.999999
64	27	10.571377	99.999999
64	28	10.501292	99.999999
64	29	10.428659	99.999999
64	30	10.353477	99.999999
64	31	10.275747	99.999999
64	32	10.195468	99.999999
64	33	10.112641	99.999999
64	34	10.027265	99.999999
64	35	9.939340	99.999999
64	36	9.848867	99.999999
64	37	9.755845	99.999999
64	38	9.660275	99.999999
64	39	9.562157	99.999999
64	40	9.461489	99.999999
64	41	9.358274	99.999999
64	42	9.252509	99.999999
64	43	9.144197	99.999999
64	44	9.033335	99.999999
64	45	8.919925	99.999999
64	46	8.803967	99.999999
64	47	8.685460	99.999999
64	48	8.564405	99.999999
64	49	8.440801	99.999999
64	50	8.314648	99.999999
64	51	8.185947	99.999999
64	52	8.054697	99.999999
64	53	7.920899	99.999999
64	54	7.784553	100.000000
64	55	7.645657	100.000000
64	56	7.504214	100.000000
64	57	7.360221	100.000000
64	58	7.213680	100.000000
64	59	7.064591	100.000000
64	60	6.912953	100.000000
64	61	6.758767	100.000000
64	62	6.602032	100.000000
64	63	6.442748	100.000000
64	64	6.280916	100.000000
66	-66	6.278519	100.000000
66	-65	6.435556	100.000000
66	-64	6.590195	100.000000
66	-63	6.742437	100.000000
66	-62	6.892282	100.000000
66	-61	7.039729	100.000000
66	-60	7.184778	100.000000
66	-59	7.327430	100.000000
66	-58	7.467684	100.000000
66	-57	7.605541	100.000000
66	-56	7.741001	100.000000
66	-55	7.874063	100.000000
66	-54	8.004727	100.000000
66	-53	8.132994	100.000000
66	-52	8.258863	100.000000
66	-51	8.382335	100.000000
66	-50	8.503410	100.000000
66	-49	8.622087	100.000000
66	-48	8.738366	100.000000
66	-47	8.852248	100.000000
66	-46	8.963732	100.000000
66	-45	9.072819	100.000000
66	-44	9.179508	100.000000
66	-43	9.283800	100.000000
66	-42	9.385694	100.000000
66	-41	9.485191	100.000000
66	-40	9.582290	100.000000
66	-39	9.676992	100.000000
66	-38	9.769296	100.000000
66	-37	9.859203	100.000000
66	-36	9.946712	100.000000
66	-35	10.031824	100.000000
66	-34	10.114538	100.000000
66	-33	10.194854	100.000000
66	-32	10.272774	100.000000
66	-31	10.348295	100.000000
66	-30	10.421419	100.000000
66	-29	10.492146	100.000000
66	-28	10.560475	100.000000
66	-27	10.626407	100.000000
66	-26	10.689941	100.000000
66	-25	10.751077	100.000000
66	-24	10.809816	100.000000
66	-23	10.866158	100.000000
66	-22	10.920102	100.000000
66	-21	10.971648	100.000000
66	-20	11.020797	100.000000
66	-19	11.067549	100.000000
66	-18	11.111903	100.000000
66	-17	11.153859	100.000000
66	-16	11.193418	100.000000
66	-15	11.230580	100.000000
66	-14	11.265344	100.000000
66	-13	11.297710	100.000000
66	-12	11.327679	100.000000
66	-11	11.355250	100.000000
66	-10	11.380424	100.000000
66	-9	11.403200	100.000000
66	-8	11.423579	100.000000
66	-7	11.441561	100.000000
66	-6	11.457144	100.000000
66	-5	11.470331	100.000000
66	-4	11.481120	100.000000
66	-3	11.489511	100.000000
66	-2	11.495505	100.000000
66	-1	11.499101	100.000000
66	0	11.500300	100.000000
66	1	11.499101	100.000000
66	2	11.495505	100.000000
66	3	11.489511	100.000000
66	4	11.481120	100.000000
66	5	11.470331	100.000000
66	6	11.457144	100.000000
66	7	11.441561	100.000000
66	8	11.423579	100.000000
66	9	11.403200	100.000000
66	10	11.380424	100.000000
66	11	11.355250	100.000000
66	12	11.327679	100.000000
66	13	11.297710	100.000000
66	14	11.265344	100.000000
66	15	11.230580	100.000000
66	16	11.193418	100.000000
66	17	11.153859	100.000000
66	18	11.111903	100.000000
66	19	11.067549	100.000000
66	20	11.020797	100.000000
66	21	10.971648	100.000000
66	22	10.920102	100.000000
66	23	10.866158	100.000000
66	24	10.809816	100.000000
66	25	10.751077	100.000000
66	26	10.689941	100.000000
66	27	10.626407	100.000000
66	28	10.560475	100.000000
66	29	10.492146	100.000000
66	30	10.421419	100.000000
66	31	10.348295	100.000000
66	32	10.272774	100.000000
66	33	10.194854	100.000000
66	34	10.114538	100.000000
66	35	10.031824	100.000000
66	36	9.946712	100.000000
66	37	9.859203	100.000000
66	38	9.769296	100.000000
66	39	9.676992	100.000000
66	40	9.582290	100.000000
66	41	9.485191	100.000000
66	42	9.385694	100.000000
66	43	9.283800	100.000000
66	44	9.179508	100.000000
66	45	9.072819	100.000000
66	46	8.963732	100.000000
66	47	8.852248	100.000000
66	48	8.738366	100.000000
66	49	8.622087	100.000000
66	50	8.503410	100.000000
66	51	8.382335	100.000000
66	52	8.258863	100.000000
66	53	8.132994	100.000000
66	54	8.004727	100.000000
66	55	7.874063	100.000000
66	56	7.741001	100.000000
66	57	7.605541	100.000000
66	58	7.467684	100.000000
66	59	7.327430	100.000000
66	60	7.184778	100.000000
66	61	7.039729	100.000000
66	62	6.892282	100.000000
66	63	6.742437	100.000000
66	64	6.590195	100.000000
66	65	6.435556	100.000000
66	66	6.278519	100.000000
68	-68	6.276259	100.000000
68	-67	6.428777	100.000000
68	-66	6.579035	100.000000
68	-65	6.727034	100.000000
68	-64	6.872774	100.000000
68	-63	7.016254	100.000000
68	-62	7.157474	100.000000
68	-61	7.296435	100.000000
68	-60	7.433136	100.000000
68	-59	7.567578	100.000000
68	-58	7.699760	100.000000
68	-57	7.829683	100.000000
68	-56	7.957346	100.000000
68	-55	8.082750	100.000000
68	-54	8.205894	100.000000
68	-53	8.326779	100.000000
68	-52	8.445404	100.000000
68	-51	8.561769	100.000000
68	-50	8.675875	100.000000
68	-49	8.787722	100.000000
68	-48	8.897309	100.000000
68	-47	9.004636	100.000000
68	-46	9.109704	100.000000
68	-45	9.212513	100.000000
68	-44	9.313062	100.000000
68	-43	9.411351	100.000000
68	-42	9.507381	100.000000
68	-41	9.601151	100.000000
68	-40	9.692662	100.000000
68	-39	9.781913	100.000000
68	-38	9.868905	100.000000
68	-37	9.953637	100.000000
68	-36	10.036110	100.000000
68	-35	10.116323	100.000000
68	-34	10.194277	100.000000
68	-33	10.269971	100.000000
68	-32	10.343405	100.000000
68	-31	10.414580	100.000000
68	-30	10.483496	100.000000
68	-29	10.550152	100.000000
68	-28	10.614548	100.000000
68	-27	10.676685	100.000000
68	-26	10.736563	100.000000
68	-25	10.794181	100.000000
68	-24	10.849539	100.000000
68	-23	10.902638	100.000000
68	-22	10.953477	100.000000
68	-21	11.002057	100.000000
68	-20	11.048377	100.000000
68	-19	11.092438	100.000000
68	-18	11.134239	100.000000
68	-17	11.173781	100.000000
68	-16	11.211063	100.000000
68	-15	11.246086	100.000000
68	-14	11.278849	100.000000
68	-13	11.309353	100.000000
68	-12	11.337597	100.000000
68	-11	11.363581	100.000000
68	-10	11.387306	100.000000
68	-9	11.408772	100.000000
68	-8	11.427978	100.000000
68	-7	11.444924	100.000000
68	-6	11.459611	100.000000
68	-5	11.472038	100.000000
68	-4	11.482206	100.000000
68	-3	11.490115	100.000000
68	-2	11.495763	100.000000
68	-1	11.499153	100.000000
68	0	11.500282	100.000000
68	1	11.499153	100.000000
68	2	11.495763	100.000000
68	3	11.490115	100.000000
68	4	11.482206	100.000000
68	5	11.472038	100.000000
68	6	11.459611	100.000000
68	7	11.444924	100.000000
68	8	11.427978	100.000000
68	9	11.408772	100.000000
68	10	11.387306	100.000000
68	11	11.363581	100.000000
68	12	11.337597	100.000000
68	13	11.309353	100.000000
68	14	11.278849	100.000000
68	15	11.246086	100.000000
68	16	11.211063	100.000000
68	17	11.173781	100.000000
68	18	11.134239	100.000000
68	19	11.092438	100.000000
68	20	11.048377	100.000000
68	21	11.002057	100.000000
68	22	10.953477	100.000000
68	23	10.902638	100.000000
68	24	10.849539	100.000000
68	25	10.794181	100.000000
68	26	10.736563	100.000000
68	27	10.676685	100.000000
68	28	10.614548	100.000000
68	29	10.550152	100.000000
68	30	10.483496	100.000000
68	31	10.414580	100.000000
68	32	10.343405	100.000000
68	33	10.269971	100.000000
68	34	10.194277	100.000000
68	35	10.116323	100.000000
68	36	10.036110	100.000000
68	37	9.953637	100.000000
68	38	9.868905	100.000000
68	39	9.781913	100.000000
68	40	9.692662	100.000000
68	41	9.601151	100.000000
68	42	9.507381	100.000000
68	43	9.411351	100.000000
68	44	9.313062	100.000000
68	45	9.212513	100.000000
68	46	9.109704	100.000000
68	47	9.004636	100.000000
68	48	8.897309	100.000000
68	49	8.787722	100.000000
68	50	8.675875	100.000000
68	51	8.561769	100.000000
68	52	8.445404	100.000000
68	53	8.326779	100.000000
68	54	8.205894	100.000000
68	55	8.082750	100.000000
68	56	7.957346	100.000000
68	57	7.829683	100.000000
68	58	7.699760	100.000000
68	59	7.567578	100.000000
68	60	7.433136	100.000000
68	61	7.296435	100.000000
68	62	7.157474	100.000000
68	63	7.016254	100.000000
68	64	6.872774	100.000000
68	65	6.727034	100.000000
68	66	6.579035	100.000000
68	67	6.428777	100.000000
68	68	6.276259	100.000000
70	-70	6.274126	100.000000
70	-69	6.422378	100.000000
70	-68	6.568496	100.000000
70	-67	6.712482	100.000000
70	-66	6.854334	100.000000
70	-65	6.994053	100.000000
70	-64	7.131640	100.000000
70	-63	7.267093	100.000000
70	-62	7.400413	100.000000
70	-61	7.531599	100.000000
70	-60	7.660653	100.000000
70	-59	7.787574	100.000000
70	-58	7.912361	100.000000
70	-57	8.035015	100.000000
70	-56	8.155537	100.000000
70	-55	8.273925	100.000000
70	-54	8.390180	100.000000
70	-53	8.504301	100.000000
70	-52	8.616290	100.000000
70	-51	8.726146	100.000000
70	-50	8.833868	100.000000
70	-49	8.939458	100.000000
70	-48	9.042914	100.000000
70	-47	9.144237	100.000000
70	-46	9.243427	100.000000
70	-45	9.340484	100.000000
70	-44	9.435408	100.000000
70	-43	9.528198	100.000000
70	-42	9.618856	100.000000
70	-41	9.707380	100.000000
70	-40	9.793772	100.000000
70	-39	9.878030	100.000000
70	-38	9.960155	100.000000
70	-37	10.040147	100.000000
70	-36	10.118006	100.000000
70	-35	10.193731	100.000000
70	-34	10.267324	100.000000
70	-33	10.338784	100.000000
70	-32	10.408110	100.000000
70	-31	10.475303	100.000000
70	-30	10.540363	100.000000
70	-29	10.603290	100.000000
70	-28	10.664084	100.000000
70	-27	10.722745	100.000000
70	-26	10.779273	100.000000
70	-25	10.833667	100.000000
70	-24	10.885928	100.000000
70	-23	10.936057	100.000000
70	-22	10.984052	100.000000
70	-21	11.029914	100.000000
70	-20	11.073643	100.000000
70	-19	11.115239	100.000000
70	-18	11.154701	100.000000
70	-17	11.192031	100.000000
70	-16	11.227227	100.000000
70	-15	11.260291	100.000000
70	-14	11.291221	100.000000
70	-13	11.320018	100.000000
70	-12	11.346682	100.000000
70	-11	11.371213	100.000000
70	-10	11.393611	100.000000
70	-9	11.413875	100.000000
70	-8	11.432007	100.000000
70	-7	11.448005	100.000000
70	-6	11.461871	100.000000
70	-5	11.473603	100.000000
70	-4	11.483202	100.000000
70	-3	11.490668	100.000000
70	-2	11.496000	100.000000
70	-1	11.499200	100.000000
70	0	11.500267	100.000000
70	1	11.499200	100.000000
70	2	11.496000	100.000000
70	3	11.490668	100.000000
70	4	11.483202	100.000000
70	5	11.473603	100.000000
70	6	11.461871	100.000000
70	7	11.448005	100.000000
70	8	11.432007	100.000000
70	9	11.413875	100.000000
70	10	11.393611	100.000000
70	11	11.371213	100.000000
70	12	11.346682	100.000000
70	13	11.320018	100.000000
70	14	11.291221	100.000000
70	15	11.260291	100.000000
70	16	11.227227	100.000000
70	17	11.192031	100.000000
70	18	11.154701	100.000000
70	19	11.115239	100.000000
70	20	11.073643	100.000000
70	21	11.029914	100.000000
70	22	10.984052	100.000000
70	23	10.936057	100.000000
70	24	10.885928	100.000000
70	25	10.833667	100.000000
70	26	10.779273	100.000000
70	27	10.722745	100.000000
70	28	10.664084	100.000000
70	29	10.603290	100.000000
70	30	10.540363	100.000000
70	31	10.475303	100.000000
70	32	10.408110	100.000000
70	33	10.338784	100.000000
70	34	10.267324	100.000000
70	35	10.193731	100.000000
70	36	10.118006	100.000000
70	37	10.040147	100.000000
70	38	9.960155	100.000000
70	39	9.878030	100.000000
70	40	9.793772	100.000000
70	41	9.707380	100.000000
70	42	9.618856	100.000000
70	43	9.528198	100.000000
70	44	9.435408	100.000000
70	45	9.340484	100.000000
70	46	9.243427	100.000000
70	47	9.144237	100.000000
70	48	9.042914	100.000000
70	49	8.939458	100.000000
70	50	8.833868	100.000000
70	51	8.726146	100.000000
70	52	8.616290	100.000000
70	53	8.504301	100.000000
70	54	8.390180	100.000000
70	55	8.273925	100.000000
70	56	8.155537	100.000000
70	57	8.035015	100.000000
70	58	7.912361	100.000000
70	59	7.787574	100.000000
70	60	7.660653	100.000000
70	61	7.531599	100.000000
70	62	7.400413	100.000000
70	63	7.267093	100.000000
70	64	7.131640	100.000000
70	65	6.994053	100.000000
70	66	6.854334	100.000000
70	67	6.712482	100.000000
70	68	6.568496	100.000000
70	69	6.422378	100.000000
70	70	6.274126	100.000000
72	-72	6.272109	100.000000
72	-71	6.416327	100.000000
72	-70	6.558527	100.000000
72	-69	6.698711	100.000000
72	-68	6.836877	100.000000
72	-67	6.973027	100.000000
72	-66	7.107160	100.000000
72	-65	7.239275	100.000000
72	-64	7.369373	100.000000
72	-63	7.497455	100.000000
72	-62	7.623519	100.000000
72	-61	7.747567	100.000000
72	-60	7.869597	100.000000
72	-59	7.989610	100.000000
72	-58	8.107607	100.000000
72	-57	8.223586	100.000000
72	-56	8.337548	100.000000
72	-55	8.449493	100.000000
72	-54	8.559422	100.000000
72	-53	8.667333	100.000000
72	-52	8.773227	100.000000
72	-51	8.877104	100.000000
72	-50	8.978964	100.000000
72	-49	9.078807	100.000000
72	-48	9.176633	100.000000
72	-47	9.272442	100.000000
72	-46	9.366234	100.000000
72	-45	9.458009	100.000000
72	-44	9.547767	100.000000
72	-43	9.635507	100.000000
72	-42	9.721231	100.000000
72	-41	9.804938	100.000000
72	-40	9.886628	100.000000
72	-39	9.966300	100.000000
72	-38	10.043956	100.000000
72	-37	10.119595	100.000000
72	-36	10.193216	100.000000
72	-35	10.264821	100.000000
72	-34	10.334408	100.000000
72	-33	10.401979	100.000000
72	-32	10.467532	100.000000
72	-31	10.531069	100.000000
72	-30	10.592588	100.000000
72	-29	10.652091	100.000000
72	-28	10.709576	100.000000
72	-27	10.765044	100.000000
72	-26	10.818496	100.000000
72	-25	10.869930	100.000000
72	-24	10.919347	100.000000
72	-23	10.966748	100.000000
72	-22	11.012131	100.000000
72	-21	11.055497	100.000000
72	-20	11.096846	100.000000
72	-19	11.136178	100.000000
72	-18	11.173493	100.000000
72	-17	11.208791	100.000000
72	-16	11.242072	100.000000
72	-15	11.273336	100.000000
72	-14	11.302583	100.000000
72	-13	11.329813	100.000000
72	-12	11.355026	100.000000
72	-11	11.378222	100.000000
72	-10	11.399401	100.000000
72	-9	11.418562	100.000000
72	-8	11.435707	100.000000
72	-7	11.450835	100.000000
72	-6	11.463946	100.000000
72	-5	11.475039	100.000000
72	-4	11.484116	100.000000
72	-3	11.491175	100.000000
72	-2	11.496218	100.000000
72	-1	11.499244	100.000000
72	0	11.500252	100.000000
72	1	11.499244	100.000000
72	2	11.496218	100.000000
72	3	11.491175	100.000000
72	4	11.484116	100.000000
72	5	11.475039	100.000000
72	6	11.463946	100.000000
72	7	11.450835	100.000000
72	8	11.435707	100.000000
72	9	11.418562	100.000000
72	10	11.399401	100.000000
72	11	11.378222	100.000000
72	12	11.355026	100.000000
72	13	11.329813	100.000000
72	14	11.302583	100.000000
72	15	11.273336	100.000000
72	16	11.242072	100.000000
72	17	11.208791	100.000000
72	18	11.173493	100.000000
72	19	11.136178	100.000000
72	20	11.096846	100.000000
72	21	11.055497	100.000000
72	22	11.012131	100.000000
72	23	10.966748	100.000000
72	24	10.919347	100.000000
72	25	10.869930	100.000000
72	26	10.818496	100.000000
72	27	10.765044	100.000000
72	28	10.709576	100.000000
72	29	10.652091	100.000000
72	30	10.592588	100.000000
72	31	10.531069	100.000000
72	32	10.467532	100.000000
72	33	10.401979	100.000000
72	34	10.334408	100.000000
72	35	10.264821	100.000000
72	36	10.193216	100.000000
72	37	10.119595	100.000000
72	38	10.043956	100.000000
72	39	9.966300	100.000000
72	40	9.886628	100.000000
72	41	9.804938	100.000000
72	42	9.721231	100.000000
72	43	9.635507	100.000000
72	44	9.547767	100.000000
72	45	9.458009	100.000000
72	46	9.366234	100.000000
72	47	9.272442	100.000000
72	48	9.176633	100.000000
72	49	9.078807	100.000000
72	50	8.978964	100.000000
72	51	8.877104	100.000000
72	52	8.773227	100.000000
72	53	8.667333	100.000000
72	54	8.559422	100.000000
72	55	8.449493	100.000000
72	56	8.337548	100.000000
72	57	8.223586	100.000000
72	58	8.107607	100.000000
72	59	7.989610	100.000000
72	60	7.869597	100.000000
72	61	7.747567	100.000000
72	62	7.623519	100.000000
72	63	7.497455	100.000000
72	64	7.369373	100.000000
72	65	7.239275	100.000000
72	66	7.107160	100.000000
72	67	6.973027	100.000000
72	68	6.836877	100.000000
72	69	6.698711	100.000000
72	70	6.558527	100.000000
72	71	6.416327	100.000000
72	72	6.272109	100.000000
74	-74	6.270199	100.000000
74	-73	6.410596	100.000000
74	-72	6.549083	100.000000
74	-71	6.685660	100.000000
74	-70	6.820327	100.000000
74	-69	6.953084	100.000000
74	-68	7.083930	100.000000
74	-67	7.212867	100.000000
74	-66	7.339893	100.000000
74	-65	7.465009	100.000000
74	-64	7.588215	100.000000
74	-63	7.709510	100.000000
74	-62	7.828896	100.000000
74	-61	7.946371	100.000000
74	-60	8.061936	100.000000
74	-59	8.175591	100.000000
74	-58	8.287336	100.000000
74	-57	8.397171	100.000000
74	-56	8.505095	100.000000
74	-55	8.611110	100.000000
74	-54	8.715214	100.000000
74	-53	8.817408	100.000000
74	-52	8.917692	100.000000
74	-51	9.016065	100.000000
74	-50	9.112529	100.000000
74	-49	9.207082	100.000000
74	-48	9.299725	100.000000
74	-47	9.390458	100.000000
74	-46	9.479281	100.000000
74	-45	9.566194	100.000000
74	-44	9.651196	100.000000
74	-43	9.734288	100.000000
74	-42	9.815471	100.000000
74	-41	9.894743	100.000000
74	-40	9.972104	100.000000
74	-39	10.047556	100.000000
74	-38	10.121097	100.000000
74	-37	10.192729	100.000000
74	-36	10.262450	100.000000
74	-35	10.330261	100.000000
74	-34	10.396162	100.000000
74	-33	10.460152	100.000000
74	-32	10.522233	100.000000
74	-31	10.582403	100.000000
74	-30	10.640663	100.000000
74	-29	10.697013	100.000000
74	-28	10.751453	100.000000
74	-27	10.803983	100.000000
74	-26	10.854602	100.000000
74	-25	10.903311	100.000000
74	-24	10.950110	100.000000
74	-23	10.994999	100.000000
74	-22	11.037978	100.000000
74	-21	11.079047	100.000000
74	-20	11.118205	100.000000
74	-19	11.155453	100.000000
74	-18	11.190792	100.000000
74	-17	11.224219	100.000000
74	-16	11.255737	100.000000
74	-15	11.285345	100.000000
74	-14	11.313042	100.000000
74	-13	11.338830	100.000000
74	-12	11.362707	100.000000
74	-11	11.384674	100.000000
74	-10	11.404730	100.000000
74	-9	11.422877	100.000000
74	-8	11.439113	100.000000
74	-7	11.453440	100.000000
74	-6	11.465856	100.000000
74	-5	11.476362	100.000000
74	-4	11.484957	100.000000
74	-3	11.491643	100.000000
74	-2	11.496418	100.000000
74	-1	11.499284	100.000000
74	0	11.500239	100.000000
74	1	11.499284	100.000000
74	2	11.496418	100.000000
74	3	11.491643	100.000000
74	4	11.484957	100.000000
74	5	11.476362	100.000000
74	6	11.465856	100.000000
74	7	11.453440	100.000000
74	8	11.439113	100.000000
74	9	11.422877	100.000000
74	10	11.404730	100.000000
74	11	11.384674	100.000000
74	12	11.362707	100.000000
74	13	11.338830	100.000000
74	14	11.313042	100.000000
74	15	11.285345	100.000000
74	16	11.255737	100.000000
74	17	11.224219	100.000000
74	18	11.190792	100.000000
74	19	11.155453	100.000000
74	20	11.118205	100.000000
74	21	11.079047	100.000000
74	22	11.037978	100.000000
74	23	10.994999	100.000000
74	24	10.950110	100.000000
74	25	10.903311	100.000000
74	26	10.854602	100.000000
74	27	10.803983	100.000000
74	28	10.751453	100.000000
74	29	10.697013	100.000000
74	30	10.640663	100.000000
74	31	10.582403	100.000000
74	32	10.522233	100.000000
74	33	10.460152	100.000000
74	34	10.396162	100.000000
74	35	10.330261	100.000000
74	36	10.262450	100.000000
74	37	10.192729	100.000000
74	38	10.121097	100.000000
74	39	10.047556	100.000000
74	40	9.972104	100.000000
74	41	9.894743	100.000000
74	42	9.815471	100.000000
74	43	9.734288	100.000000
74	44	9.651196	100.000000
74	45	9.566194	100.000000
74	46	9.479281	100.000000
74	47	9.390458	100.000000
74	48	9.299725	100.000000
74	49	9.207082	100.000000
74	50	9.112529	100.000000
74	51	9.016065	100.000000
74	52	8.917692	100.000000
74	53	8.817408	100.000000
74	54	8.715214	100.000000
74	55	8.611110	100.000000
74	56	8.505095	100.000000
74	57	8.397171	100.000000
74	58	8.287336	100.000000
74	59	8.175591	100.000000
74	60	8.061936	100.000000
74	61	7.946371	100.000000
74	62	7.828896	100.000000
74	63	7.709510	100.000000
74	64	7.588215	100.000000
74	65	7.465009	100.000000
74	66	7.339893	100.000000
74	67	7.212867	100.000000
74	68	7.083930	100.000000
74	69	6.953084	100.000000
74	70	6.820327	100.000000
74	71	6.685660	100.000000
74	72	6.549083	100.000000
74	73	6.410596	100.000000
74	74	6.270199	100.000000
76	-76	6.268387	100.000000
76	-75	6.405161	100.000000
76	-74	6.540124	100.000000
76	-73	6.673275	100.000000
76	-72	6.804614	100.000000
76	-71	6.934142	100.000000
76	-70	7.061859	100.000000
76	-69	7.187763	100.000000
76	-68	7.311856	100.000000
76	-67	7.434138	100.000000
76	-66	7.554608	100.000000
76	-65	7.673266	100.000000
76	-64	7.790113	100.000000
76	-63	7.905148	100.000000
76	-62	8.018372	100.000000
76	-61	8.129784	100.000000
76	-60	8.239385	100.000000
76	-59	8.347174	100.000000
76	-58	8.453151	100.000000
76	-57	8.557317	100.000000
76	-56	8.659671	100.000000
76	-55	8.760214	100.000000
76	-54	8.858945	100.000000
76	-53	8.955864	100.000000
76	-52	9.050972	100.000000
76	-51	9.144268	100.000000
76	-50	9.235753	100.000000
76	-49	9.325426	100.000000
76	-48	9.413288	100.000000
76	-47	9.499338	100.000000
76	-46	9.583576	100.000000
76	-45	9.666003	100.000000
76	-44	9.746618	100.000000
76	-43	9.825422	100.000000
76	-42	9.902414	100.000000
76	-41	9.977595	100.000000
76	-40	10.050963	100.000000
76	-39	10.122521	100.000000
76	-38	10.192267	100.000000
76	-37	10.260201	100.000000
76	-36	10.326323	100.000000
76	-35	10.390634	100.000000
76	-34	10.453134	100.000000
76	-33	10.513822	100.000000
76	-32	10.572698	100.000000
76	-31	10.629763	100.000000
76	-30	10.685016	100.000000
76	-29	10.738458	100.000000
76	-28	10.790088	100.000000
76	-27	10.839906	100.000000
76	-26	10.887913	100.000000
76	-25	10.934108	100.000000
76	-24	10.978492	100.000000
76	-23	11.021064	100.000000
76	-22	11.061824	100.000000
76	-21	11.100773	100.000000
76	-20	11.137911	100.000000
76	-19	11.173236	100.000000
76	-18	11.206751	100.000000
76	-17	11.238453	100.000000
76	-16	11.268344	100.000000
76	-15	11.296424	100.000000
76	-14	11.322692	100.000000
76	-13	11.347148	100.000000
76	-12	11.369793	100.000000
76	-11	11.390626	100.000000
76	-10	11.409648	100.000000
76	-9	11.426858	100.000000
76	-8	11.442256	100.000000
76	-7	11.455843	100.000000
76	-6	11.467618	100.000000
76	-5	11.477582	100.000000
76	-4	11.485734	100.000000
76	-3	11.492074	100.000000
76	-2	11.496603	100.000000
76	-1	11.499321	100.000000
76	0	11.500226	100.000000
76	1	11.499321	100.000000
76	2	11.496603	100.000000
76	3	11.492074	100.000000
76	4	11.485734	100.000000
76	5	11.477582	100.000000
76	6	11.467618	100.000000
76	7	11.455843	100.000000
76	8	11.442256	100.000000
76	9	11.426858	100.000000
76	10	11.409648	100.000000
76	11	11.390626	100.000000
76	12	11.369793	100.000000
76	13	11.347148	100.000000
76	14	11.322692	100.000000
76	15	11.296424	100.000000
76	16	11.268344	100.000000
76	17	11.238453	100.000000
76	18	11.206751	100.000000
76	19	11.173236	100.000000
76	20	11.137911	100.000000
76	21	11.100773	100.000000
76	22	11.061824	100.000000
76	23	11.021064	100.000000
76	24	10.978492	100.000000
76	25	10.934108	100.000000
76	26	10.887913	100.000000
76	27	10.839906	100.000000
76	28	10.790088	100.000000
76	29	10.738458	100.000000
76	30	10.685016	100.000000
76	31	10.629763	100.000000
76	32	10.572698	100.000000
76	33	10.513822	100.000000
76	34	10.453134	100.000000
76	35	10.390634	100.000000
76	36	10.326323	100.000000
76	37	10.260201	100.000000
76	38	10.192267	100.000000
76	39	10.122521	100.000000
76	40	10.050963	100.000000
76	41	9.977595	100.000000
76	42	9.902414	100.000000
76	43	9.825422	100.000000
76	44	9.746618	100.000000
76	45	9.666003	100.000000
76	46	9.583576	100.000000
76	47	9.499338	100.000000
76	48	9.413288	100.000000
76	49	9.325426	100.000000
76	50	9.235753	100.000000
76	51	9.144268	100.000000
76	52	9.050972	100.000000
76	53	8.955864	100.000000
76	54	8.858945	100.000000
76	55	8.760214	100.000000
76	56	8.659671	100.000000
76	57	8.557317	100.000000
76	58	8.453151	100.000000
76	59	8.347174	100.000000
76	60	8.239385	100.000000
76	61	8.129784	100.000000
76	62	8.018372	100.000000
76	63	7.905148	100.000000
76	64	7.790113	100.000000
76	65	7.673266	100.000000
76	66	7.554608	100.000000
76	67	7.434138	100.000000
76	68	7.311856	100.000000
76	69	7.187763	100.000000
76	70	7.061859	100.000000
76	71	6.934142	100.000000
76	72	6.804614	100.000000
76	73	6.673275	100.000000
76	74	6.540124	100.000000
76	75	6.405161	100.000000
76	76	6.268387	100.000000
78	-78	6.266667	100.000000
78	-77	6.400000	100.000000
78	-76	6.531613	100.000000
78	-75	6.661505	100.000000
78	-74	6.789677	100.000000
78	-73	6.916129	100.000000
78	-72	7.040860	100.000000
78	-71	7.163871	100.000000
78	-70	7.285161	100.000000
78	-69	7.404731	100.000000
78	-68	7.522581	100.000000
78	-67	7.638710	100.000000
78	-66	7.753118	100.000000
78	-65	7.865806	100.000000
78	-64	7.976774	100.000000
78	-63	8.086022	100.000000
78	-62	8.193548	100.000000
78	-61	8.299355	100.000000
78	-60	8.403441	100.000000
78	-59	8.505806	100.000000
78	-58	8.606452	100.000000
78	-57	8.705376	100.000000
78	-56	8.802581	100.000000
78	-55	8.898065	100.000000
78	-54	8.991828	100.000000
78	-53	9.083871	100.000000
78	-52	9.174194	100.000000
78	-51	9.262796	100.000000
78	-50	9.349677	100.000000
78	-49	9.434839	100.000000
78	-48	9.518280	100.000000
78	-47	9.600000	100.000000
78	-46	9.680000	100.000000
78	-45	9.758280	100.000000
78	-44	9.834839	100.000000
78	-43	9.909677	100.000000
78	-42	9.982796	100.000000
78	-41	10.054194	100.000000
78	-40	10.123871	100.000000
78	-39	10.191828	100.000000
78	-38	10.258065	100.000000
78	-37	10.322581	100.000000
78	-36	10.385376	100.000000
78	-35	10.446452	100.000000
78	-34	10.505806	100.000000
78	-33	10.563441	100.000000
78	-32	10.619355	100.000000
78	-31	10.673548	100.000000
78	-30	10.726022	100.000000
78	-29	10.776774	100.000000
78	-28	10.825806	100.000000
78	-27	10.873118	100.000000
78	-26	10.918710	100.000000
78	-25	10.962581	100.000000
78	-24	11.004731	100.000000
78	-23	11.045161	100.000000
78	-22	11.083871	100.000000
78	-21	11.120860	100.000000
78	-20	11.156129	100.000000
78	-19	11.189677	100.000000
78	-18	11.221505	100.000000
78	-17	11.251613	100.000000
78	-16	11.280000	100.000000
78	-15	11.306667	100.000000
78	-14	11.331613	100.000000
78	-13	11.354839	100.000000
78	-12	11.376344	100.000000
78	-11	11.396129	100.000000
78	-10	11.414194	100.000000
78	-9	11.430538	100.000000
78	-8	11.445161	100.000000
78	-7	11.458065	100.000000
78	-6	11.469247	100.000000
78	-5	11.478710	100.000000
78	-4	11.486452	100.000000
78	-3	11.492473	100.000000
78	-2	11.496774	100.000000
78	-1	11.499355	100.000000
78	0	11.500215	100.000000
78	1	11.499355	100.000000
78	2	11.496774	100.000000
78	3	11.492473	100.000000
78	4	11.486452	100.000000
78	5	11.478710	100.000000
78	6	11.469247	100.000000
78	7	11.458065	100.000000
78	8	11.445161	100.000000
78	9	11.430538	100.000000
78	10	11.414194	100.000000
78	11	11.396129	100.000000
78	12	11.376344	100.000000
78	13	11.354839	100.000000
78	14	11.331613	100.000000
78	15	11.306667	100.000000
78	16	11.280000	100.000000
78	17	11.251613	100.000000
78	18	11.221505	100.000000
78	19	11.189677	100.000000
78	20	11.156129	100.000000
78	21	11.120860	100.000000
78	22	11.083871	100.000000
78	23	11.045161	100.000000
78	24	11.004731	100.000000
78	25	10.962581	100.000000
78	26	10.918710	100.000000
78	27	10.873118	100.000000
78	28	10.825806	100.000000
78	29	10.776774	100.000000
78	30	10.726022	100.000000
78	31	10.673548	100.000000
78	32	10.619355	100.000000
78	33	10.563441	100.000000
78	34	10.505806	100.000000
78	35	10.446452	100.000000
78	36	10.385376	100.000000
78	37	10.322581	100.000000
78	38	10.258065	100.000000
78	39	10.191828	100.000000
78	40	10.123871	100.000000
78	41	10.054194	100.000000
78	42	9.982796	100.000000
78	43	9.909677	100.000000
78	44	9.834839	100.000000
78	45	9.758280	100.000000
78	46	9.680000	100.000000
78	47	9.600000	100.000000
78	48	9.518280	100.000000
78	49	9.434839	100.000000
78	50	9.349677	100.000000
78	51	9.262796	100.000000
78	52	9.174194	100.000000
78	53	9.083871	100.000000
78	54	8.991828	100.000000
78	55	8.898065	100.000000
78	56	8.802581	100.000000
78	57	8.705376	100.000000
78	58	8.606452	100.000000
78	59	8.505806	100.000000
78	60	8.403441	100.000000
78	61	8.299355	100.000000
78	62	8.193548	100.000000
78	63	8.086022	100.000000
78	64	7.976774	100.000000
78	65	7.865806	100.000000
78	66	7.753118	100.000000
78	67	7.638710	100.000000
78	68	7.522581	100.000000
78	69	7.404731	100.000000
78	70	7.285161	100.000000
78	71	7.163871	100.000000
78	72	7.040860	100.000000
78	73	6.916129	100.000000
78	74	6.789677	100.000000
78	75	6.661505	100.000000
78	76	6.531613	100.000000
78	77	6.400000	100.000000
78	78	6.266667	100.000000
80	-80	6.265031	100.000000
80	-79	6.395092	100.000000
80	-78	6.523517	100.000000
80	-77	6.650307	100.000000
80	-76	6.775460	100.000000
80	-75	6.898978	100.000000
80	-74	7.020859	100.000000
80	-73	7.141104	100.000000
80	-72	7.259714	100.000000
80	-71	7.376687	100.000000
80	-70	7.492025	100.000000
80	-69	7.605726	100.000000
80	-68	7.717791	100.000000
80	-67	7.828221	100.000000
80	-66	7.937014	100.000000
80	-65	8.044172	100.000000
80	-64	8.149693	100.000000
80	-63	8.253579	100.000000
80	-62	8.355828	100.000000
80	-61	8.456442	100.000000
80	-60	8.555419	100.000000
80	-59	8.652761	100.000000
80	-58	8.748466	100.000000
80	-57	8.842536	100.000000
80	-56	8.934969	100.000000
80	-55	9.025767	100.000000
80	-54	9.114928	100.000000
80	-53	9.202454	100.000000
80	-52	9.288344	100.000000
80	-51	9.372597	100.000000
80	-50	9.455215	100.000000
80	-49	9.536196	100.000000
80	-48	9.615542	100.000000
80	-47	9.693252	100.000000
80	-46	9.769325	100.000000
80	-45	9.843763	100.000000
80	-44	9.916564	100.000000
80	-43	9.987730	100.000000
80	-42	10.057260	100.000000
80	-41	10.125153	100.000000
80	-40	10.191411	100.000000
80	-39	10.256033	100.000000
80	-38	10.319018	100.000000
80	-37	10.380368	100.000000
80	-36	10.440082	100.000000
80	-35	10.498160	100.000000
80	-34	10.554601	100.000000
80	-33	10.609407	100.000000
80	-32	10.662577	100.000000
80	-31	10.714110	100.000000
80	-30	10.764008	100.000000
80	-29	10.812270	100.000000
80	-28	10.858896	100.000000
80	-27	10.903885	100.000000
80	-26	10.947239	100.000000
80	-25	10.988957	100.000000
80	-24	11.029039	100.000000
80	-23	11.067485	100.000000
80	-22	11.104294	100.000000
80	-21	11.139468	100.000000
80	-20	11.173006	100.000000
80	-19	11.204908	100.000000
80	-18	11.235174	100.000000
80	-17	11.263804	100.000000
80	-16	11.290798	100.000000
80	-15	11.316155	100.000000
80	-14	11.339877	100.000000
80	-13	11.361963	100.000000
80	-12	11.382413	100.000000
80	-11	11.401227	100.000000
80	-10	11.418405	100.000000
80	-9	11.433947	100.000000
80	-8	11.447853	100.000000
80	-7	11.460123	100.000000
80	-6	11.470757	100.000000
80	-5	11.479755	100.000000
80	-4	11.487117	100.000000
80	-3	11.492843	100.000000
80	-2	11.496933	100.000000
80	-1	11.499387	100.000000
80	0	11.500204	100.000000
80	1	11.499387	100.000000
80	2	11.496933	100.000000
80	3	11.492843	100.000000
80	4	11.487117	100.000000
80	5	11.479755	100.000000
80	6	11.470757	100.000000
80	7	11.460123	100.000000
80	8	11.447853	100.000000
80	9	11.433947	100.000000
80	10	11.418405	100.000000
80	11	11.401227	100.000000
80	12	11.382413	100.000000
80	13	11.361963	100.000000
80	14	11.339877	100.000000
80	15	11.316155	100.000000
80	16	11.290798	100.000000
80	17	11.263804	100.000000
80	18	11.235174	100.000000
80	19	11.204908	100.000000
80	20	11.173006	100.000000
80	21	11.139468	100.000000
80	22	11.104294	100.000000
80	23	11.067485	100.000000
80	24	11.029039	100.000000
80	25	10.988957	100.000000
80	26	10.947239	100.000000
80	27	10.903885	100.000000
80	28	10.858896	100.000000
80	29	10.812270	100.000000
80	30	10.764008	100.000000
80	31	10.714110	100.000000
80	32	10.662577	100.000000
80	33	10.609407	100.000000
80	34	10.554601	100.000000
80	35	10.498160	100.000000
80	36	10.440082	100.000000
80	37	10.380368	100.000000
80	38	10.319018	100.000000
80	39	10.256033	100.000000
80	40	10.191411	100.000000
80	41	10.125153	100.000000
80	42	10.057260	100.000000
80	43	9.987730	100.000000
80	44	9.916564	100.000000
80	45	9.843763	100.000000
80	46	9.769325	100.000000
80	47	9.693252	100.000000
80	48	9.615542	100.000000
80	49	9.536196	100.000000
80	50	9.455215	100.000000
80	51	9.372597	100.000000
80	52	9.288344	100.000000
80	53	9.202454	100.000000
80	54	9.114928	100.000000
80	55	9.025767	100.000000
80	56	8.934969	100.000000
80	57	8.842536	100.000000
80	58	8.748466	100.000000
80	59	8.652761	100.000000
80	60	8.555419	100.000000
80	61	8.456442	100.000000
80	62	8.355828	100.000000
80	63	8.253579	100.000000
80	64	8.149693	100.000000
80	65	8.044172	100.000000
80	66	7.937014	100.000000
80	67	7.828221	100.000000
80	68	7.717791	100.000000
80	69	7.605726	100.000000
80	70	7.492025	100.000000
80	71	7.376687	100.000000
80	72	7.259714	100.000000
80	73	7.141104	100.000000
80	74	7.020859	100.000000
80	75	6.898978	100.000000
80	76	6.775460	100.000000
80	77	6.650307	100.000000
80	78	6.523517	100.000000
80	79	6.395092	100.000000
80	80	6.265031	100.000000
82	-82	6.263473	100.000000
82	-81	6.390419	100.000000
82	-80	6.515808	100.000000
82	-79	6.639639	100.000000
82	-78	6.761912	100.000000
82	-77	6.882627	100.000000
82	-76	7.001785	100.000000
82	-75	7.119386	100.000000
82	-74	7.235429	100.000000
82	-73	7.349914	100.000000
82	-72	7.462841	100.000000
82	-71	7.574211	100.000000
82	-70	7.684023	100.000000
82	-69	7.792278	100.000000
82	-68	7.898975	100.000000
82	-67	8.004114	100.000000
82	-66	8.107696	100.000000
82	-65	8.209720	100.000000
82	-64	8.310187	100.000000
82	-63	8.409096	100.000000
82	-62	8.506447	100.000000
82	-61	8.602241	100.000000
82	-60	8.696477	100.000000
82	-59	8.789155	100.000000
82	-58	8.880276	100.000000
82	-57	8.969839	100.000000
82	-56	9.057845	100.000000
82	-55	9.144293	100.000000
82	-54	9.229183	100.000000
82	-53	9.312516	100.000000
82	-52	9.394291	100.000000
82	-51	9.474509	100.000000
82	-50	9.553169	100.000000
82	-49	9.630271	100.000000
82	-48	9.705815	100.000000
82	-47	9.779802	100.000000
82	-46	9.852232	100.000000
82	-45	9.923103	100.000000
82	-44	9.992418	100.000000
82	-43	10.060174	100.000000
82	-42	10.126373	100.000000
82	-41	10.191014	100.000000
82	-40	10.254098	100.000000
82	-39	10.315624	100.000000
82	-38	10.375592	100.000000
82	-37	10.434003	100.000000
82	-36	10.490856	100.000000
82	-35	10.546152	100.000000
82	-34	10.599890	100.000000
82	-33	10.652070	100.000000
82	-32	10.702693	100.000000
82	-31	10.751758	100.000000
82	-30	10.799265	100.000000
82	-29	10.845215	100.000000
82	-28	10.889607	100.000000
82	-27	10.932442	100.000000
82	-26	10.973719	100.000000
82	-25	11.013438	100.000000
82	-24	11.051600	100.000000
82	-23	11.088204	100.000000
82	-22	11.123250	100.000000
82	-21	11.156739	100.000000
82	-20	11.188671	100.000000
82	-19	11.219044	100.000000
82	-18	11.247860	100.000000
82	-17	11.275118	100.000000
82	-16	11.300819	100.000000
82	-15	11.324962	100.000000
82	-14	11.347548	100.000000
82	-13	11.368576	100.000000
82	-12	11.388046	100.000000
82	-11	11.405959	100.000000
82	-10	11.422314	100.000000
82	-9	11.437111	100.000000
82	-8	11.450351	100.000000
82	-7	11.462033	100.000000
82	-6	11.472158	100.000000
82	-5	11.480724	100.000000
82	-4	11.487734	100.000000
82	-3	11.493185	100.000000
82	-2	11.497079	100.000000
82	-1	11.499416	100.000000
82	0	11.500195	100.000000
82	1	11.499416	100.000000
82	2	11.497079	100.000000
82	3	11.493185	100.000000
82	4	11.487734	100.000000
82	5	11.480724	100.000000
82	6	11.472158	100.000000
82	7	11.462033	100.000000
82	8	11.450351	100.000000
82	9	11.437111	100.000000
82	10	11.422314	100.000000
82	11	11.405959	100.000000
82	12	11.388046	100.000000
82	13	11.368576	100.000000
82	14	11.347548	100.000000
82	15	11.324962	100.000000
82	16	11.300819	100.000000
82	17	11.275118	100.000000
82	18	11.247860	100.000000
82	19	11.219044	100.000000
82	20	11.188671	100.000000
82	21	11.156739	100.000000
82	22	11.123250	100.000000
82	23	11.088204	100.000000
82	24	11.051600	100.000000
82	25	11.013438	100.000000
82	26	10.973719	100.000000
82	27	10.932442	100.000000
82	28	10.889607	100.000000
82	29	10.845215	100.000000
82	30	10.799265	100.000000
82	31	10.751758	100.000000
82	32	10.702693	100.000000
82	33	10.652070	100.000000
82	34	10.599890	100.000000
82	35	10.546152	100.000000
82	36	10.490856	100.000000
82	37	10.434003	100.000000
82	38	10.375592	100.000000
82	39	10.315624	100.000000
82	40	10.254098	100.000000
82	41	10.191014	100.000000
82	42	10.126373	100.000000
82	43	10.060174	100.000000
82	44	9.992418	100.000000
82	45	9.923103	100.000000
82	46	9.852232	100.000000
82	47	9.779802	100.000000
82	48	9.705815	100.000000
82	49	9.630271	100.000000
82	50	9.553169	100.000000
82	51	9.474509	100.000000
82	52	9.394291	100.000000
82	53	9.312516	100.000000
82	54	9.229183	100.000000
82	55	9.144293	100.000000
82	56	9.057845	100.000000
82	57	8.969839	100.000000
82	58	8.880276	100.000000
82	59	8.789155	100.000000
82	60	8.696477	100.000000
82	61	8.602241	100.000000
82	62	8.506447	100.000000
82	63	8.409096	100.000000
82	64	8.310187	100.000000
82	65	8.209720	100.000000
82	66	8.107696	100.000000
82	67	8.004114	100.000000
82	68	7.898975	100.000000
82	69	7.792278	100.000000
82	70	7.684023	100.000000
82	71	7.574211	100.000000
82	72	7.462841	100.000000
82	73	7.349914	100.000000
82	74	7.235429	100.000000
82	75	7.119386	100.000000
82	76	7.001785	100.000000
82	77	6.882627	100.000000
82	78	6.761912	100.000000
82	79	6.639639	100.000000
82	80	6.515808	100.000000
82	81	6.390419	100.000000
82	82	6.263473	100.000000
84	-84	6.261988	100.000000
84	-83	6.385965	100.000000
84	-82	6.508457	100.000000
84	-81	6.629464	100.000000
84	-80	6.748986	100.000000
84	-79	6.867024	100.000000
84	-78	6.983577	100.000000
84	-77	7.098645	100.000000
84	-76	7.212228	100.000000
84	-75	7.324327	100.000000
84	-74	7.434941	100.000000
84	-73	7.544070	100.000000
84	-72	7.651714	100.000000
84	-71	7.757874	100.000000
84	-70	7.862549	100.000000
84	-69	7.965739	100.000000
84	-68	8.067444	100.000000
84	-67	8.167665	100.000000
84	-66	8.266401	100.000000
84	-65	8.363652	100.000000
84	-64	8.459418	100.000000
84	-63	8.553700	100.000000
84	-62	8.646496	100.000000
84	-61	8.737809	100.000000
84	-60	8.827636	100.000000
84	-59	8.915979	100.000000
84	-58	9.002836	100.000000
84	-57	9.088210	100.000000
84	-56	9.172098	100.000000
84	-55	9.254502	100.000000
84	-54	9.335420	100.000000
84	-53	9.414855	100.000000
84	-52	9.492804	100.000000
84	-51	9.569268	100.000000
84	-50	9.644248	100.000000
84	-49	9.717743	100.000000
84	-48	9.789754	100.000000
84	-47	9.860279	100.000000
84	-46	9.929320	100.000000
84	-45	9.996876	100.000000
84	-44	10.062948	100.000000
84	-43	10.127534	100.000000
84	-42	10.190636	100.000000
84	-41	10.252253	100.000000
84	-40	10.312386	100.000000
84	-39	10.371033	100.000000
84	-38	10.428196	100.000000
84	-37	10.483874	100.000000
84	-36	10.538068	100.000000
84	-35	10.590776	100.000000
84	-34	10.642000	100.000000
84	-33	10.691739	100.000000
84	-32	10.739994	100.000000
84	-31	10.786763	100.000000
84	-30	10.832048	100.000000
84	-29	10.875848	100.000000
84	-28	10.918164	100.000000
84	-27	10.958994	100.000000
84	-26	10.998340	100.000000
84	-25	11.036201	100.000000
84	-24	11.072578	100.000000
84	-23	11.107469	100.000000
84	-22	11.140876	100.000000
84	-21	11.172798	100.000000
84	-20	11.203236	100.000000
84	-19	11.232188	100.000000
84	-18	11.259656	100.000000
84	-17	11.285639	100.000000
84	-16	11.310138	100.000000
84	-15	11.333151	100.000000
84	-14	11.354680	100.000000
84	-13	11.374724	100.000000
84	-12	11.393284	100.000000
84	-11	11.410358	100.000000
84	-10	11.425948	100.000000
84	-9	11.440053	100.000000
84	-8	11.452674	100.000000
84	-7	11.463809	100.000000
84	-6	11.473460	100.000000
84	-5	11.481626	100.000000
84	-4	11.488308	100.000000
84	-3	11.493504	100.000000
84	-2	11.497216	100.000000
84	-1	11.499443	100.000000
84	0	11.500186	100.000000
84	1	11.499443	100.000000
84	2	11.497216	100.000000
84	3	11.493504	100.000000
84	4	11.488308	100.000000
84	5	11.481626	100.000000
84	6	11.473460	100.000000
84	7	11.463809	100.000000
84	8	11.452674	100.000000
84	9	11.440053	100.000000
84	10	11.425948	100.000000
84	11	11.410358	100.000000
84	12	11.393284	100.000000
84	13	11.374724	100.000000
84	14	11.354680	100.000000
84	15	11.333151	100.000000
84	16	11.310138	100.000000
84	17	11.285639	100.000000
84	18	11.259656	100.000000
84	19	11.232188	100.000000
84	20	11.203236	100.000000
84	21	11.172798	100.000000
84	22	11.140876	100.000000
84	23	11.107469	100.000000
84	24	11.072578	100.000000
84	25	11.036201	100.000000
84	26	10.998340	100.000000
84	27	10.958994	100.000000
84	28	10.918164	100.000000
84	29	10.875848	100.000000
84	30	10.832048	100.000000
84	31	10.786763	100.000000
84	32	10.739994	100.000000
84	33	10.691739	100.000000
84	34	10.642000	100.000000
84	35	10.590776	100.000000
84	36	10.538068	100.000000
84	37	10.483874	100.000000
84	38	10.428196	100.000000
84	39	10.371033	100.000000
84	40	10.312386	100.000000
84	41	10.252253	100.000000
84	42	10.190636	100.000000
84	43	10.127534	100.000000
84	44	10.062948	100.000000
84	45	9.996876	100.000000
84	46	9.929320	100.000000
84	47	9.860279	100.000000
84	48	9.789754	100.000000
84	49	9.717743	100.000000
84	50	9.644248	100.000000
84	51	9.569268	100.000000
84	52	9.492804	100.000000
84	53	9.414855	100.000000
84	54	9.335420	100.000000
84	55	9.254502	100.000000
84	56	9.172098	100.000000
84	57	9.088210	100.000000
84	58	9.002836	100.000000
84	59	8.915979	100.000000
84	60	8.827636	100.000000
84	61	8.737809	100.000000
84	62	8.646496	100.000000
84	63	8.553700	100.000000
84	64	8.459418	100.000000
84	65	8.363652	100.000000
84	66	8.266401	100.000000
84	67	8.167665	100.000000
84	68	8.067444	100.000000
84	69	7.965739	100.000000
84	70	7.862549	100.000000
84	71	7.757874	100.000000
84	72	7.651714	100.000000
84	73	7.544070	100.000000
84	74	7.434941	100.000000
84	75	7.324327	100.000000
84	76	7.212228	100.000000
84	77	7.098645	100.000000
84	78	6.983577	100.000000
84	79	6.867024	100.000000
84	80	6.748986	100.000000
84	81	6.629464	100.000000
84	82	6.508457	100.000000
84	83	6.385965	100.000000
84	84	6.261988	100.000000
86	-86	6.260571	100.000000
86	-85	6.381714	100.000000
86	-84	6.501440	100.000000
86	-83	6.619749	100.000000
86	-82	6.736642	100.000000
86	-81	6.852117	100.000000
86	-80	6.966175	100.000000
86	-79	7.078817	100.000000
86	-78	7.190042	100.000000
86	-77	7.299850	100.000000
86	-76	7.408241	100.000000
86	-75	7.515215	100.000000
86	-74	7.620772	100.000000
86	-73	7.724912	100.000000
86	-72	7.827636	100.000000
86	-71	7.928942	100.000000
86	-70	8.028832	100.000000
86	-69	8.127305	100.000000
86	-68	8.224361	100.000000
86	-67	8.320000	100.000000
86	-66	8.414222	100.000000
86	-65	8.507028	100.000000
86	-64	8.598416	100.000000
86	-63	8.688388	100.000000
86	-62	8.776942	100.000000
86	-61	8.864080	100.000000
86	-60	8.949801	100.000000
86	-59	9.034105	100.000000
86	-58	9.116992	100.000000
86	-57	9.198463	100.000000
86	-56	9.278516	100.000000
86	-55	9.357153	100.000000
86	-54	9.434373	100.000000
86	-53	9.510175	100.000000
86	-52	9.584561	100.000000
86	-51	9.657530	100.000000
86	-50	9.729083	100.000000
86	-49	9.799218	100.000000
86	-48	9.867937	100.000000
86	-47	9.935238	100.000000
86	-46	10.001123	100.000000
86	-45	10.065591	100.000000
86	-44	10.128642	100.000000
86	-43	10.190276	100.000000
86	-42	10.250493	100.000000
86	-41	10.309293	100.000000
86	-40	10.366677	100.000000
86	-39	10.422643	100.000000
86	-38	10.477193	100.000000
86	-37	10.530326	100.000000
86	-36	10.582042	100.000000
86	-35	10.632341	100.000000
86	-34	10.681223	100.000000
86	-33	10.728688	100.000000
86	-32	10.774737	100.000000
86	-31	10.819368	100.000000
86	-30	10.862583	100.000000
86	-29	10.904381	100.000000
86	-28	10.944762	100.000000
86	-27	10.983726	100.000000
86	-26	11.021273	100.000000
86	-25	11.057404	100.000000
86	-24	11.092117	100.000000
86	-23	11.125414	100.000000
86	-22	11.157293	100.000000
86	-21	11.187756	100.000000
86	-20	11.216802	100.000000
86	-19	11.244431	100.000000
86	-18	11.270643	100.000000
86	-17	11.295439	100.000000
86	-16	11.318817	100.000000
86	-15	11.340779	100.000000
86	-14	11.361323	100.000000
86	-13	11.380451	100.000000
86	-12	11.398162	100.000000
86	-11	11.414456	100.000000
86	-10	11.429333	100.000000
86	-9	11.442794	100.000000
86	-8	11.454837	100.000000
86	-7	11.465464	100.000000
86	-6	11.474673	100.000000
86	-5	11.482466	100.000000
86	-4	11.488842	100.000000
86	-3	11.493801	100.000000
86	-2	11.497343	100.000000
86	-1	11.499469	100.000000
86	0	11.500177	100.000000
86	1	11.499469	100.000000
86	2	11.497343	100.000000
86	3	11.493801	100.000000
86	4	11.488842	100.000000
86	5	11.482466	100.000000
86	6	11.474673	100.000000
86	7	11.465464	100.000000
86	8	11.454837	100.000000
86	9	11.442794	100.000000
86	10	11.429333	100.000000
86	11	11.414456	100.000000
86	12	11.398162	100.000000
86	13	11.380451	100.000000
86	14	11.361323	100.000000
86	15	11.340779	100.000000
86	16	11.318817	100.000000
86	17	11.295439	100.000000
86	18	11.270643	100.000000
86	19	11.244431	100.000000
86	20	11.216802	100.000000
86	21	11.187756	100.000000
86	22	11.157293	100.000000
86	23	11.125414	100.000000
86	24	11.092117	100.000000
86	25	11.057404	100.000000
86	26	11.021273	100.000000
86	27	10.983726	100.000000
86	28	10.944762	100.000000
86	29	10.904381	100.000000
86	30	10.862583	100.000000
86	31	10.819368	100.000000
86	32	10.774737	100.000000
86	33	10.728688	100.000000
86	34	10.681223	100.000000
86	35	10.632341	100.000000
86	36	10.582042	100.000000
86	37	10.530326	100.000000
86	38	10.477193	100.000000
86	39	10.422643	100.000000
86	40	10.366677	100.000000
86	41	10.309293	100.000000
86	42	10.250493	100.000000
86	43	10.190276	100.000000
86	44	10.128642	100.000000
86	45	10.065591	100.000000
86	46	10.001123	100.000000
86	47	9.935238	100.000000
86	48	9.867937	100.000000
86	49	9.799218	100.000000
86	50	9.729083	100.000000
86	51	9.657530	100.000000
86	52	9.584561	100.000000
86	53	9.510175	100.000000
86	54	9.434373	100.000000
86	55	9.357153	100.000000
86	56	9.278516	100.000000
86	57	9.198463	100.000000
86	58	9.116992	100.000000
86	59	9.034105	100.000000
86	60	8.949801	100.000000
86	61	8.864080	100.000000
86	62	8.776942	100.000000
86	63	8.688388	100.000000
86	64	8.598416	100.000000
86	65	8.507028	100.000000
86	66	8.414222	100.000000
86	67	8.320000	100.000000
86	68	8.224361	100.000000
86	69	8.127305	100.000000
86	70	8.028832	100.000000
86	71	7.928942	100.000000
86	72	7.827636	100.000000
86	73	7.724912	100.000000
86	74	7.620772	100.000000
86	75	7.515215	100.000000
86	76	7.408241	100.000000
86	77	7.299850	100.000000
86	78	7.190042	100.000000
86	79	7.078817	100.000000
86	80	6.966175	100.000000
86	81	6.852117	100.000000
86	82	6.736642	100.000000
86	83	6.619749	100.000000
86	84	6.501440	100.000000
86	85	6.381714	100.000000
86	86	6.260571	100.000000
88	-88	6.259218	100.000000
88	-87	6.377654	100.000000
88	-86	6.494736	100.000000
88	-85	6.610464	100.000000
88	-84	6.724840	100.000000
88	-83	6.837861	100.000000
88	-82	6.949529	100.000000
88	-81	7.059844	100.000000
88	-80	7.168804	100.000000
88	-79	7.276412	100.000000
88	-78	7.382666	100.000000
88	-77	7.487566	100.000000
88	-76	7.591113	100.000000
88	-75	7.693306	100.000000
88	-74	7.794145	100.000000
88	-73	7.893631	100.000000
88	-72	7.991764	100.000000
88	-71	8.088543	100.000000
88	-70	8.183968	100.000000
88	-69	8.278040	100.000000
88	-68	8.370758	100.000000
88	-67	8.462123	100.000000
88	-66	8.552134	100.000000
88	-65	8.640792	100.000000
88	-64	8.728096	100.000000
88	-63	8.814046	100.000000
88	-62	8.898643	100.000000
88	-61	8.981887	100.000000
88	-60	9.063777	100.000000
88	-59	9.144313	100.000000
88	-58	9.223496	100.000000
88	-57	9.301325	100.000000
88	-56	9.377800	100.000000
88	-55	9.452923	100.000000
88	-54	9.526691	100.000000
88	-53	9.599106	100.000000
88	-52	9.670168	100.000000
88	-51	9.739875	100.000000
88	-50	9.808230	100.000000
88	-49	9.875231	100.000000
88	-48	9.940878	100.000000
88	-47	10.005172	100.000000
88	-46	10.068112	100.000000
88	-45	10.129698	100.000000
88	-44	10.189931	100.000000
88	-43	10.248811	100.000000
88	-42	10.306337	100.000000
88	-41	10.362509	100.000000
88	-40	10.417328	100.000000
88	-39	10.470793	100.000000
88	-38	10.522905	100.000000
88	-37	10.573663	100.000000
88	-36	10.623068	100.000000
88	-35	10.671119	100.000000
88	-34	10.717816	100.000000
88	-33	10.763160	100.000000
88	-32	10.807151	100.000000
88	-31	10.849788	100.000000
88	-30	10.891071	100.000000
88	-29	10.931001	100.000000
88	-28	10.969577	100.000000
88	-27	11.006800	100.000000
88	-26	11.042669	100.000000
88	-25	11.077184	100.000000
88	-24	11.110346	100.000000
88	-23	11.142155	100.000000
88	-22	11.172610	100.000000
88	-21	11.201711	100.000000
88	-20	11.229459	100.000000
88	-19	11.255853	100.000000
88	-18	11.280894	100.000000
88	-17	11.304581	100.000000
88	-16	11.326915	100.000000
88	-15	11.347895	100.000000
88	-14	11.367521	100.000000
88	-13	11.385794	100.000000
88	-12	11.402713	100.000000
88	-11	11.418279	100.000000
88	-10	11.432492	100.000000
88	-9	11.445350	100.000000
88	-8	11.456856	100.000000
88	-7	11.467007	100.000000
88	-6	11.475805	100.000000
88	-5	11.483250	100.000000
88	-4	11.489341	100.000000
88	-3	11.494078	100.000000
88	-2	11.497462	100.000000
88	-1	11.499492	100.000000
88	0	11.500169	100.000000
88	1	11.499492	100.000000
88	2	11.497462	100.000000
88	3	11.494078	100.000000
88	4	11.489341	100.000000
88	5	11.483250	100.000000
88	6	11.475805	100.000000
88	7	11.467007	100.000000
88	8	11.456856	100.000000
88	9	11.445350	100.000000
88	10	11.432492	100.000000
88	11	11.418279	100.000000
88	12	11.402713	100.000000
88	13	11.385794	100.000000
88	14	11.367521	100.000000
88	15	11.347895	100.000000
88	16	11.326915	100.000000
88	17	11.304581	100.000000
88	18	11.280894	100.000000
88	19	11.255853	100.000000
88	20	11.229459	100.000000
88	21	11.201711	100.000000
88	22	11.172610	100.000000
88	23	11.142155	100.000000
88	24	11.110346	100.000000
88	25	11.077184	100.000000
88	26	11.042669	100.000000
88	27	11.006800	100.000000
88	28	10.969577	100.000000
88	29	10.931001	100.000000
88	30	10.891071	100.000000
88	31	10.849788	100.000000
88	32	10.807151	100.000000
88	33	10.763160	100.000000
88	34	10.717816	100.000000
88	35	10.671119	100.000000
88	36	10.623068	100.000000
88	37	10.573663	100.000000
88	38	10.522905	100.000000
88	39	10.470793	100.000000
88	40	10.417328	100.000000
88	41	10.362509	100.000000
88	42	10.306337	100.000000
88	43	10.248811	100.000000
88	44	10.189931	100.000000
88	45	10.129698	100.000000
88	46	10.068112	100.000000
88	47	10.005172	100.000000
88	48	9.940878	100.000000
88	49	9.875231	100.000000
88	50	9.808230	100.000000
88	51	9.739875	100.000000
88	52	9.670168	100.000000
88	53	9.599106	100.000000
88	54	9.526691	100.000000
88	55	9.452923	100.000000
88	56	9.377800	100.000000
88	57	9.301325	100.000000
88	58	9.223496	100.000000
88	59	9.144313	100.000000
88	60	9.063777	100.000000
88	61	8.981887	100.000000
88	62	8.898643	100.000000
88	63	8.814046	100.000000
88	64	8.728096	100.000000
88	65	8.640792	100.000000
88	66	8.552134	100.000000
88	67	8.462123	100.000000
88	68	8.370758	100.000000
88	69	8.278040	100.000000
88	70	8.183968	100.000000
88	71	8.088543	100.000000
88	72	7.991764	100.000000
88	73	7.893631	100.000000
88	74	7.794145	100.000000
88	75	7.693306	100.000000
88	76	7.591113	100.000000
88	77	7.487566	100.000000
88	78	7.382666	100.000000
88	79	7.276412	100.000000
88	80	7.168804	100.000000
88	81	7.059844	100.000000
88	82	6.949529	100.000000
88	83	6.837861	100.000000
88	84	6.724840	100.000000
88	85	6.610464	100.000000
88	86	6.494736	100.000000
88	87	6.377654	100.000000
88	88	6.259218	100.000000
90	-90	6.257923	100.000000
90	-89	6.373770	100.000000
90	-88	6.488323	100.000000
90	-87	6.601581	100.000000
90	-86	6.713545	100.000000
90	-85	6.824215	100.000000
90	-84	6.933590	100.000000
90	-83	7.041670	100.000000
90	-82	7.148457	100.000000
90	-81	7.253949	100.000000
90	-80	7.358146	100.000000
90	-79	7.461050	100.000000
90	-78	7.562658	100.000000
90	-77	7.662973	100.000000
90	-76	7.761993	100.000000
90	-75	7.859719	100.000000
90	-74	7.956150	100.000000
90	-73	8.051287	100.000000
90	-72	8.145129	100.000000
90	-71	8.237677	100.000000
90	-70	8.328931	100.000000
90	-69	8.418891	100.000000
90	-68	8.507556	100.000000
90	-67	8.594926	100.000000
90	-66	8.681003	100.000000
90	-65	8.765784	100.000000
90	-64	8.849272	100.000000
90	-63	8.931465	100.000000
90	-62	9.012364	100.000000
90	-61	9.091968	100.000000
90	-60	9.170278	100.000000
90	-59	9.247294	100.000000
90	-58	9.323015	100.000000
90	-57	9.397442	100.000000
90	-56	9.470574	100.000000
90	-55	9.542412	100.000000
90	-54	9.612956	100.000000
90	-53	9.682205	100.000000
90	-52	9.750160	100.000000
90	-51	9.816821	100.000000
90	-50	9.882187	100.000000
90	-49	9.946259	100.000000
90	-48	10.009036	100.000000
90	-47	10.070519	100.000000
90	-46	10.130708	100.000000
90	-45	10.189602	100.000000
90	-44	10.247202	100.000000
90	-43	10.303508	100.000000
90	-42	10.358519	100.000000
90	-41	10.412236	100.000000
90	-40	10.464658	100.000000
90	-39	10.515786	100.000000
90	-38	10.565620	100.000000
90	-37	10.614159	100.000000
90	-36	10.661404	100.000000
90	-35	10.707354	100.000000
90	-34	10.752010	100.000000
90	-33	10.795372	100.000000
90	-32	10.837439	100.000000
90	-31	10.878212	100.000000
90	-30	10.917691	100.000000
90	-29	10.955875	100.000000
90	-28	10.992765	100.000000
90	-27	11.028360	100.000000
90	-26	11.062661	100.000000
90	-25	11.095668	100.000000
90	-24	11.127380	100.000000
90	-23	11.157798	100.000000
90	-22	11.186922	100.000000
90	-21	11.214751	100.000000
90	-20	11.241286	100.000000
90	-19	11.266526	100.000000
90	-18	11.290472	100.000000
90	-17	11.313124	100.000000
90	-16	11.334481	100.000000
90	-15	11.354544	100.000000
90	-14	11.373313	100.000000
90	-13	11.390787	100.000000
90	-12	11.406966	100.000000
90	-11	11.421852	100.000000
90	-10	11.435443	100.000000
90	-9	11.447739	100.000000
90	-8	11.458742	100.000000
90	-7	11.468449	100.000000
90	-6	11.476863	100.000000
90	-5	11.483982	100.000000
90	-4	11.489807	100.000000
90	-3	11.494337	100.000000
90	-2	11.497573	100.000000
90	-1	11.499515	100.000000
90	0	11.500162	100.000000
90	1	11.499515	100.000000
90	2	11.497573	100.000000
90	3	11.494337	100.000000
90	4	11.489807	100.000000
90	5	11.483982	100.000000
90	6	11.476863	100.000000
90	7	11.468449	100.000000
90	8	11.458742	100.000000
90	9	11.447739	100.000000
90	10	11.435443	100.000000
90	11	11.421852	100.000000
90	12	11.406966	100.000000
90	13	11.390787	100.000000
90	14	11.373313	100.000000
90	15	11.354544	100.000000
90	16	11.334481	100.000000
90	17	11.313124	100.000000
90	18	11.290472	100.000000
90	19	11.266526	100.000000
90	20	11.241286	100.000000
90	21	11.214751	100.000000
90	22	11.186922	100.000000
90	23	11.157798	100.000000
90	24	11.127380	100.000000
90	25	11.095668	100.000000
90	26	11.062661	100.000000
90	27	11.028360	100.000000
90	28	10.992765	100.000000
90	29	10.955875	100.000000
90	30	10.917691	100.000000
90	31	10.878212	100.000000
90	32	10.837439	100.000000
90	33	10.795372	100.000000
90	34	10.752010	100.000000
90	35	10.707354	100.000000
90	36	10.661404	100.000000
90	37	10.614159	100.000000
90	38	10.565620	100.000000
90	39	10.515786	100.000000
90	40	10.464658	100.000000
90	41	10.412236	100.000000
90	42	10.358519	100.000000
90	43	10.303508	100.000000
90	44	10.247202	100.000000
90	45	10.189602	100.000000
90	46	10.130708	100.000000
90	47	10.070519	100.000000
90	48	10.009036	100.000000
90	49	9.946259	100.000000
90	50	9.882187	100.000000
90	51	9.816821	100.000000
90	52	9.750160	100.000000
90	53	9.682205	100.000000
90	54	9.612956	100.000000
90	55	9.542412	100.000000
90	56	9.470574	100.000000
90	57	9.397442	100.000000
90	58	9.323015	100.000000
90	59	9.247294	100.000000
90	60	9.170278	100.000000
90	61	9.091968	100.000000
90	62	9.012364	100.000000
90	63	8.931465	100.000000
90	64	8.849272	100.000000
90	65	8.765784	100.000000
90	66	8.681003	100.000000
90	67	8.594926	100.000000
90	68	8.507556	100.000000
90	69	8.418891	100.000000
90	70	8.328931	100.000000
90	71	8.237677	100.000000
90	72	8.145129	100.000000
90	73	8.051287	100.000000
90	74	7.956150	100.000000
90	75	7.859719	100.000000
90	76	7.761993	100.000000
90	77	7.662973	100.000000
90	78	7.562658	100.000000
90	79	7.461050	100.000000
90	80	7.358146	100.000000
90	81	7.253949	100.000000
90	82	7.148457	100.000000
90	83	7.041670	100.000000
90	84	6.933590	100.000000
90	85	6.824215	100.000000
90	86	6.713545	100.000000
90	87	6.601581	100.000000
90	88	6.488323	100.000000
90	89	6.373770	100.000000
90	90	6.257923	100.000000
92	-92	6.256684	100.000000
92	-91	6.370053	100.000000
92	-90	6.482183	100.000000
92	-89	6.593074	100.000000
92	-88	6.702726	100.000000
92	-87	6.811139	100.000000
92	-86	6.918313	100.000000
92	-85	7.024248	100.000000
92	-84	7.128944	100.000000
92	-83	7.232401	100.000000
92	-82	7.334619	100.000000
92	-81	7.435598	100.000000
92	-80	7.535338	100.000000
92	-79	7.633839	100.000000
92	-78	7.731101	100.000000
92	-77	7.827124	100.000000
92	-76	7.921908	100.000000
92	-75	8.015452	100.000000
92	-74	8.107758	100.000000
92	-73	8.198825	100.000000
92	-72	8.288653	100.000000
92	-71	8.377242	100.000000
92	-70	8.464592	100.000000
92	-69	8.550703	100.000000
92	-68	8.635575	100.000000
92	-67	8.719208	100.000000
92	-66	8.801601	100.000000
92	-65	8.882756	100.000000
92	-64	8.962672	100.000000
92	-63	9.041349	100.000000
92	-62	9.118787	100.000000
92	-61	9.194986	100.000000
92	-60	9.269945	100.000000
92	-59	9.343666	100.000000
92	-58	9.416148	100.000000
92	-57	9.487391	100.000000
92	-56	9.557395	100.000000
92	-55	9.626159	100.000000
92	-54	9.693685	100.000000
92	-53	9.759972	100.000000
92	-52	9.825020	100.000000
92	-51	9.888828	100.000000
92	-50	9.951398	100.000000
92	-49	10.012729	100.000000
92	-48	10.072821	100.000000
92	-47	10.131674	100.000000
92	-46	10.189287	100.000000
92	-45	10.245662	100.000000
92	-44	10.300798	100.000000
92	-43	10.354694	100.000000
92	-42	10.407352	100.000000
92	-41	10.458771	100.000000
92	-40	10.508951	100.000000
92	-39	10.557891	100.000000
92	-38	10.605593	100.000000
92	-37	10.652056	100.000000
92	-36	10.697279	100.000000
92	-35	10.741264	100.000000
92	-34	10.784010	100.000000
92	-33	10.825516	100.000000
92	-32	10.865784	100.000000
92	-31	10.904813	100.000000
92	-30	10.942602	100.000000
92	-29	10.979153	100.000000
92	-28	11.014465	100.000000
92	-27	11.048537	100.000000
92	-26	11.081371	100.000000
92	-25	11.112966	100.000000
92	-24	11.143321	100.000000
92	-23	11.172438	100.000000
92	-22	11.200316	100.000000
92	-21	11.226954	100.000000
92	-20	11.252354	100.000000
92	-19	11.276514	100.000000
92	-18	11.299436	100.000000
92	-17	11.321119	100.000000
92	-16	11.341562	100.000000
92	-15	11.360767	100.000000
92	-14	11.378732	100.000000
92	-13	11.395459	100.000000
92	-12	11.410946	100.000000
92	-11	11.425195	100.000000
92	-10	11.438205	100.000000
92	-9	11.449975	100.000000
92	-8	11.460507	100.000000
92	-7	11.469799	100.000000
92	-6	11.477853	100.000000
92	-5	11.484667	100.000000
92	-4	11.490243	100.000000
92	-3	11.494579	100.000000
92	-2	11.497677	100.000000
92	-1	11.499535	100.000000
92	0	11.500155	100.000000
92	1	11.499535	100.000000
92	2	11.497677	100.000000
92	3	11.494579	100.000000
92	4	11.490243	100.000000
92	5	11.484667	100.000000
92	6	11.477853	100.000000
92	7	11.469799	100.000000
92	8	11.460507	100.000000
92	9	11.449975	100.000000
92	10	11.438205	100.000000
92	11	11.425195	100.000000
92	12	11.410946	100.000000
92	13	11.395459	100.000000
92	14	11.378732	100.000000
92	15	11.360767	100.000000
92	16	11.341562	100.000000
92	17	11.321119	100.000000
92	18	11.299436	100.000000
92	19	11.276514	100.000000
92	20	11.252354	100.000000
92	21	11.226954	100.000000
92	22	11.200316	100.000000
92	23	11.172438	100.000000
92	24	11.143321	100.000000
92	25	11.112966	100.000000
92	26	11.081371	100.000000
92	27	11.048537	100.000000
92	28	11.014465	100.000000
92	29	10.979153	100.000000
92	30	10.942602	100.000000
92	31	10.904813	100.000000
92	32	10.865784	100.000000
92	33	10.825516	100.000000
92	34	10.784010	100.000000
92	35	10.741264	100.000000
92	36	10.697279	100.000000
92	37	10.652056	100.000000
92	38	10.605593	100.000000
92	39	10.557891	100.000000
92	40	10.508951	100.000000
92	41	10.458771	100.000000
92	42	10.407352	100.000000
92	43	10.354694	100.000000
92	44	10.300798	100.000000
92	45	10.245662	100.000000
92	46	10.189287	100.000000
92	47	10.131674	100.000000
92	48	10.072821	100.000000
92	49	10.012729	100.000000
92	50	9.951398	100.000000
92	51	9.888828	100.000000
92	52	9.825020	100.000000
92	53	9.759972	100.000000
92	54	9.693685	100.000000
92	55	9.626159	100.000000
92	56	9.557395	100.000000
92	57	9.487391	100.000000
92	58	9.416148	100.000000
92	59	9.343666	100.000000
92	60	9.269945	100.000000
92	61	9.194986	100.000000
92	62	9.118787	100.000000
92	63	9.041349	100.000000
92	64	8.962672	100.000000
92	65	8.882756	100.000000
92	66	8.801601	100.000000
92	67	8.719208	100.000000
92	68	8.635575	100.000000
92	69	8.550703	100.000000
92	70	8.464592	100.000000
92	71	8.377242	100.000000
92	72	8.288653	100.000000
92	73	8.198825	100.000000
92	74	8.107758	100.000000
92	75	8.015452	100.000000
92	76	7.921908	100.000000
92	77	7.827124	100.000000
92	78	7.731101	100.000000
92	79	7.633839	100.000000
92	80	7.535338	100.000000
92	81	7.435598	100.000000
92	82	7.334619	100.000000
92	83	7.232401	100.000000
92	84	7.128944	100.000000
92	85	7.024248	100.000000
92	86	6.918313	100.000000
92	87	6.811139	100.000000
92	88	6.702726	100.000000
92	89	6.593074	100.000000
92	90	6.482183	100.000000
92	91	6.370053	100.000000
92	92	6.256684	100.000000
94	-94	6.255497	100.000000
94	-93	6.366492	100.000000
94	-92	6.476300	100.000000
94	-91	6.584920	100.000000
94	-90	6.692354	100.000000
94	-89	6.798600	100.000000
94	-88	6.903659	100.000000
94	-87	7.007531	100.000000
94	-86	7.110216	100.000000
94	-85	7.211714	100.000000
94	-84	7.312025	100.000000
94	-83	7.411149	100.000000
94	-82	7.509085	100.000000
94	-81	7.605835	100.000000
94	-80	7.701397	100.000000
94	-79	7.795772	100.000000
94	-78	7.888960	100.000000
94	-77	7.980961	100.000000
94	-76	8.071775	100.000000
94	-75	8.161402	100.000000
94	-74	8.249842	100.000000
94	-73	8.337094	100.000000
94	-72	8.423160	100.000000
94	-71	8.508038	100.000000
94	-70	8.591729	100.000000
94	-69	8.674234	100.000000
94	-68	8.755551	100.000000
94	-67	8.835680	100.000000
94	-66	8.914623	100.000000
94	-65	8.992379	100.000000
94	-64	9.068948	100.000000
94	-63	9.144329	100.000000
94	-62	9.218523	100.000000
94	-61	9.291531	100.000000
94	-60	9.363351	100.000000
94	-59	9.433984	100.000000
94	-58	9.503430	100.000000
94	-57	9.571689	100.000000
94	-56	9.638760	100.000000
94	-55	9.704645	100.000000
94	-54	9.769342	100.000000
94	-53	9.832853	100.000000
94	-52	9.895176	100.000000
94	-51	9.956312	100.000000
94	-50	10.016261	100.000000
94	-49	10.075023	100.000000
94	-48	10.132598	100.000000
94	-47	10.188986	100.000000
94	-46	10.244186	100.000000
94	-45	10.298200	100.000000
94	-44	10.351026	100.000000
94	-43	10.402665	100.000000
94	-42	10.453118	100.000000
94	-41	10.502383	100.000000
94	-40	10.550461	100.000000
94	-39	10.597351	100.000000
94	-38	10.643055	100.000000
94	-37	10.687572	100.000000
94	-36	10.730901	100.000000
94	-35	10.773044	100.000000
94	-34	10.813999	100.000000
94	-33	10.853767	100.000000
94	-32	10.892348	100.000000
94	-31	10.929742	100.000000
94	-30	10.965949	100.000000
94	-29	11.000969	100.000000
94	-28	11.034801	100.000000
94	-27	11.067447	100.000000
94	-26	11.098905	100.000000
94	-25	11.129177	100.000000
94	-24	11.158261	100.000000
94	-23	11.186158	100.000000
94	-22	11.212868	100.000000
94	-21	11.238391	100.000000
94	-20	11.262726	100.000000
94	-19	11.285875	100.000000
94	-18	11.307837	100.000000
94	-17	11.328611	100.000000
94	-16	11.348198	100.000000
94	-15	11.366599	100.000000
94	-14	11.383812	100.000000
94	-13	11.399838	100.000000
94	-12	11.414676	100.000000
94	-11	11.428328	100.000000
94	-10	11.440793	100.000000
94	-9	11.452070	100.000000
94	-8	11.462161	100.000000
94	-7	11.471064	100.000000
94	-6	11.478780	100.000000
94	-5	11.485310	100.000000
94	-4	11.490652	100.000000
94	-3	11.494806	100.000000
94	-2	11.497774	100.000000
94	-1	11.499555	100.000000
94	0	11.500148	100.000000
94	1	11.499555	100.000000
94	2	11.497774	100.000000
94	3	11.494806	100.000000
94	4	11.490652	100.000000
94	5	11.485310	100.000000
94	6	11.478780	100.000000
94	7	11.471064	100.000000
94	8	11.462161	100.000000
94	9	11.452070	100.000000
94	10	11.440793	100.000000
94	11	11.428328	100.000000
94	12	11.414676	100.000000
94	13	11.399838	100.000000
94	14	11.383812	100.000000
94	15	11.366599	100.000000
94	16	11.348198	100.000000
94	17	11.328611	100.000000
94	18	11.307837	100.000000
94	19	11.285875	100.000000
94	20	11.262726	100.000000
94	21	11.238391	100.000000
94	22	11.212868	100.000000
94	23	11.186158	100.000000
94	24	11.158261	100.000000
94	25	11.129177	100.000000
94	26	11.098905	100.000000
94	27	11.067447	100.000000
94	28	11.034801	100.000000
94	29	11.000969	100.000000
94	30	10.965949	100.000000
94	31	10.929742	100.000000
94	32	10.892348	100.000000
94	33	10.853767	100.000000
94	34	10.813999	100.000000
94	35	10.773044	100.000000
94	36	10.730901	100.000000
94	37	10.687572	100.000000
94	38	10.643055	100.000000
94	39	10.597351	100.000000
94	40	10.550461	100.000000
94	41	10.502383	100.000000
94	42	10.453118	100.000000
94	43	10.402665	100.000000
94	44	10.351026	100.000000
94	45	10.298200	100.000000
94	46	10.244186	100.000000
94	47	10.188986	100.000000
94	48	10.132598	100.000000
94	49	10.075023	100.000000
94	50	10.016261	100.000000
94	51	9.956312	100.000000
94	52	9.895176	100.000000
94	53	9.832853	100.000000
94	54	9.769342	100.000000
94	55	9.704645	100.000000
94	56	9.638760	100.000000
94	57	9.571689	100.000000
94	58	9.503430	100.000000
94	59	9.433984	100.000000
94	60	9.363351	100.000000
94	61	9.291531	100.000000
94	62	9.218523	100.000000
94	63	9.144329	100.000000
94	64	9.068948	100.000000
94	65	8.992379	100.000000
94	66	8.914623	100.000000
94	67	8.835680	100.000000
94	68	8.755551	100.000000
94	69	8.674234	100.000000
94	70	8.591729	100.000000
94	71	8.508038	100.000000
94	72	8.423160	100.000000
94	73	8.337094	100.000000
94	74	8.249842	100.000000
94	75	8.161402	100.000000
94	76	8.071775	100.000000
94	77	7.980961	100.000000
94	78	7.888960	100.000000
94	79	7.795772	100.000000
94	80	7.701397	100.000000
94	81	7.605835	100.000000
94	82	7.509085	100.000000
94	83	7.411149	100.000000
94	84	7.312025	100.000000
94	85	7.211714	100.000000
94	86	7.110216	100.000000
94	87	7.007531	100.000000
94	88	6.903659	100.000000
94	89	6.798600	100.000000
94	90	6.692354	100.000000
94	91	6.584920	100.000000
94	92	6.476300	100.000000
94	93	6.366492	100.000000
94	94	6.255497	100.000000
96	-96	6.254359	100.000000
96	-95	6.363077	100.000000
96	-94	6.470656	100.000000
96	-93	6.577098	100.000000
96	-92	6.682400	100.000000
96	-91	6.786565	100.000000
96	-90	6.889591	100.000000
96	-89	6.991478	100.000000
96	-88	7.092227	100.000000
96	-87	7.191838	100.000000
96	-86	7.290310	100.000000
96	-85	7.387644	100.000000
96	-84	7.483839	100.000000
96	-83	7.578896	100.000000
96	-82	7.672815	100.000000
96	-81	7.765595	100.000000
96	-80	7.857237	100.000000
96	-79	7.947741	100.000000
96	-78	8.037106	100.000000
96	-77	8.125332	100.000000
96	-76	8.212420	100.000000
96	-75	8.298370	100.000000
96	-74	8.383182	100.000000
96	-73	8.466855	100.000000
96	-72	8.549389	100.000000
96	-71	8.630785	100.000000
96	-70	8.711043	100.000000
96	-69	8.790162	100.000000
96	-68	8.868143	100.000000
96	-67	8.944986	100.000000
96	-66	9.020690	100.000000
96	-65	9.095256	100.000000
96	-64	9.168683	100.000000
96	-63	9.240972	100.000000
96	-62	9.312122	100.000000
96	-61	9.382135	100.000000
96	-60	9.451008	100.000000
96	-59	9.518743	100.000000
96	-58	9.585340	100.000000
96	-57	9.650799	100.000000
96	-56	9.715119	100.000000
96	-55	9.778300	100.000000
96	-54	9.840344	100.000000
96	-53	9.901248	100.000000
96	-52	9.961015	100.000000
96	-51	10.019643	100.000000
96	-50	10.077133	100.000000
96	-49	10.133484	100.000000
96	-48	10.188696	100.000000
96	-47	10.242771	100.000000
96	-46	10.295707	100.000000
96	-45	10.347504	100.000000
96	-44	10.398164	100.000000
96	-43	10.447684	100.000000
96	-42	10.496067	100.000000
96	-41	10.543311	100.000000
96	-40	10.589416	100.000000
96	-39	10.634383	100.000000
96	-38	10.678212	100.000000
96	-37	10.720902	100.000000
96	-36	10.762454	100.000000
96	-35	10.802867	100.000000
96	-34	10.842143	100.000000
96	-33	10.880279	100.000000
96	-32	10.917277	100.000000
96	-31	10.953137	100.000000
96	-30	10.987859	100.000000
96	-29	11.021442	100.000000
96	-28	11.053886	100.000000
96	-27	11.085193	100.000000
96	-26	11.115360	100.000000
96	-25	11.144390	100.000000
96	-24	11.172281	100.000000
96	-23	11.199033	100.000000
96	-22	11.224648	100.000000
96	-21	11.249123	100.000000
96	-20	11.272461	100.000000
96	-19	11.294660	100.000000
96	-18	11.315720	100.000000
96	-17	11.335642	100.000000
96	-16	11.354426	100.000000
96	-15	11.372071	100.000000
96	-14	11.388578	100.000000
96	-13	11.403947	100.000000
96	-12	11.418177	100.000000
96	-11	11.431269	100.000000
96	-10	11.443222	100.000000
96	-9	11.454037	100.000000
96	-8	11.463713	100.000000
96	-7	11.472251	100.000000
96	-6	11.479651	100.000000
96	-5	11.485912	100.000000
96	-4	11.491035	100.000000
96	-3	11.495019	100.000000
96	-2	11.497865	100.000000
96	-1	11.499573	100.000000
96	0	11.500142	100.000000
96	1	11.499573	100.000000
96	2	11.497865	100.000000
96	3	11.495019	100.000000
96	4	11.491035	100.000000
96	5	11.485912	100.000000
96	6	11.479651	100.000000
96	7	11.472251	100.000000
96	8	11.463713	100.000000
96	9	11.454037	100.000000
96	10	11.443222	100.000000
96	11	11.431269	100.000000
96	12	11.418177	100.000000
96	13	11.403947	100.000000
96	14	11.388578	100.000000
96	15	11.372071	100.000000
96	16	11.354426	100.000000
96	17	11.335642	100.000000
96	18	11.315720	100.000000
96	19	11.294660	100.000000
96	20	11.272461	100.000000
96	21	11.249123	100.000000
96	22	11.224648	100.000000
96	23	11.199033	100.000000
96	24	11.172281	100.000000
96	25	11.144390	100.000000
96	26	11.115360	100.000000
96	27	11.085193	100.000000
96	28	11.053886	100.000000
96	29	11.021442	100.000000
96	30	10.987859	100.000000
96	31	10.953137	100.000000
96	32	10.917277	100.000000
96	33	10.880279	100.000000
96	34	10.842143	100.000000
96	35	10.802867	100.000000
96	36	10.762454	100.000000
96	37	10.720902	100.000000
96	38	10.678212	100.000000
96	39	10.634383	100.000000
96	40	10.589416	100.000000
96	41	10.543311	100.000000
96	42	10.496067	100.000000
96	43	10.447684	100.000000
96	44	10.398164	100.000000
96	45	10.347504	100.000000
96	46	10.295707	100.000000
96	47	10.242771	100.000000
96	48	10.188696	100.000000
96	49	10.133484	100.000000
96	50	10.077133	100.000000
96	51	10.019643	100.000000
96	52	9.961015	100.000000
96	53	9.901248	100.000000
96	54	9.840344	100.000000
96	55	9.778300	100.000000
96	56	9.715119	100.000000
96	57	9.650799	100.000000
96	58	9.585340	100.000000
96	59	9.518743	100.000000
96	60	9.451008	100.000000
96	61	9.382135	100.000000
96	62	9.312122	100.000000
96	63	9.240972	100.000000
96	64	9.168683	100.000000
96	65	9.095256	100.000000
96	66	9.020690	100.000000
96	67	8.944986	100.000000
96	68	8.868143	100.000000
96	69	8.790162	100.000000
96	70	8.711043	100.000000
96	71	8.630785	100.000000
96	72	8.549389	100.000000
96	73	8.466855	100.000000
96	74	8.383182	100.000000
96	75	8.298370	100.000000
96	76	8.212420	100.000000
96	77	8.125332	100.000000
96	78	8.037106	100.000000
96	79	7.947741	100.000000
96	80	7.857237	100.000000
96	81	7.765595	100.000000
96	82	7.672815	100.000000
96	83	7.578896	100.000000
96	84	7.483839	100.000000
96	85	7.387644	100.000000
96	86	7.290310	100.000000
96	87	7.191838	100.000000
96	88	7.092227	100.000000
96	89	6.991478	100.000000
96	90	6.889591	100.000000
96	91	6.786565	100.000000
96	92	6.682400	100.000000
96	93	6.577098	100.000000
96	94	6.470656	100.000000
96	95	6.363077	100.000000
96	96	6.254359	100.000000
98	-98	6.253266	100.000000
98	-97	6.359799	100.000000
98	-96	6.465239	100.000000
98	-95	6.569586	100.000000
98	-94	6.672841	100.000000
98	-93	6.775003	100.000000
98	-92	6.876073	100.000000
98	-91	6.976049	100.000000
98	-90	7.074934	100.000000
98	-89	7.172725	100.000000
98	-88	7.269424	100.000000
98	-87	7.365030	100.000000
98	-86	7.459544	100.000000
98	-85	7.552965	100.000000
98	-84	7.645293	100.000000
98	-83	7.736529	100.000000
98	-82	7.826672	100.000000
98	-81	7.915722	100.000000
98	-80	8.003680	100.000000
98	-79	8.090545	100.000000
98	-78	8.176317	100.000000
98	-77	8.260997	100.000000
98	-76	8.344584	100.000000
98	-75	8.427079	100.000000
98	-74	8.508481	100.000000
98	-73	8.588790	100.000000
98	-72	8.668007	100.000000
98	-71	8.746131	100.000000
98	-70	8.823162	100.000000
98	-69	8.899101	100.000000
98	-68	8.973947	100.000000
98	-67	9.047700	100.000000
98	-66	9.120361	100.000000
98	-65	9.191929	100.000000
98	-64	9.262404	100.000000
98	-63	9.331787	100.000000
98	-62	9.400077	100.000000
98	-61	9.467275	100.000000
98	-60	9.533380	100.000000
98	-59	9.598392	100.000000
98	-58	9.662312	100.000000
98	-57	9.725139	100.000000
98	-56	9.786873	100.000000
98	-55	9.847514	100.000000
98	-54	9.907064	100.000000
98	-53	9.965520	100.000000
98	-52	10.022884	100.000000
98	-51	10.079155	100.000000
98	-50	10.134333	100.000000
98	-49	10.188419	100.000000
98	-48	10.241412	100.000000
98	-47	10.293313	100.000000
98	-46	10.344121	100.000000
98	-45	10.393836	100.000000
98	-44	10.442458	100.000000
98	-43	10.489988	100.000000
98	-42	10.536426	100.000000
98	-41	10.581770	100.000000
98	-40	10.626022	100.000000
98	-39	10.669182	100.000000
98	-38	10.711249	100.000000
98	-37	10.752223	100.000000
98	-36	10.792104	100.000000
98	-35	10.830893	100.000000
98	-34	10.868589	100.000000
98	-33	10.905193	100.000000
98	-32	10.940704	100.000000
98	-31	10.975122	100.000000
98	-30	11.008447	100.000000
98	-29	11.040680	100.000000
98	-28	11.071821	100.000000
98	-27	11.101868	100.000000
98	-26	11.130823	100.000000
98	-25	11.158686	100.000000
98	-24	11.185455	100.000000
98	-23	11.211133	100.000000
98	-22	11.235717	100.000000
98	-21	11.259209	100.000000
98	-20	11.281608	100.000000
98	-19	11.302915	100.000000
98	-18	11.323128	100.000000
98	-17	11.342250	100.000000
98	-16	11.360278	100.000000
98	-15	11.377214	100.000000
98	-14	11.393058	100.000000
98	-13	11.407808	100.000000
98	-12	11.421466	100.000000
98	-11	11.434032	100.000000
98	-10	11.445504	100.000000
98	-9	11.455885	100.000000
98	-8	11.465172	100.000000
98	-7	11.473367	100.000000
98	-6	11.480469	100.000000
98	-5	11.486479	100.000000
98	-4	11.491395	100.000000
98	-3	11.495220	100.000000
98	-2	11.497951	100.000000
98	-1	11.499590	100.000000
98	0	11.500137	100.000000
98	1	11.499590	100.000000
98	2	11.497951	100.000000
98	3	11.495220	100.000000
98	4	11.491395	100.000000
98	5	11.486479	100.000000
98	6	11.480469	100.000000
98	7	11.473367	100.000000
98	8	11.465172	100.000000
98	9	11.455885	100.000000
98	10	11.445504	100.000000
98	11	11.434032	100.000000
98	12	11.421466	100.000000
98	13	11.407808	100.000000
98	14	11.393058	100.000000
98	15	11.377214	100.000000
98	16	11.360278	100.000000
98	17	11.342250	100.000000
98	18	11.323128	100.000000
98	19	11.302915	100.000000
98	20	11.281608	100.000000
98	21	11.259209	100.000000
98	22	11.235717	100.000000
98	23	11.211133	100.000000
98	24	11.185455	100.000000
98	25	11.158686	100.000000
98	26	11.130823	100.000000
98	27	11.101868	100.000000
98	28	11.071821	100.000000
98	29	11.040680	100.000000
98	30	11.008447	100.000000
98	31	10.975122	100.000000
98	32	10.940704	100.000000
98	33	10.905193	100.000000
98	34	10.868589	100.000000
98	35	10.830893	100.000000
98	36	10.792104	100.000000
98	37	10.752223	100.000000
98	38	10.711249	100.000000
98	39	10.669182	100.000000
98	40	10.626022	100.000000
98	41	10.581770	100.000000
98	42	10.536426	100.000000
98	43	10.489988	100.000000
98	44	10.442458	100.000000
98	45	10.393836	100.000000
98	46	10.344121	100.000000
98	47	10.293313	100.000000
98	48	10.241412	100.000000
98	49	10.188419	100.000000
98	50	10.134333	100.000000
98	51	10.079155	100.000000
98	52	10.022884	100.000000
98	53	9.965520	100.000000
98	54	9.907064	100.000000
98	55	9.847514	100.000000
98	56	9.786873	100.000000
98	57	9.725139	100.000000
98	58	9.662312	100.000000
98	59	9.598392	100.000000
98	60	9.533380	100.000000
98	61	9.467275	100.000000
98	62	9.400077	100.000000
98	63	9.331787	100.000000
98	64	9.262404	100.000000
98	65	9.191929	100.000000
98	66	9.120361	100.000000
98	67	9.047700	100.000000
98	68	8.973947	100.000000
98	69	8.899101	100.000000
98	70	8.823162	100.000000
98	71	8.746131	100.000000
98	72	8.668007	100.000000
98	73	8.588790	100.000000
98	74	8.508481	100.000000
98	75	8.427079	100.000000
98	76	8.344584	100.000000
98	77	8.260997	100.000000
98	78	8.176317	100.000000
98	79	8.090545	100.000000
98	80	8.003680	100.000000
98	81	7.915722	100.000000
98	82	7.826672	100.000000
98	83	7.736529	100.000000
98	84	7.645293	100.000000
98	85	7.552965	100.000000
98	86	7.459544	100.000000
98	87	7.365030	100.000000
98	88	7.269424	100.000000
98	89	7.172725	100.000000
98	90	7.074934	100.000000
98	91	6.976049	100.000000
98	92	6.876073	100.000000
98	93	6.775003	100.000000
98	94	6.672841	100.000000
98	95	6.569586	100.000000
98	96	6.465239	100.000000
98	97	6.359799	100.000000
98	98	6.253266	100.000000
