0	0	9.733333	0.783128
2	-2	7.714286	1.548049
2	-1	10.742857	2.312969
2	0	11.752381	3.077890
2	1	10.742857	3.842810
2	2	7.714286	4.607730
4	-4	7.163636	5.331795
4	-3	9.090909	6.055860
4	-2	10.467532	6.779925
4	-1	11.293506	7.503990
4	0	11.568831	8.228055
4	1	11.293506	8.952120
4	2	10.467532	9.676185
4	3	9.090909	10.400250
4	4	7.163636	11.124315
6	-6	6.906667	11.788543
6	-5	8.320000	12.452770
6	-4	9.476364	13.116997
6	-3	10.375758	13.781225
6	-2	11.018182	14.445452
6	-1	11.403636	15.109679
6	0	11.532121	15.773906
6	1	11.403636	16.438134
6	2	11.018182	17.102361
6	3	10.375758	17.766588
6	4	9.476364	18.430816
6	5	8.320000	19.095043
6	6	6.906667	19.759270
8	-8	6.757895	20.349789
8	-7	7.873684	20.940308
8	-6	8.840702	21.530827
8	-5	9.658947	22.121345
8	-4	10.328421	22.711864
8	-3	10.849123	23.302383
8	-2	11.221053	23.892902
8	-1	11.444211	24.483421
8	0	11.518596	25.073940
8	1	11.444211	25.664458
8	2	11.221053	26.254977
8	3	10.849123	26.845496
8	4	10.328421	27.436015
8	5	9.658947	28.026534
8	6	8.840702	28.617052
8	7	7.873684	29.207571
8	8	6.757895	29.798090
10	-10	6.660870	30.306869
10	-9	7.582609	30.815647
10	-8	8.407323	31.324425
10	-7	9.135011	31.833204
10	-6	9.765675	32.341982
10	-5	10.299314	32.850760
10	-4	10.735927	33.359539
10	-3	11.075515	33.868317
10	-2	11.318078	34.377096
10	-1	11.463616	34.885874
10	0	11.512128	35.394652
10	1	11.463616	35.903431
10	2	11.318078	36.412209
10	3	11.075515	36.920988
10	4	10.735927	37.429766
10	5	10.299314	37.938544
10	6	9.765675	38.447323
10	7	9.135011	38.956101
10	8	8.407323	39.464880
10	9	7.582609	39.973658
10	10	6.660870	40.482436
12	-12	6.592593	40.907253
12	-11	7.377778	41.332069
12	-10	8.094686	41.756886
12	-9	8.743317	42.181703
12	-8	9.323671	42.606519
12	-7	9.835749	43.031336
12	-6	10.279549	43.456152
12	-5	10.655072	43.880969
12	-4	10.962319	44.305785
12	-3	11.201288	44.730602
12	-2	11.371981	45.155419
12	-1	11.474396	45.580235
12	0	11.508535	46.005052
12	1	11.474396	46.429868
12	2	11.371981	46.854685
12	3	11.201288	47.279501
12	4	10.962319	47.704318
12	5	10.655072	48.129135
12	6	10.279549	48.553951
12	7	9.835749	48.978768
12	8	9.323671	49.403584
12	9	8.743317	49.828401
12	10	8.094686	50.253217
12	11	7.377778	50.678034
12	12	6.592593	51.102851
14	-14	6.541935	51.446608
14	-13	7.225806	51.790365
14	-12	7.859020	52.134123
14	-11	8.441577	52.477880
14	-10	8.973477	52.821638
14	-9	9.454719	53.165395
14	-8	9.885305	53.509153
14	-7	10.265233	53.852910
14	-6	10.594504	54.196667
14	-5	10.873118	54.540425
14	-4	11.101075	54.884182
14	-3	11.278375	55.227940
14	-2	11.405018	55.571697
14	-1	11.481004	55.915455
14	0	11.506332	56.259212
14	1	11.481004	56.602970
14	2	11.405018	56.946727
14	3	11.278375	57.290484
14	4	11.101075	57.634242
14	5	10.873118	57.977999
14	6	10.594504	58.321757
14	7	10.265233	58.665514
14	8	9.885305	59.009272
14	9	9.454719	59.353029
14	10	8.973477	59.696787
14	11	8.441577	60.040544
14	12	7.859020	60.384301
14	13	7.225806	60.728059
14	14	6.541935	61.071816
16	-16	6.502857	61.341392
16	-15	7.108571	61.610968
16	-14	7.675207	61.880543
16	-13	8.202765	62.150119
16	-12	8.691244	62.419695
16	-11	9.140645	62.689270
16	-10	9.550968	62.958846
16	-9	9.922212	63.228421
16	-8	10.254378	63.497997
16	-7	10.547465	63.767573
16	-6	10.801475	64.037148
16	-5	11.016406	64.306724
16	-4	11.192258	64.576300
16	-3	11.329032	64.845875
16	-2	11.426728	65.115451
16	-1	11.485346	65.385027
16	0	11.504885	65.654602
16	1	11.485346	65.924178
16	2	11.426728	66.193754
16	3	11.329032	66.463329
16	4	11.192258	66.732905
16	5	11.016406	67.002480
16	6	10.801475	67.272056
16	7	10.547465	67.541632
16	8	10.254378	67.811207
16	9	9.922212	68.080783
16	10	9.550968	68.350359
16	11	9.140645	68.619934
16	12	8.691244	68.889510
16	13	8.202765	69.159086
16	14	7.675207	69.428661
16	15	7.108571	69.698237
16	16	6.502857	69.967813
18	-18	6.471795	70.172687
18	-17	7.015385	70.377561
18	-16	7.527912	70.582435
18	-15	8.009377	70.787309
18	-14	8.459780	70.992183
18	-13	8.879121	71.197057
18	-12	9.267399	71.401931
18	-11	9.624615	71.606805
18	-10	9.950769	71.811679
18	-9	10.245861	72.016554
18	-8	10.509890	72.221428
18	-7	10.742857	72.426302
18	-6	10.944762	72.631176
18	-5	11.115604	72.836050
18	-4	11.255385	73.040924
18	-3	11.364103	73.245798
18	-2	11.441758	73.450672
18	-1	11.488352	73.655546
18	0	11.503883	73.860420
18	1	11.488352	74.065295
18	2	11.441758	74.270169
18	3	11.364103	74.475043
18	4	11.255385	74.679917
18	5	11.115604	74.884791
18	6	10.944762	75.089665
18	7	10.742857	75.294539
18	8	10.509890	75.499413
18	9	10.245861	75.704287
18	10	9.950769	75.909161
18	11	9.624615	76.114036
18	12	9.267399	76.318910
18	13	8.879121	76.523784
18	14	8.459780	76.728658
18	15	8.009377	76.933532
18	16	7.527912	77.138406
18	17	7.015385	77.343280
18	18	6.471795	77.548154
20	-20	6.446512	77.699048
20	-19	6.939535	77.849942
20	-18	7.407275	78.000836
20	-17	7.849732	78.151729
20	-16	8.266905	78.302623
20	-15	8.658795	78.453517
20	-14	9.025403	78.604411
20	-13	9.366726	78.755305
20	-12	9.682767	78.906198
20	-11	9.973524	79.057092
20	-10	10.238998	79.207986
20	-9	10.479189	79.358880
20	-8	10.694097	79.509774
20	-7	10.883721	79.660667
20	-6	11.048062	79.811561
20	-5	11.187120	79.962455
20	-4	11.300894	80.113349
20	-3	11.389386	80.264242
20	-2	11.452594	80.415136
20	-1	11.490519	80.566030
20	0	11.503160	80.716924
20	1	11.490519	80.867818
20	2	11.452594	81.018711
20	3	11.389386	81.169605
20	4	11.300894	81.320499
20	5	11.187120	81.471393
20	6	11.048062	81.622287
20	7	10.883721	81.773180
20	8	10.694097	81.924074
20	9	10.479189	82.074968
20	10	10.238998	82.225862
20	11	9.973524	82.376755
20	12	9.682767	82.527649
20	13	9.366726	82.678543
20	14	9.025403	82.829437
20	15	8.658795	82.980331
20	16	8.266905	83.131224
20	17	7.849732	83.282118
20	18	7.407275	83.433012
20	19	6.939535	83.583906
20	20	6.446512	83.734800
22	-22	6.425532	83.842504
22	-21	6.876596	83.950208
22	-20	7.306680	84.057913
22	-19	7.715784	84.165617
22	-18	8.103909	84.273322
22	-17	8.471054	84.381026
22	-16	8.817219	84.488730
22	-15	9.142405	84.596435
22	-14	9.446611	84.704139
22	-13	9.729837	84.811844
22	-12	9.992083	84.919548
22	-11	10.233350	85.027253
22	-10	10.453637	85.134957
22	-9	10.652944	85.242661
22	-8	10.831272	85.350366
22	-7	10.988619	85.458070
22	-6	11.124988	85.565775
22	-5	11.240376	85.673479
22	-4	11.334785	85.781183
22	-3	11.408214	85.888888
22	-2	11.460663	85.996592
22	-1	11.492133	86.104297
22	0	11.502622	86.212001
22	1	11.492133	86.319706
22	2	11.460663	86.427410
22	3	11.408214	86.535114
22	4	11.334785	86.642819
22	5	11.240376	86.750523
22	6	11.124988	86.858228
22	7	10.988619	86.965932
22	8	10.831272	87.073636
22	9	10.652944	87.181341
22	10	10.453637	87.289045
22	11	10.233350	87.396750
22	12	9.992083	87.504454
22	13	9.729837	87.612159
22	14	9.446611	87.719863
22	15	9.142405	87.827567
22	16	8.817219	87.935272
22	17	8.471054	88.042976
22	18	8.103909	88.150681
22	19	7.715784	88.258385
22	20	7.306680	88.366090
22	21	6.876596	88.473794
22	22	6.425532	88.581498
24	-24	6.407843	88.656001
24	-23	6.823529	88.730504
24	-22	7.221527	88.805007
24	-21	7.601836	88.879510
24	-20	7.964456	88.954013
24	-19	8.309387	89.028516
24	-18	8.636629	89.103019
24	-17	8.946183	89.177522
24	-16	9.238048	89.252025
24	-15	9.512224	89.326528
24	-14	9.768711	89.401031
24	-13	10.007509	89.475534
24	-12	10.228619	89.550037
24	-11	10.432040	89.624540
24	-10	10.617772	89.699043
24	-9	10.785816	89.773546
24	-8	10.936170	89.848049
24	-7	11.068836	89.922552
24	-6	11.183813	89.997055
24	-5	11.281101	90.071558
24	-4	11.360701	90.146061
24	-3	11.422612	90.220564
24	-2	11.466834	90.295067
24	-1	11.493367	90.369570
24	0	11.502211	90.444073
24	1	11.493367	90.518575
24	2	11.466834	90.593078
24	3	11.422612	90.667581
24	4	11.360701	90.742084
24	5	11.281101	90.816587
24	6	11.183813	90.891090
24	7	11.068836	90.965593
24	8	10.936170	91.040096
24	9	10.785816	91.114599
24	10	10.617772	91.189102
24	11	10.432040	91.263605
24	12	10.228619	91.338108
24	13	10.007509	91.412611
24	14	9.768711	91.487114
24	15	9.512224	91.561617
24	16	9.238048	91.636120
24	17	8.946183	91.710623
24	18	8.636629	91.785126
24	19	8.309387	91.859629
24	20	7.964456	91.934132
24	21	7.601836	92.008635
24	22	7.221527	92.083138
24	23	6.823529	92.157641
24	24	6.407843	92.232144
26	-26	6.392727	92.282089
26	-25	6.778182	92.332034
26	-24	7.148520	92.381979
26	-23	7.503743	92.431923
26	-22	7.843850	92.481868
26	-21	8.168841	92.531813
26	-20	8.478717	92.581758
26	-19	8.773476	92.631703
26	-18	9.053119	92.681648
26	-17	9.317647	92.731593
26	-16	9.567059	92.781538
26	-15	9.801355	92.831483
26	-14	10.020535	92.881428
26	-13	10.224599	92.931373
26	-12	10.413547	92.981318
26	-11	10.587380	93.031263
26	-10	10.746096	93.081208
26	-9	10.889697	93.131153
26	-8	11.018182	93.181098
26	-7	11.131551	93.231043
26	-6	11.229804	93.280987
26	-5	11.312941	93.330932
26	-4	11.380963	93.380877
26	-3	11.433868	93.430822
26	-2	11.471658	93.480767
26	-1	11.494332	93.530712
26	0	11.501889	93.580657
26	1	11.494332	93.630602
26	2	11.471658	93.680547
26	3	11.433868	93.730492
26	4	11.380963	93.780437
26	5	11.312941	93.830382
26	6	11.229804	93.880327
26	7	11.131551	93.930272
26	8	11.018182	93.980217
26	9	10.889697	94.030162
26	10	10.746096	94.080106
26	11	10.587380	94.130051
26	12	10.413547	94.179996
26	13	10.224599	94.229941
26	14	10.020535	94.279886
26	15	9.801355	94.329831
26	16	9.567059	94.379776
26	17	9.317647	94.429721
26	18	9.053119	94.479666
26	19	8.773476	94.529611
26	20	8.478717	94.579556
26	21	8.168841	94.629501
26	22	7.843850	94.679446
26	23	7.503743	94.729391
26	24	7.148520	94.779336
26	25	6.778182	94.829281
26	26	6.392727	94.879225
28	-28	6.379661	94.911673
28	-27	6.738983	94.944121
28	-26	7.085239	94.976569
28	-25	7.418428	95.009017
28	-24	7.738552	95.041465
28	-23	8.045609	95.073913
28	-22	8.339599	95.106361
28	-21	8.620524	95.138809
28	-20	8.888382	95.171257
28	-19	9.143174	95.203705
28	-18	9.384900	95.236153
28	-17	9.613559	95.268601
28	-16	9.829153	95.301049
28	-15	10.031680	95.333497
28	-14	10.221140	95.365945
28	-13	10.397535	95.398393
28	-12	10.560863	95.430841
28	-11	10.711125	95.463289
28	-10	10.848320	95.495737
28	-9	10.972450	95.528185
28	-8	11.083513	95.560632
28	-7	11.181510	95.593080
28	-6	11.266441	95.625528
28	-5	11.338305	95.657976
28	-4	11.397103	95.690424
28	-3	11.442835	95.722872
28	-2	11.475501	95.755320
28	-1	11.495100	95.787768
28	0	11.501633	95.820216
28	1	11.495100	95.852664
28	2	11.475501	95.885112
28	3	11.442835	95.917560
28	4	11.397103	95.950008
28	5	11.338305	95.982456
28	6	11.266441	96.014904
28	7	11.181510	96.047352
28	8	11.083513	96.079800
28	9	10.972450	96.112248
28	10	10.848320	96.144696
28	11	10.711125	96.177144
28	12	10.560863	96.209591
28	13	10.397535	96.242039
28	14	10.221140	96.274487
28	15	10.031680	96.306935
28	16	9.829153	96.339383
28	17	9.613559	96.371831
28	18	9.384900	96.404279
28	19	9.143174	96.436727
28	20	8.888382	96.469175
28	21	8.620524	96.501623
28	22	8.339599	96.534071
28	23	8.045609	96.566519
28	24	7.738552	96.598967
28	25	7.418428	96.631415
28	26	7.085239	96.663863
28	27	6.738983	96.696311
28	28	6.379661	96.728759
30	-30	6.368254	96.749188
30	-29	6.704762	96.769618
30	-28	7.029863	96.790048
30	-27	7.343557	96.810477
30	-26	7.645843	96.830907
30	-25	7.936723	96.851337
30	-24	8.216196	96.871766
30	-23	8.484262	96.892196
30	-22	8.740920	96.912626
30	-21	8.986172	96.933055
30	-20	9.220016	96.953485
30	-19	9.442454	96.973915
30	-18	9.653484	96.994344
30	-17	9.853107	97.014774
30	-16	10.041324	97.035203
30	-15	10.218133	97.055633
30	-14	10.383535	97.076063
30	-13	10.537530	97.096492
30	-12	10.680118	97.116922
30	-11	10.811299	97.137352
30	-10	10.931073	97.157781
30	-9	11.039440	97.178211
30	-8	11.136400	97.198641
30	-7	11.221953	97.219070
30	-6	11.296099	97.239500
30	-5	11.358838	97.259930
30	-4	11.410169	97.280359
30	-3	11.450094	97.300789
30	-2	11.478612	97.321219
30	-1	11.495722	97.341648
30	0	11.501426	97.362078
30	1	11.495722	97.382508
30	2	11.478612	97.402937
30	3	11.450094	97.423367
30	4	11.410169	97.443797
30	5	11.358838	97.464226
30	6	11.296099	97.484656
30	7	11.221953	97.505085
30	8	11.136400	97.525515
30	9	11.039440	97.545945
30	10	10.931073	97.566374
30	11	10.811299	97.586804
30	12	10.680118	97.607234
30	13	10.537530	97.627663
30	14	10.383535	97.648093
30	15	10.218133	97.668523
30	16	10.041324	97.688952
30	17	9.853107	97.709382
30	18	9.653484	97.729812
30	19	9.442454	97.750241
30	20	9.220016	97.770671
30	21	8.986172	97.791101
30	22	8.740920	97.811530
30	23	8.484262	97.831960
30	24	8.216196	97.852390
30	25	7.936723	97.872819
30	26	7.645843	97.893249
30	27	7.343557	97.913678
30	28	7.029863	97.934108
30	29	6.704762	97.954538
30	30	6.368254	97.974967
32	-32	6.358209	97.987433
32	-31	6.674627	97.999899
32	-30	6.981000	98.012364
32	-29	7.277328	98.024830
32	-28	7.563611	98.037295
32	-27	7.839848	98.049761
32	-26	8.106041	98.062227
32	-25	8.362189	98.074692
32	-24	8.608292	98.087158
32	-23	8.844350	98.099623
32	-22	9.070362	98.112089
32	-21	9.286330	98.124554
32	-20	9.492253	98.137020
32	-19	9.688131	98.149486
32	-18	9.873964	98.161951
32	-17	10.049751	98.174417
32	-16	10.215494	98.186882
32	-15	10.371192	98.199348
32	-14	10.516844	98.211813
32	-13	10.652452	98.224279
32	-12	10.778015	98.236745
32	-11	10.893532	98.249210
32	-10	10.999005	98.261676
32	-9	11.094433	98.274141
32	-8	11.179815	98.286607
32	-7	11.255153	98.299073
32	-6	11.320445	98.311538
32	-5	11.375693	98.324004
32	-4	11.420896	98.336469
32	-3	11.456053	98.348935
32	-2	11.481166	98.361400
32	-1	11.496233	98.373866
32	0	11.501256	98.386332
32	1	11.496233	98.398797
32	2	11.481166	98.411263
32	3	11.456053	98.423728
32	4	11.420896	98.436194
32	5	11.375693	98.448659
32	6	11.320445	98.461125
32	7	11.255153	98.473591
32	8	11.179815	98.486056
32	9	11.094433	98.498522
32	10	10.999005	98.510987
32	11	10.893532	98.523453
32	12	10.778015	98.535919
32	13	10.652452	98.548384
32	14	10.516844	98.560850
32	15	10.371192	98.573315
32	16	10.215494	98.585781
32	17	10.049751	98.598246
32	18	9.873964	98.610712
32	19	9.688131	98.623178
32	20	9.492253	98.635643
32	21	9.286330	98.648109
32	22	9.070362	98.660574
32	23	8.844350	98.673040
32	24	8.608292	98.685506
32	25	8.362189	98.697971
32	26	8.106041	98.710437
32	27	7.839848	98.722902
32	28	7.563611	98.735368
32	29	7.277328	98.747833
32	30	6.981000	98.760299
32	31	6.674627	98.772765
32	32	6.358209	98.785230
34	-34	6.349296	98.792601
34	-33	6.647887	98.799973
34	-32	6.937566	98.807344
34	-31	7.218331	98.814715
34	-30	7.490183	98.822086
34	-29	7.753122	98.829458
34	-28	8.007147	98.836829
34	-27	8.252260	98.844200
34	-26	8.488459	98.851572
34	-25	8.715745	98.858943
34	-24	8.934118	98.866314
34	-23	9.143578	98.873685
34	-22	9.344124	98.881057
34	-21	9.535758	98.888428
34	-20	9.718478	98.895799
34	-19	9.892285	98.903170
34	-18	10.057179	98.910542
34	-17	10.213160	98.917913
34	-16	10.360227	98.925284
34	-15	10.498381	98.932655
34	-14	10.627622	98.940027
34	-13	10.747950	98.947398
34	-12	10.859365	98.954769
34	-11	10.961867	98.962140
34	-10	11.055455	98.969512
34	-9	11.140130	98.976883
34	-8	11.215892	98.984254
34	-7	11.282741	98.991626
34	-6	11.340677	98.998997
34	-5	11.389699	99.006368
34	-4	11.429809	99.013739
34	-3	11.461005	99.021111
34	-2	11.483288	99.028482
34	-1	11.496658	99.035853
34	0	11.501114	99.043224
34	1	11.496658	99.050596
34	2	11.483288	99.057967
34	3	11.461005	99.065338
34	4	11.429809	99.072709
34	5	11.389699	99.080081
34	6	11.340677	99.087452
34	7	11.282741	99.094823
34	8	11.215892	99.102194
34	9	11.140130	99.109566
34	10	11.055455	99.116937
34	11	10.961867	99.124308
34	12	10.859365	99.131680
34	13	10.747950	99.139051
34	14	10.627622	99.146422
34	15	10.498381	99.153793
34	16	10.360227	99.161165
34	17	10.213160	99.168536
34	18	10.057179	99.175907
34	19	9.892285	99.183278
34	20	9.718478	99.190650
34	21	9.535758	99.198021
34	22	9.344124	99.205392
34	23	9.143578	99.212763
34	24	8.934118	99.220135
34	25	8.715745	99.227506
34	26	8.488459	99.234877
34	27	8.252260	99.242248
34	28	8.007147	99.249620
34	29	7.753122	99.256991
34	30	7.490183	99.264362
34	31	7.218331	99.271734
34	32	6.937566	99.279105
34	33	6.647887	99.286476
34	34	6.349296	99.293847
36	-36	6.341333	99.298072
36	-35	6.624000	99.302296
36	-34	6.898704	99.306520
36	-33	7.165446	99.310744
36	-32	7.424225	99.314969
36	-31	7.675042	99.319193
36	-30	7.917897	99.323417
36	-29	8.152789	99.327641
36	-28	8.379718	99.331866
36	-27	8.598685	99.336090
36	-26	8.809690	99.340314
36	-25	9.012732	99.344538
36	-24	9.207812	99.348763
36	-23	9.394930	99.352987
36	-22	9.574085	99.357211
36	-21	9.745277	99.361435
36	-20	9.908507	99.365660
36	-19	10.063775	99.369884
36	-18	10.211080	99.374108
36	-17	10.350423	99.378332
36	-16	10.481803	99.382557
36	-15	10.605221	99.386781
36	-14	10.720676	99.391005
36	-13	10.828169	99.395229
36	-12	10.927700	99.399453
36	-11	11.019268	99.403678
36	-10	11.102873	99.407902
36	-9	11.178516	99.412126
36	-8	11.246197	99.416350
36	-7	11.305915	99.420575
36	-6	11.357671	99.424799
36	-5	11.401465	99.429023
36	-4	11.437296	99.433247
36	-3	11.465164	99.437472
36	-2	11.485070	99.441696
36	-1	11.497014	99.445920
36	0	11.500995	99.450144
36	1	11.497014	99.454369
36	2	11.485070	99.458593
36	3	11.465164	99.462817
36	4	11.437296	99.467041
36	5	11.401465	99.471266
36	6	11.357671	99.475490
36	7	11.305915	99.479714
36	8	11.246197	99.483938
36	9	11.178516	99.488163
36	10	11.102873	99.492387
36	11	11.019268	99.496611
36	12	10.927700	99.500835
36	13	10.828169	99.505060
36	14	10.720676	99.509284
36	15	10.605221	99.513508
36	16	10.481803	99.517732
36	17	10.350423	99.521957
36	18	10.211080	99.526181
36	19	10.063775	99.530405
36	20	9.908507	99.534629
36	21	9.745277	99.538854
36	22	9.574085	99.543078
36	23	9.394930	99.547302
36	24	9.207812	99.551526
36	25	9.012732	99.555751
36	26	8.809690	99.559975
36	27	8.598685	99.564199
36	28	8.379718	99.568423
36	29	8.152789	99.572648
36	30	7.917897	99.576872
36	31	7.675042	99.581096
36	32	7.424225	99.585320
36	33	7.165446	99.589545
36	34	6.898704	99.593769
36	35	6.624000	99.597993
36	36	6.341333	99.602217
38	-38	6.334177	99.604563
38	-37	6.602532	99.606909
38	-36	6.863730	99.609255
38	-35	7.117772	99.611601
38	-34	7.364658	99.613947
38	-33	7.604388	99.616294
38	-32	7.836962	99.618640
38	-31	8.062380	99.620986
38	-30	8.280641	99.623332
38	-29	8.491747	99.625678
38	-28	8.695696	99.628024
38	-27	8.892489	99.630370
38	-26	9.082127	99.632716
38	-25	9.264608	99.635062
38	-24	9.439932	99.637408
38	-23	9.608101	99.639754
38	-22	9.769114	99.642100
38	-21	9.922970	99.644446
38	-20	10.069671	99.646792
38	-19	10.209215	99.649138
38	-18	10.341603	99.651484
38	-17	10.466835	99.653830
38	-16	10.584911	99.656176
38	-15	10.695831	99.658522
38	-14	10.799595	99.660868
38	-13	10.896203	99.663214
38	-12	10.985654	99.665560
38	-11	11.067949	99.667906
38	-10	11.143089	99.670252
38	-9	11.211072	99.672598
38	-8	11.271899	99.674944
38	-7	11.325570	99.677290
38	-6	11.372084	99.679636
38	-5	11.411443	99.681982
38	-4	11.443646	99.684329
38	-3	11.468692	99.686675
38	-2	11.486582	99.689021
38	-1	11.497316	99.691367
38	0	11.500895	99.693713
38	1	11.497316	99.696059
38	2	11.486582	99.698405
38	3	11.468692	99.700751
38	4	11.443646	99.703097
38	5	11.411443	99.705443
38	6	11.372084	99.707789
38	7	11.325570	99.710135
38	8	11.271899	99.712481
38	9	11.211072	99.714827
38	10	11.143089	99.717173
38	11	11.067949	99.719519
38	12	10.985654	99.721865
38	13	10.896203	99.724211
38	14	10.799595	99.726557
38	15	10.695831	99.728903
38	16	10.584911	99.731249
38	17	10.466835	99.733595
38	18	10.341603	99.735941
38	19	10.209215	99.738287
38	20	10.069671	99.740633
38	21	9.922970	99.742979
38	22	9.769114	99.745325
38	23	9.608101	99.747671
38	24	9.439932	99.750017
38	25	9.264608	99.752364
38	26	9.082127	99.754710
38	27	8.892489	99.757056
38	28	8.695696	99.759402
38	29	8.491747	99.761748
38	30	8.280641	99.764094
38	31	8.062380	99.766440
38	32	7.836962	99.768786
38	33	7.604388	99.771132
38	34	7.364658	99.773478
38	35	7.117772	99.775824
38	36	6.863730	99.778170
38	37	6.602532	99.780516
38	38	6.334177	99.782862
40	-40	6.327711	99.784125
40	-39	6.583133	99.785387
40	-38	6.832088	99.786650
40	-37	7.074577	99.787913
40	-36	7.310599	99.789175
40	-35	7.540156	99.790438
40	-34	7.763245	99.791701
40	-33	7.979869	99.792964
40	-32	8.190026	99.794226
40	-31	8.393717	99.795489
40	-30	8.590941	99.796752
40	-29	8.781699	99.798014
40	-28	8.965991	99.799277
40	-27	9.143816	99.800540
40	-26	9.315175	99.801802
40	-25	9.480067	99.803065
40	-24	9.638493	99.804328
40	-23	9.790453	99.805590
40	-22	9.935946	99.806853
40	-21	10.074973	99.808116
40	-20	10.207534	99.809378
40	-19	10.333628	99.810641
40	-18	10.453256	99.811904
40	-17	10.566418	99.813167
40	-16	10.673113	99.814429
40	-15	10.773341	99.815692
40	-14	10.867104	99.816955
40	-13	10.954400	99.818217
40	-12	11.035230	99.819480
40	-11	11.109593	99.820743
40	-10	11.177490	99.822005
40	-9	11.238920	99.823268
40	-8	11.293884	99.824531
40	-7	11.342382	99.825793
40	-6	11.384414	99.827056
40	-5	11.419979	99.828319
40	-4	11.449077	99.829582
40	-3	11.471710	99.830844
40	-2	11.487876	99.832107
40	-1	11.497575	99.833370
40	0	11.500808	99.834632
40	1	11.497575	99.835895
40	2	11.487876	99.837158
40	3	11.471710	99.838420
40	4	11.449077	99.839683
40	5	11.419979	99.840946
40	6	11.384414	99.842208
40	7	11.342382	99.843471
40	8	11.293884	99.844734
40	9	11.238920	99.845997
40	10	11.177490	99.847259
40	11	11.109593	99.848522
40	12	11.035230	99.849785
40	13	10.954400	99.851047
40	14	10.867104	99.852310
40	15	10.773341	99.853573
40	16	10.673113	99.854835
40	17	10.566418	99.856098
40	18	10.453256	99.857361
40	19	10.333628	99.858623
40	20	10.207534	99.859886
40	21	10.074973	99.861149
40	22	9.935946	99.862412
40	23	9.790453	99.863674
40	24	9.638493	99.864937
40	25	9.480067	99.866200
40	26	9.315175	99.867462
40	27	9.143816	99.868725
40	28	8.965991	99.869988
40	29	8.781699	99.871250
40	30	8.590941	99.872513
40	31	8.393717	99.873776
40	32	8.190026	99.875038
40	33	7.979869	99.876301
40	34	7.763245	99.877564
40	35	7.540156	99.878827
40	36	7.310599	99.880089
40	37	7.074577	99.881352
40	38	6.832088	99.882615
40	39	6.583133	99.883877
40	40	6.327711	99.885140
42	-42	6.321839	99.885799
42	-41	6.565517	99.886457
42	-40	6.803324	99.887116
42	-39	7.035258	99.887775
42	-38	7.261321	99.888433
42	-37	7.481512	99.889092
42	-36	7.695832	99.889750
42	-35	7.904279	99.890409
42	-34	8.106855	99.891068
42	-33	8.303559	99.891726
42	-32	8.494391	99.892385
42	-31	8.679352	99.893044
42	-30	8.858441	99.893702
42	-29	9.031658	99.894361
42	-28	9.199003	99.895019
42	-27	9.360476	99.895678
42	-26	9.516078	99.896337
42	-25	9.665808	99.896995
42	-24	9.809666	99.897654
42	-23	9.947653	99.898313
42	-22	10.079767	99.898971
42	-21	10.206010	99.899630
42	-20	10.326381	99.900288
42	-19	10.440881	99.900947
42	-18	10.549508	99.901606
42	-17	10.652264	99.902264
42	-16	10.749148	99.902923
42	-15	10.840161	99.903582
42	-14	10.925301	99.904240
42	-13	11.004570	99.904899
42	-12	11.077967	99.905557
42	-11	11.145492	99.906216
42	-10	11.207146	99.906875
42	-9	11.262928	99.907533
42	-8	11.312838	99.908192
42	-7	11.356876	99.908851
42	-6	11.395042	99.909509
42	-5	11.427337	99.910168
42	-4	11.453760	99.910826
42	-3	11.474311	99.911485
42	-2	11.488990	99.912144
42	-1	11.497798	99.912802
42	0	11.500734	99.913461
42	1	11.497798	99.914120
42	2	11.488990	99.914778
42	3	11.474311	99.915437
42	4	11.453760	99.916095
42	5	11.427337	99.916754
42	6	11.395042	99.917413
42	7	11.356876	99.918071
42	8	11.312838	99.918730
42	9	11.262928	99.919389
42	10	11.207146	99.920047
42	11	11.145492	99.920706
42	12	11.077967	99.921364
42	13	11.004570	99.922023
42	14	10.925301	99.922682
42	15	10.840161	99.923340
42	16	10.749148	99.923999
42	17	10.652264	99.924658
42	18	10.549508	99.925316
42	19	10.440881	99.925975
42	20	10.326381	99.926633
42	21	10.206010	99.927292
42	22	10.079767	99.927951
42	23	9.947653	99.928609
42	24	9.809666	99.929268
42	25	9.665808	99.929927
42	26	9.516078	99.930585
42	27	9.360476	99.931244
42	28	9.199003	99.931902
42	29	9.031658	99.932561
42	30	8.858441	99.933220
42	31	8.679352	99.933878
42	32	8.494391	99.934537
42	33	8.303559	99.935196
42	34	8.106855	99.935854
42	35	7.904279	99.936513
42	36	7.695832	99.937171
42	37	7.481512	99.937830
42	38	7.261321	99.938489
42	39	7.035258	99.939147
42	40	6.803324	99.939806
42	41	6.565517	99.940465
42	42	6.321839	99.941123
44	-44	6.316484	99.941456
44	-43	6.549451	99.941789
44	-42	6.777062	99.942122
44	-41	6.999318	99.942455
44	-40	7.216218	99.942788
44	-39	7.427763	99.943121
44	-38	7.633952	99.943454
44	-37	7.834786	99.943787
44	-36	8.030264	99.944120
44	-35	8.220387	99.944453
44	-34	8.405153	99.944785
44	-33	8.584565	99.945118
44	-32	8.758621	99.945451
44	-31	8.927321	99.945784
44	-30	9.090666	99.946117
44	-29	9.248655	99.946450
44	-28	9.401288	99.946783
44	-27	9.548566	99.947116
44	-26	9.690489	99.947449
44	-25	9.827056	99.947782
44	-24	9.958267	99.948115
44	-23	10.084123	99.948448
44	-22	10.204623	99.948781
44	-21	10.319768	99.949114
44	-20	10.429557	99.949447
44	-19	10.533990	99.949779
44	-18	10.633068	99.950112
44	-17	10.726790	99.950445
44	-16	10.815157	99.950778
44	-15	10.898168	99.951111
44	-14	10.975824	99.951444
44	-13	11.048124	99.951777
44	-12	11.115069	99.952110
44	-11	11.176658	99.952443
44	-10	11.232891	99.952776
44	-9	11.283769	99.953109
44	-8	11.329291	99.953442
44	-7	11.369458	99.953775
44	-6	11.404269	99.954108
44	-5	11.433725	99.954440
44	-4	11.457825	99.954773
44	-3	11.476569	99.955106
44	-2	11.489958	99.955439
44	-1	11.497992	99.955772
44	0	11.500669	99.956105
44	1	11.497992	99.956438
44	2	11.489958	99.956771
44	3	11.476569	99.957104
44	4	11.457825	99.957437
44	5	11.433725	99.957770
44	6	11.404269	99.958103
44	7	11.369458	99.958436
44	8	11.329291	99.958769
44	9	11.283769	99.959102
44	10	11.232891	99.959434
44	11	11.176658	99.959767
44	12	11.115069	99.960100
44	13	11.048124	99.960433
44	14	10.975824	99.960766
44	15	10.898168	99.961099
44	16	10.815157	99.961432
44	17	10.726790	99.961765
44	18	10.633068	99.962098
44	19	10.533990	99.962431
44	20	10.429557	99.962764
44	21	10.319768	99.963097
44	22	10.204623	99.963430
44	23	10.084123	99.963763
44	24	9.958267	99.964096
44	25	9.827056	99.964428
44	26	9.690489	99.964761
44	27	9.548566	99.965094
44	28	9.401288	99.965427
44	29	9.248655	99.965760
44	30	9.090666	99.966093
44	31	8.927321	99.966426
44	32	8.758621	99.966759
44	33	8.584565	99.967092
44	34	8.405153	99.967425
44	35	8.220387	99.967758
44	36	8.030264	99.968091
44	37	7.834786	99.968424
44	38	7.633952	99.968757
44	39	7.427763	99.969090
44	40	7.216218	99.969422
44	41	6.999318	99.969755
44	42	6.777062	99.970088
44	43	6.549451	99.970421
44	44	6.316484	99.970754
46	-46	6.311579	99.970917
46	-45	6.534737	99.971080
46	-44	6.752990	99.971244
46	-43	6.966339	99.971407
46	-42	7.174783	99.971570
46	-41	7.378323	99.971733
46	-40	7.576958	99.971896
46	-39	7.770688	99.972059
46	-38	7.959514	99.972222
46	-37	8.143436	99.972385
46	-36	8.322452	99.972548
46	-35	8.496564	99.972711
46	-34	8.665772	99.972875
46	-33	8.830075	99.973038
46	-32	8.989474	99.973201
46	-31	9.143968	99.973364
46	-30	9.293557	99.973527
46	-29	9.438242	99.973690
46	-28	9.578022	99.973853
46	-27	9.712898	99.974016
46	-26	9.842869	99.974179
46	-25	9.967935	99.974342
46	-24	10.088097	99.974506
46	-23	10.203355	99.974669
46	-22	10.313707	99.974832
46	-21	10.419156	99.974995
46	-20	10.519699	99.975158
46	-19	10.615338	99.975321
46	-18	10.706073	99.975484
46	-17	10.791903	99.975647
46	-16	10.872828	99.975810
46	-15	10.948849	99.975973
46	-14	11.019965	99.976137
46	-13	11.086177	99.976300
46	-12	11.147484	99.976463
46	-11	11.203887	99.976626
46	-10	11.255385	99.976789
46	-9	11.301978	99.976952
46	-8	11.343667	99.977115
46	-7	11.380451	99.977278
46	-6	11.412331	99.977441
46	-5	11.439306	99.977604
46	-4	11.461377	99.977768
46	-3	11.478543	99.977931
46	-2	11.490804	99.978094
46	-1	11.498161	99.978257
46	0	11.500613	99.978420
46	1	11.498161	99.978583
46	2	11.490804	99.978746
46	3	11.478543	99.978909
46	4	11.461377	99.979072
46	5	11.439306	99.979235
46	6	11.412331	99.979399
46	7	11.380451	99.979562
46	8	11.343667	99.979725
46	9	11.301978	99.979888
46	10	11.255385	99.980051
46	11	11.203887	99.980214
46	12	11.147484	99.980377
46	13	11.086177	99.980540
46	14	11.019965	99.980703
46	15	10.948849	99.980866
46	16	10.872828	99.981030
46	17	10.791903	99.981193
46	18	10.706073	99.981356
46	19	10.615338	99.981519
46	20	10.519699	99.981682
46	21	10.419156	99.981845
46	22	10.313707	99.982008
46	23	10.203355	99.982171
46	24	10.088097	99.982334
46	25	9.967935	99.982497
46	26	9.842869	99.982661
46	27	9.712898	99.982824
46	28	9.578022	99.982987
46	29	9.438242	99.983150
46	30	9.293557	99.983313
46	31	9.143968	99.983476
46	32	8.989474	99.983639
46	33	8.830075	99.983802
46	34	8.665772	99.983965
46	35	8.496564	99.984128
46	36	8.322452	99.984292
46	37	8.143436	99.984455
46	38	7.959514	99.984618
46	39	7.770688	99.984781
46	40	7.576958	99.984944
46	41	7.378323	99.985107
46	42	7.174783	99.985270
46	43	6.966339	99.985433
46	44	6.752990	99.985596
46	45	6.534737	99.985759
46	46	6.311579	99.985923
48	-48	6.307071	99.986000
48	-47	6.521212	99.986077
48	-46	6.730845	99.986155
48	-45	6.935970	99.986232
48	-44	7.136587	99.986310
48	-43	7.332695	99.986387
48	-42	7.524296	99.986465
48	-41	7.711388	99.986542
48	-40	7.893971	99.986619
48	-39	8.072047	99.986697
48	-38	8.245614	99.986774
48	-37	8.414673	99.986852
48	-36	8.579224	99.986929
48	-35	8.739266	99.987007
48	-34	8.894801	99.987084
48	-33	9.045827	99.987161
48	-32	9.192344	99.987239
48	-31	9.334354	99.987316
48	-30	9.471855	99.987394
48	-29	9.604848	99.987471
48	-28	9.733333	99.987549
48	-27	9.857310	99.987626
48	-26	9.976778	99.987703
48	-25	10.091738	99.987781
48	-24	10.202190	99.987858
48	-23	10.308134	99.987936
48	-22	10.409569	99.988013
48	-21	10.506497	99.988091
48	-20	10.598915	99.988168
48	-19	10.686826	99.988246
48	-18	10.770229	99.988323
48	-17	10.849123	99.988400
48	-16	10.923509	99.988478
48	-15	10.993386	99.988555
48	-14	11.058756	99.988633
48	-13	11.119617	99.988710
48	-12	11.175970	99.988788
48	-11	11.227815	99.988865
48	-10	11.275152	99.988942
48	-9	11.317980	99.989020
48	-8	11.356300	99.989097
48	-7	11.390112	99.989175
48	-6	11.419415	99.989252
48	-5	11.444211	99.989330
48	-4	11.464498	99.989407
48	-3	11.480276	99.989484
48	-2	11.491547	99.989562
48	-1	11.498309	99.989639
48	0	11.500564	99.989717
48	1	11.498309	99.989794
48	2	11.491547	99.989872
48	3	11.480276	99.989949
48	4	11.464498	99.990026
48	5	11.444211	99.990104
48	6	11.419415	99.990181
48	7	11.390112	99.990259
48	8	11.356300	99.990336
48	9	11.317980	99.990414
48	10	11.275152	99.990491
48	11	11.227815	99.990569
48	12	11.175970	99.990646
48	13	11.119617	99.990723
48	14	11.058756	99.990801
48	15	10.993386	99.990878
48	16	10.923509	99.990956
48	17	10.849123	99.991033
48	18	10.770229	99.991111
48	19	10.686826	99.991188
48	20	10.598915	99.991265
48	21	10.506497	99.991343
48	22	10.409569	99.991420
48	23	10.308134	99.991498
48	24	10.202190	99.991575
48	25	10.091738	99.991653
48	26	9.976778	99.991730
48	27	9.857310	99.991807
48	28	9.733333	99.991885
48	29	9.604848	99.991962
48	30	9.471855	99.992040
48	31	9.334354	99.992117
48	32	9.192344	99.992195
48	33	9.045827	99.992272
48	34	8.894801	99.992349
48	35	8.739266	99.992427
48	36	8.579224	99.992504
48	37	8.414673	99.992582
48	38	8.245614	99.992659
48	39	8.072047	99.992737
48	40	7.893971	99.992814
48	41	7.711388	99.992892
48	42	7.524296	99.992969
48	43	7.332695	99.993046
48	44	7.136587	99.993124
48	45	6.935970	99.993201
48	46	6.730845	99.993279
48	47	6.521212	99.993356
48	48	6.307071	99.993434
50	-50	6.302913	99.993469
50	-49	6.508738	99.993505
50	-48	6.710405	99.993540
50	-47	6.907914	99.993576
50	-46	7.101265	99.993612
50	-45	7.290458	99.993647
50	-44	7.475493	99.993683
50	-43	7.656370	99.993719
50	-42	7.833088	99.993754
50	-41	8.005649	99.993790
50	-40	8.174051	99.993825
50	-39	8.338296	99.993861
50	-38	8.498382	99.993897
50	-37	8.654310	99.993932
50	-36	8.806080	99.993968
50	-35	8.953692	99.994004
50	-34	9.097146	99.994039
50	-33	9.236442	99.994075
50	-32	9.371580	99.994110
50	-31	9.502560	99.994146
50	-30	9.629381	99.994182
50	-29	9.752045	99.994217
50	-28	9.870550	99.994253
50	-27	9.984898	99.994289
50	-26	10.095087	99.994324
50	-25	10.201118	99.994360
50	-24	10.302991	99.994395
50	-23	10.400706	99.994431
50	-22	10.494263	99.994467
50	-21	10.583662	99.994502
50	-20	10.668903	99.994538
50	-19	10.749985	99.994574
50	-18	10.826910	99.994609
50	-17	10.899676	99.994645
50	-16	10.968285	99.994681
50	-15	11.032735	99.994716
50	-14	11.093027	99.994752
50	-13	11.149162	99.994787
50	-12	11.201138	99.994823
50	-11	11.248956	99.994859
50	-10	11.292615	99.994894
50	-9	11.332117	99.994930
50	-8	11.367461	99.994966
50	-7	11.398647	99.995001
50	-6	11.425674	99.995037
50	-5	11.448544	99.995072
50	-4	11.467255	99.995108
50	-3	11.481808	99.995144
50	-2	11.492204	99.995179
50	-1	11.498441	99.995215
50	0	11.500520	99.995251
50	1	11.498441	99.995286
50	2	11.492204	99.995322
50	3	11.481808	99.995357
50	4	11.467255	99.995393
50	5	11.448544	99.995429
50	6	11.425674	99.995464
50	7	11.398647	99.995500
50	8	11.367461	99.995536
50	9	11.332117	99.995571
50	10	11.292615	99.995607
50	11	11.248956	99.995642
50	12	11.201138	99.995678
50	13	11.149162	99.995714
50	14	11.093027	99.995749
50	15	11.032735	99.995785
50	16	10.968285	99.995821
50	17	10.899676	99.995856
50	18	10.826910	99.995892
50	19	10.749985	99.995927
50	20	10.668903	99.995963
50	21	10.583662	99.995999
50	22	10.494263	99.996034
50	23	10.400706	99.996070
50	24	10.302991	99.996106
50	25	10.201118	99.996141
50	26	10.095087	99.996177
50	27	9.984898	99.996212
50	28	9.870550	99.996248
50	29	9.752045	99.996284
50	30	9.629381	99.996319
50	31	9.502560	99.996355
50	32	9.371580	99.996391
50	33	9.236442	99.996426
50	34	9.097146	99.996462
50	35	8.953692	99.996498
50	36	8.806080	99.996533
50	37	8.654310	99.996569
50	38	8.498382	99.996604
50	39	8.338296	99.996640
50	40	8.174051	99.996676
50	41	8.005649	99.996711
50	42	7.833088	99.996747
50	43	7.656370	99.996783
50	44	7.475493	99.996818
50	45	7.290458	99.996854
50	46	7.101265	99.996889
50	47	6.907914	99.996925
50	48	6.710405	99.996961
50	49	6.508738	99.996996
50	50	6.302913	99.997032
52	-52	6.299065	99.997048
52	-51	6.497196	99.997064
52	-50	6.691480	99.997080
52	-49	6.881916	99.997095
52	-48	7.068506	99.997111
52	-47	7.251248	99.997127
52	-46	7.430142	99.997143
52	-45	7.605190	99.997159
52	-44	7.776391	99.997175
52	-43	7.943744	99.997191
52	-42	8.107250	99.997207
52	-41	8.266909	99.997223
52	-40	8.422720	99.997238
52	-39	8.574685	99.997254
52	-38	8.722802	99.997270
52	-37	8.867072	99.997286
52	-36	9.007495	99.997302
52	-35	9.144070	99.997318
52	-34	9.276799	99.997334
52	-33	9.405680	99.997350
52	-32	9.530714	99.997366
52	-31	9.651901	99.997381
52	-30	9.769241	99.997397
52	-29	9.882733	99.997413
52	-28	9.992378	99.997429
52	-27	10.098176	99.997445
52	-26	10.200127	99.997461
52	-25	10.298231	99.997477
52	-24	10.392487	99.997493
52	-23	10.482896	99.997508
52	-22	10.569458	99.997524
52	-21	10.652173	99.997540
52	-20	10.731041	99.997556
52	-19	10.806061	99.997572
52	-18	10.877234	99.997588
52	-17	10.944560	99.997604
52	-16	11.008039	99.997620
52	-15	11.067671	99.997636
52	-14	11.123455	99.997651
52	-13	11.175392	99.997667
52	-12	11.223482	99.997683
52	-11	11.267725	99.997699
52	-10	11.308121	99.997715
52	-9	11.344669	99.997731
52	-8	11.377370	99.997747
52	-7	11.406224	99.997763
52	-6	11.431231	99.997779
52	-5	11.452391	99.997794
52	-4	11.469703	99.997810
52	-3	11.483168	99.997826
52	-2	11.492786	99.997842
52	-1	11.498557	99.997858
52	0	11.500481	99.997874
52	1	11.498557	99.997890
52	2	11.492786	99.997906
52	3	11.483168	99.997922
52	4	11.469703	99.997937
52	5	11.452391	99.997953
52	6	11.431231	99.997969
52	7	11.406224	99.997985
52	8	11.377370	99.998001
52	9	11.344669	99.998017
52	10	11.308121	99.998033
52	11	11.267725	99.998049
52	12	11.223482	99.998064
52	13	11.175392	99.998080
52	14	11.123455	99.998096
52	15	11.067671	99.998112
52	16	11.008039	99.998128
52	17	10.944560	99.998144
52	18	10.877234	99.998160
52	19	10.806061	99.998176
52	20	10.731041	99.998192
52	21	10.652173	99.998207
52	22	10.569458	99.998223
52	23	10.482896	99.998239
52	24	10.392487	99.998255
52	25	10.298231	99.998271
52	26	10.200127	99.998287
52	27	10.098176	99.998303
52	28	9.992378	99.998319
52	29	9.882733	99.998335
52	30	9.769241	99.998350
52	31	9.651901	99.998366
52	32	9.530714	99.998382
52	33	9.405680	99.998398
52	34	9.276799	99.998414
52	35	9.144070	99.998430
52	36	9.007495	99.998446
52	37	8.867072	99.998462
52	38	8.722802	99.998478
52	39	8.574685	99.998493
52	40	8.422720	99.998509
52	41	8.266909	99.998525
52	42	8.107250	99.998541
52	43	7.943744	99.998557
52	44	7.776391	99.998573
52	45	7.605190	99.998589
52	46	7.430142	99.998605
52	47	7.251248	99.998620
52	48	7.068506	99.998636
52	49	6.881916	99.998652
52	50	6.691480	99.998668
52	51	6.497196	99.998684
52	52	6.299065	99.998700
54	-54	6.295495	99.998707
54	-53	6.486486	99.998714
54	-52	6.673908	99.998721
54	-51	6.857759	99.998727
54	-50	7.038040	99.998734
54	-49	7.214751	99.998741
54	-48	7.387893	99.998748
54	-47	7.557464	99.998755
54	-46	7.723466	99.998762
54	-45	7.885897	99.998769
54	-44	8.044759	99.998775
54	-43	8.200051	99.998782
54	-42	8.351772	99.998789
54	-41	8.499924	99.998796
54	-40	8.644506	99.998803
54	-39	8.785518	99.998810
54	-38	8.922960	99.998817
54	-37	9.056833	99.998823
54	-36	9.187135	99.998830
54	-35	9.313867	99.998837
54	-34	9.437030	99.998844
54	-33	9.556622	99.998851
54	-32	9.672645	99.998858
54	-31	9.785097	99.998865
54	-30	9.893980	99.998872
54	-29	9.999293	99.998878
54	-28	10.101036	99.998885
54	-27	10.199209	99.998892
54	-26	10.293812	99.998899
54	-25	10.384845	99.998906
54	-24	10.472308	99.998913
54	-23	10.556201	99.998920
54	-22	10.636524	99.998926
54	-21	10.713278	99.998933
54	-20	10.786461	99.998940
54	-19	10.856075	99.998947
54	-18	10.922118	99.998954
54	-17	10.984592	99.998961
54	-16	11.043496	99.998968
54	-15	11.098830	99.998975
54	-14	11.150594	99.998981
54	-13	11.198788	99.998988
54	-12	11.243412	99.998995
54	-11	11.284466	99.999002
54	-10	11.321950	99.999009
54	-9	11.355864	99.999016
54	-8	11.386209	99.999023
54	-7	11.412983	99.999029
54	-6	11.436188	99.999036
54	-5	11.455822	99.999043
54	-4	11.471887	99.999050
54	-3	11.484382	99.999057
54	-2	11.493306	99.999064
54	-1	11.498661	99.999071
54	0	11.500446	99.999077
54	1	11.498661	99.999084
54	2	11.493306	99.999091
54	3	11.484382	99.999098
54	4	11.471887	99.999105
54	5	11.455822	99.999112
54	6	11.436188	99.999119
54	7	11.412983	99.999126
54	8	11.386209	99.999132
54	9	11.355864	99.999139
54	10	11.321950	99.999146
54	11	11.284466	99.999153
54	12	11.243412	99.999160
54	13	11.198788	99.999167
54	14	11.150594	99.999174
54	15	11.098830	99.999180
54	16	11.043496	99.999187
54	17	10.984592	99.999194
54	18	10.922118	99.999201
54	19	10.856075	99.999208
54	20	10.786461	99.999215
54	21	10.713278	99.999222
54	22	10.636524	99.999229
54	23	10.556201	99.999235
54	24	10.472308	99.999242
54	25	10.384845	99.999249
54	26	10.293812	99.999256
54	27	10.199209	99.999263
54	28	10.101036	99.999270
54	29	9.999293	99.999277
54	30	9.893980	99.999283
54	31	9.785097	99.999290
54	32	9.672645	99.999297
54	33	9.556622	99.999304
54	34	9.437030	99.999311
54	35	9.313867	99.999318
54	36	9.187135	99.999325
54	37	9.056833	99.999331
54	38	8.922960	99.999338
54	39	8.785518	99.999345
54	40	8.644506	99.999352
54	41	8.499924	99.999359
54	42	8.351772	99.999366
54	43	8.200051	99.999373
54	44	8.044759	99.999380
54	45	7.885897	99.999386
54	46	7.723466	99.999393
54	47	7.557464	99.999400
54	48	7.387893	99.999407
54	49	7.214751	99.999414
54	50	7.038040	99.999421
54	51	6.857759	99.999428
54	52	6.673908	99.999434
54	53	6.486486	99.999441
54	54	6.295495	99.999448
56	-56	6.292174	99.999451
56	-55	6.476522	99.999454
56	-54	6.657548	99.999457
56	-53	6.835253	99.999460
56	-52	7.009636	99.999463
56	-51	7.180697	99.999465
56	-50	7.348437	99.999468
56	-49	7.512855	99.999471
56	-48	7.673952	99.999474
56	-47	7.831727	99.999477
56	-46	7.986181	99.999480
56	-45	8.137313	99.999483
56	-44	8.285123	99.999486
56	-43	8.429612	99.999488
56	-42	8.570779	99.999491
56	-41	8.708625	99.999494
56	-40	8.843149	99.999497
56	-39	8.974352	99.999500
56	-38	9.102233	99.999503
56	-37	9.226792	99.999506
56	-36	9.348030	99.999509
56	-35	9.465946	99.999511
56	-34	9.580541	99.999514
56	-33	9.691814	99.999517
56	-32	9.799765	99.999520
56	-31	9.904395	99.999523
56	-30	10.005703	99.999526
56	-29	10.103690	99.999529
56	-28	10.198355	99.999532
56	-27	10.289698	99.999534
56	-26	10.377720	99.999537
56	-25	10.462421	99.999540
56	-24	10.543799	99.999543
56	-23	10.621857	99.999546
56	-22	10.696592	99.999549
56	-21	10.768006	99.999552
56	-20	10.836099	99.999555
56	-19	10.900870	99.999557
56	-18	10.962319	99.999560
56	-17	11.020447	99.999563
56	-16	11.075253	99.999566
56	-15	11.126737	99.999569
56	-14	11.174900	99.999572
56	-13	11.219741	99.999575
56	-12	11.261261	99.999578
56	-11	11.299459	99.999580
56	-10	11.334336	99.999583
56	-9	11.365891	99.999586
56	-8	11.394125	99.999589
56	-7	11.419036	99.999592
56	-6	11.440627	99.999595
56	-5	11.458895	99.999598
56	-4	11.473843	99.999601
56	-3	11.485468	99.999603
56	-2	11.493772	99.999606
56	-1	11.498754	99.999609
56	0	11.500415	99.999612
56	1	11.498754	99.999615
56	2	11.493772	99.999618
56	3	11.485468	99.999621
56	4	11.473843	99.999624
56	5	11.458895	99.999626
56	6	11.440627	99.999629
56	7	11.419036	99.999632
56	8	11.394125	99.999635
56	9	11.365891	99.999638
56	10	11.334336	99.999641
56	11	11.299459	99.999644
56	12	11.261261	99.999647
56	13	11.219741	99.999649
56	14	11.174900	99.999652
56	15	11.126737	99.999655
56	16	11.075253	99.999658
56	17	11.020447	99.999661
56	18	10.962319	99.999664
56	19	10.900870	99.999667
56	20	10.836099	99.999670
56	21	10.768006	99.999672
56	22	10.696592	99.999675
56	23	10.621857	99.999678
56	24	10.543799	99.999681
56	25	10.462421	99.999684
56	26	10.377720	99.999687
56	27	10.289698	99.999690
56	28	10.198355	99.999693
56	29	10.103690	99.999695
56	30	10.005703	99.999698
56	31	9.904395	99.999701
56	32	9.799765	99.999704
56	33	9.691814	99.999707
56	34	9.580541	99.999710
56	35	9.465946	99.999713
56	36	9.348030	99.999716
56	37	9.226792	99.999718
56	38	9.102233	99.999721
56	39	8.974352	99.999724
56	40	8.843149	99.999727
56	41	8.708625	99.999730
56	42	8.570779	99.999733
56	43	8.429612	99.999736
56	44	8.285123	99.999739
56	45	8.137313	99.999741
56	46	7.986181	99.999744
56	47	7.831727	99.999747
56	48	7.673952	99.999750
56	49	7.512855	99.999753
56	50	7.348437	99.999756
56	51	7.180697	99.999759
56	52	7.009636	99.999762
56	53	6.835253	99.999764
56	54	6.657548	99.999767
56	55	6.476522	99.999770
56	56	6.292174	99.999773
58	-58	6.289076	99.999774
58	-57	6.467227	99.999775
58	-56	6.642280	99.999777
58	-55	6.814235	99.999778
58	-54	6.983091	99.999779
58	-53	7.148849	99.999780
58	-52	7.311509	99.999781
58	-51	7.471071	99.999782
58	-50	7.627534	99.999784
58	-49	7.780899	99.999785
58	-48	7.931166	99.999786
58	-47	8.078334	99.999787
58	-46	8.222404	99.999788
58	-45	8.363376	99.999789
58	-44	8.501250	99.999791
58	-43	8.636025	99.999792
58	-42	8.767702	99.999793
58	-41	8.896281	99.999794
58	-40	9.021761	99.999795
58	-39	9.144143	99.999796
58	-38	9.263427	99.999798
58	-37	9.379613	99.999799
58	-36	9.492700	99.999800
58	-35	9.602689	99.999801
58	-34	9.709580	99.999802
58	-33	9.813372	99.999803
58	-32	9.914066	99.999805
58	-31	10.011662	99.999806
58	-30	10.106160	99.999807
58	-29	10.197559	99.999808
58	-28	10.285860	99.999809
58	-27	10.371063	99.999810
58	-26	10.453168	99.999812
58	-25	10.532174	99.999813
58	-24	10.608082	99.999814
58	-23	10.680891	99.999815
58	-22	10.750603	99.999816
58	-21	10.817216	99.999817
58	-20	10.880731	99.999819
58	-19	10.941147	99.999820
58	-18	10.998465	99.999821
58	-17	11.052685	99.999822
58	-16	11.103807	99.999823
58	-15	11.151830	99.999824
58	-14	11.196756	99.999826
58	-13	11.238582	99.999827
58	-12	11.277311	99.999828
58	-11	11.312941	99.999829
58	-10	11.345473	99.999830
58	-9	11.374907	99.999831
58	-8	11.401242	99.999833
58	-7	11.424479	99.999834
58	-6	11.444618	99.999835
58	-5	11.461659	99.999836
58	-4	11.475601	99.999837
58	-3	11.486445	99.999838
58	-2	11.494191	99.999840
58	-1	11.498838	99.999841
58	0	11.500387	99.999842
58	1	11.498838	99.999843
58	2	11.494191	99.999844
58	3	11.486445	99.999845
58	4	11.475601	99.999847
58	5	11.461659	99.999848
58	6	11.444618	99.999849
58	7	11.424479	99.999850
58	8	11.401242	99.999851
58	9	11.374907	99.999852
58	10	11.345473	99.999854
58	11	11.312941	99.999855
58	12	11.277311	99.999856
58	13	11.238582	99.999857
58	14	11.196756	99.999858
58	15	11.151830	99.999859
58	16	11.103807	99.999861
58	17	11.052685	99.999862
58	18	10.998465	99.999863
58	19	10.941147	99.999864
58	20	10.880731	99.999865
58	21	10.817216	99.999866
58	22	10.750603	99.999868
58	23	10.680891	99.999869
58	24	10.608082	99.999870
58	25	10.532174	99.999871
58	26	10.453168	99.999872
58	27	10.371063	99.999873
58	28	10.285860	99.999875
58	29	10.197559	99.999876
58	30	10.106160	99.999877
58	31	10.011662	99.999878
58	32	9.914066	99.999879
58	33	9.813372	99.999880
58	34	9.709580	99.999882
58	35	9.602689	99.999883
58	36	9.492700	99.999884
58	37	9.379613	99.999885
58	38	9.263427	99.999886
58	39	9.144143	99.999887
58	40	9.021761	99.999889
58	41	8.896281	99.999890
58	42	8.767702	99.999891
58	43	8.636025	99.999892
58	44	8.501250	99.999893
58	45	8.363376	99.999894
58	46	8.222404	99.999896
58	47	8.078334	99.999897
58	48	7.931166	99.999898
58	49	7.780899	99.999899
58	50	7.627534	99.999900
58	51	7.471071	99.999901
58	52	7.311509	99.999903
58	53	7.148849	99.999904
58	54	6.983091	99.999905
58	55	6.814235	99.999906
58	56	6.642280	99.999907
58	57	6.467227	99.999908
58	58	6.289076	99.999910
60	-60	6.286179	99.999910
60	-59	6.458537	99.999910
60	-58	6.627998	99.999911
60	-57	6.794562	99.999911
60	-56	6.958229	99.999912
60	-55	7.119000	99.999912
60	-54	7.276874	99.999913
60	-53	7.431851	99.999913
60	-52	7.583931	99.999914
60	-51	7.733115	99.999914
60	-50	7.879402	99.999915
60	-49	8.022792	99.999915
60	-48	8.163285	99.999915
60	-47	8.300881	99.999916
60	-46	8.435581	99.999916
60	-45	8.567384	99.999917
60	-44	8.696290	99.999917
60	-43	8.822300	99.999918
60	-42	8.945412	99.999918
60	-41	9.065628	99.999919
60	-40	9.182947	99.999919
60	-39	9.297370	99.999920
60	-38	9.408895	99.999920
60	-37	9.517524	99.999921
60	-36	9.623256	99.999921
60	-35	9.726091	99.999921
60	-34	9.826030	99.999922
60	-33	9.923072	99.999922
60	-32	10.017217	99.999923
60	-31	10.108465	99.999923
60	-30	10.196816	99.999924
60	-29	10.282271	99.999924
60	-28	10.364829	99.999925
60	-27	10.444490	99.999925
60	-26	10.521254	99.999926
60	-25	10.595122	99.999926
60	-24	10.666093	99.999927
60	-23	10.734167	99.999927
60	-22	10.799344	99.999927
60	-21	10.861625	99.999928
60	-20	10.921008	99.999928
60	-19	10.977495	99.999929
60	-18	11.031086	99.999929
60	-17	11.081779	99.999930
60	-16	11.129576	99.999930
60	-15	11.174476	99.999931
60	-14	11.216479	99.999931
60	-13	11.255585	99.999932
60	-12	11.291795	99.999932
60	-11	11.325108	99.999932
60	-10	11.355524	99.999933
60	-9	11.383043	99.999933
60	-8	11.407666	99.999934
60	-7	11.429391	99.999934
60	-6	11.448220	99.999935
60	-5	11.464152	99.999935
60	-4	11.477188	99.999936
60	-3	11.487327	99.999936
60	-2	11.494569	99.999937
60	-1	11.498914	99.999937
60	0	11.500362	99.999938
60	1	11.498914	99.999938
60	2	11.494569	99.999938
60	3	11.487327	99.999939
60	4	11.477188	99.999939
60	5	11.464152	99.999940
60	6	11.448220	99.999940
60	7	11.429391	99.999941
60	8	11.407666	99.999941
60	9	11.383043	99.999942
60	10	11.355524	99.999942
60	11	11.325108	99.999943
60	12	11.291795	99.999943
60	13	11.255585	99.999943
60	14	11.216479	99.999944
60	15	11.174476	99.999944
60	16	11.129576	99.999945
60	17	11.081779	99.999945
60	18	11.031086	99.999946
60	19	10.977495	99.999946
60	20	10.921008	99.999947
60	21	10.861625	99.999947
60	22	10.799344	99.999948
60	23	10.734167	99.999948
60	24	10.666093	99.999949
60	25	10.595122	99.999949
60	26	10.521254	99.999949
60	27	10.444490	99.999950
60	28	10.364829	99.999950
60	29	10.282271	99.999951
60	30	10.196816	99.999951
60	31	10.108465	99.999952
60	32	10.017217	99.999952
60	33	9.923072	99.999953
60	34	9.826030	99.999953
60	35	9.726091	99.999954
60	36	9.623256	99.999954
60	37	9.517524	99.999955
60	38	9.408895	99.999955
60	39	9.297370	99.999955
60	40	9.182947	99.999956
60	41	9.065628	99.999956
60	42	8.945412	99.999957
60	43	8.822300	99.999957
60	44	8.696290	99.999958
60	45	8.567384	99.999958
60	46	8.435581	99.999959
60	47	8.300881	99.999959
60	48	8.163285	99.999960
60	49	8.022792	99.999960
60	50	7.879402	99.999960
60	51	7.733115	99.999961
60	52	7.583931	99.999961
60	53	7.431851	99.999962
60	54	7.276874	99.999962
60	55	7.119000	99.999963
60	56	6.958229	99.999963
60	57	6.794562	99.999964
60	58	6.627998	99.999964
60	59	6.458537	99.999965
60	60	6.286179	99.999965
62	-62	6.283465	99.999965
62	-61	6.450394	99.999965
62	-60	6.614609	99.999966
62	-59	6.776109	99.999966
62	-58	6.934895	99.999966
62	-57	7.090967	99.999966
62	-56	7.244325	99.999966
62	-55	7.394968	99.999966
62	-54	7.542897	99.999967
62	-53	7.688112	99.999967
62	-52	7.830613	99.999967
62	-51	7.970399	99.999967
62	-50	8.107471	99.999967
62	-49	8.241828	99.999968
62	-48	8.373472	99.999968
62	-47	8.502401	99.999968
62	-46	8.628615	99.999968
62	-45	8.752116	99.999968
62	-44	8.872902	99.999968
62	-43	8.990974	99.999969
62	-42	9.106331	99.999969
62	-41	9.218974	99.999969
62	-40	9.328903	99.999969
62	-39	9.436118	99.999969
62	-38	9.540618	99.999969
62	-37	9.642404	99.999970
62	-36	9.741476	99.999970
62	-35	9.837834	99.999970
62	-34	9.931477	99.999970
62	-33	10.022406	99.999970
62	-32	10.110620	99.999970
62	-31	10.196121	99.999971
62	-30	10.278907	99.999971
62	-29	10.358978	99.999971
62	-28	10.436336	99.999971
62	-27	10.510979	99.999971
62	-26	10.582908	99.999972
62	-25	10.652122	99.999972
62	-24	10.718622	99.999972
62	-23	10.782408	99.999972
62	-22	10.843480	99.999972
62	-21	10.901837	99.999972
62	-20	10.957480	99.999973
62	-19	11.010409	99.999973
62	-18	11.060624	99.999973
62	-17	11.108124	99.999973
62	-16	11.152910	99.999973
62	-15	11.194981	99.999973
62	-14	11.234338	99.999974
62	-13	11.270981	99.999974
62	-12	11.304910	99.999974
62	-11	11.336124	99.999974
62	-10	11.364625	99.999974
62	-9	11.390410	99.999975
62	-8	11.413482	99.999975
62	-7	11.433839	99.999975
62	-6	11.451482	99.999975
62	-5	11.466411	99.999975
62	-4	11.478625	99.999975
62	-3	11.488125	99.999976
62	-2	11.494911	99.999976
62	-1	11.498982	99.999976
62	0	11.500339	99.999976
62	1	11.498982	99.999976
62	2	11.494911	99.999976
62	3	11.488125	99.999977
62	4	11.478625	99.999977
62	5	11.466411	99.999977
62	6	11.451482	99.999977
62	7	11.433839	99.999977
62	8	11.413482	99.999977
62	9	11.390410	99.999978
62	10	11.364625	99.999978
62	11	11.336124	99.999978
62	12	11.304910	99.999978
62	13	11.270981	99.999978
62	14	11.234338	99.999979
62	15	11.194981	99.999979
62	16	11.152910	99.999979
62	17	11.108124	99.999979
62	18	11.060624	99.999979
62	19	11.010409	99.999979
62	20	10.957480	99.999980
62	21	10.901837	99.999980
62	22	10.843480	99.999980
62	23	10.782408	99.999980
62	24	10.718622	99.999980
62	25	10.652122	99.999980
62	26	10.582908	99.999981
62	27	10.510979	99.999981
62	28	10.436336	99.999981
62	29	10.358978	99.999981
62	30	10.278907	99.999981
62	31	10.196121	99.999981
62	32	10.110620	99.999982
62	33	10.022406	99.999982
62	34	9.931477	99.999982
62	35	9.837834	99.999982
62	36	9.741476	99.999982
62	37	9.642404	99.999983
62	38	9.540618	99.999983
62	39	9.436118	99.999983
62	40	9.328903	99.999983
62	41	9.218974	99.999983
62	42	9.106331	99.999983
62	43	8.990974	99.999984
62	44	8.872902	99.999984
62	45	8.752116	99.999984
62	46	8.628615	99.999984
62	47	8.502401	99.999984
62	48	8.373472	99.999984
62	49	8.241828	99.999985
62	50	8.107471	99.999985
62	51	7.970399	99.999985
62	52	7.830613	99.999985
62	53	7.688112	99.999985
62	54	7.542897	99.999986
62	55	7.394968	99.999986
62	56	7.244325	99.999986
62	57	7.090967	99.999986
62	58	6.934895	99.999986
62	59	6.776109	99.999986
62	60	6.614609	99.999987
62	61	6.450394	99.999987
62	62	6.283465	99.999987
64	-64	6.280916	99.999987
64	-63	6.442748	99.999987
64	-62	6.602032	99.999987
64	-61	6.758767	99.999987
64	-60	6.912953	99.999987
64	-59	7.064591	99.999987
64	-58	7.213680	99.999987
64	-57	7.360221	99.999987
64	-56	7.504214	99.999988
64	-55	7.645657	99.999988
64	-54	7.784553	99.999988
64	-53	7.920899	99.999988
64	-52	8.054697	99.999988
64	-51	8.185947	99.999988
64	-50	8.314648	99.999988
64	-49	8.440801	99.999988
64	-48	8.564405	99.999988
64	-47	8.685460	99.999988
64	-46	8.803967	99.999988
64	-45	8.919925	99.999988
64	-44	9.033335	99.999988
64	-43	9.144197	99.999988
64	-42	9.252509	99.999988
64	-41	9.358274	99.999988
64	-40	9.461489	99.999989
64	-39	9.562157	99.999989
64	-38	9.660275	99.999989
64	-37	9.755845	99.999989
64	-36	9.848867	99.999989
64	-35	9.939340	99.999989
64	-34	10.027265	99.999989
64	-33	10.112641	99.999989
64	-32	10.195468	99.999989
64	-31	10.275747	99.999989
64	-30	10.353477	99.999989
64	-29	10.428659	99.999989
64	-28	10.501292	99.999989
64	-27	10.571377	99.999989
64	-26	10.638913	99.999989
64	-25	10.703901	99.999990
64	-24	10.766340	99.999990
64	-23	10.826231	99.999990
64	-22	10.883573	99.999990
64	-21	10.938366	99.999990
64	-20	10.990611	99.999990
64	-19	11.040308	99.999990
64	-18	11.087456	99.999990
64	-17	11.132055	99.999990
64	-16	11.174106	99.999990
64	-15	11.213608	99.999990
64	-14	11.250562	99.999990
64	-13	11.284967	99.999990
64	-12	11.316824	99.999990
64	-11	11.346132	99.999990
64	-10	11.372892	99.999990
64	-9	11.397103	99.999991
64	-8	11.418765	99.999991
64	-7	11.437879	99.999991
64	-6	11.454445	99.999991
64	-5	11.468462	99.999991
64	-4	11.479930	99.999991
64	-3	11.488850	99.999991
64	-2	11.495221	99.999991
64	-1	11.499044	99.999991
64	0	11.500319	99.999991
64	1	11.499044	99.999991
64	2	11.495221	99.999991
64	3	11.488850	99.999991
64	4	11.479930	99.999991
64	5	11.468462	99.999991
64	6	11.454445	99.999992
64	7	11.437879	99.999992
64	8	11.418765	99.999992
64	9	11.397103	99.999992
64	10	11.372892	99.999992
64	11	11.346132	99.999992
64	12	11.316824	99.999992
64	13	11.284967	99.999992
64	14	11.250562	99.999992
64	15	11.213608	99.999992
64	16	11.174106	99.999992
64	17	11.132055	99.999992
64	18	11.087456	99.999992
64	19	11.040308	99.999992
64	20	10.990611	99.999992
64	21	10.938366	99.999992
64	22	10.883573	99.999993
64	23	10.826231	99.999993
64	24	10.766340	99.999993
64	25	10.703901	99.999993
64	26	10.638913	99.999993
64	27	10.571377	99.999993
64	28	10.501292	99.999993
64	29	10.428659	99.999993
64	30	10.353477	99.999993
64	31	10.275747	99.999993
64	32	10.195468	99.999993
64	33	10.112641	99.999993
64	34	10.027265	99.999993
64	35	9.939340	99.999993
64	36	9.848867	99.999993
64	37	9.755845	99.999994
64	38	9.660275	99.999994
64	39	9.562157	99.999994
64	40	9.461489	99.999994
64	41	9.358274	99.999994
64	42	9.252509	99.999994
64	43	9.144197	99.999994
64	44	9.033335	99.999994
64	45	8.919925	99.999994
64	46	8.803967	99.999994
64	47	8.685460	99.999994
64	48	8.564405	99.999994
64	49	8.440801	99.999994
64	50	8.314648	99.999994
64	51	8.185947	99.999994
64	52	8.054697	99.999994
64	53	7.920899	99.999995
64	54	7.784553	99.999995
64	55	7.645657	99.999995
64	56	7.504214	99.999995
64	57	7.360221	99.999995
64	58	7.213680	99.999995
64	59	7.064591	99.999995
64	60	6.912953	99.999995
64	61	6.758767	99.999995
64	62	6.602032	99.999995
64	63	6.442748	99.999995
64	64	6.280916	99.999995
66	-66	6.278519	99.999995
66	-65	6.435556	99.999995
66	-64	6.590195	99.999995
66	-63	6.742437	99.999995
66	-62	6.892282	99.999995
66	-61	7.039729	99.999995
66	-60	7.184778	99.999995
66	-59	7.327430	99.999995
66	-58	7.467684	99.999995
66	-57	7.605541	99.999995
66	-56	7.741001	99.999996
66	-55	7.874063	99.999996
66	-54	8.004727	99.999996
66	-53	8.132994	99.999996
66	-52	8.258863	99.999996
66	-51	8.382335	99.999996
66	-50	8.503410	99.999996
66	-49	8.622087	99.999996
66	-48	8.738366	99.999996
66	-47	8.852248	99.999996
66	-46	8.963732	99.999996
66	-45	9.072819	99.999996
66	-44	9.179508	99.999996
66	-43	9.283800	99.999996
66	-42	9.385694	99.999996
66	-41	9.485191	99.999996
66	-40	9.582290	99.999996
66	-39	9.676992	99.999996
66	-38	9.769296	99.999996
66	-37	9.859203	99.999996
66	-36	9.946712	99.999996
66	-35	10.031824	99.999996
66	-34	10.114538	99.999996
66	-33	10.194854	99.999996
66	-32	10.272774	99.999996
66	-31	10.348295	99.999996
66	-30	10.421419	99.999996
66	-29	10.492146	99.999996
66	-28	10.560475	99.999996
66	-27	10.626407	99.999996
66	-26	10.689941	99.999996
66	-25	10.751077	99.999996
66	-24	10.809816	99.999996
66	-23	10.866158	99.999996
66	-22	10.920102	99.999996
66	-21	10.971648	99.999996
66	-20	11.020797	99.999996
66	-19	11.067549	99.999996
66	-18	11.111903	99.999996
66	-17	11.153859	99.999996
66	-16	11.193418	99.999996
66	-15	11.230580	99.999996
66	-14	11.265344	99.999996
66	-13	11.297710	99.999997
66	-12	11.327679	99.999997
66	-11	11.355250	99.999997
66	-10	11.380424	99.999997
66	-9	11.403200	99.999997
66	-8	11.423579	99.999997
66	-7	11.441561	99.999997
66	-6	11.457144	99.999997
66	-5	11.470331	99.999997
66	-4	11.481120	99.999997
66	-3	11.489511	99.999997
66	-2	11.495505	99.999997
66	-1	11.499101	99.999997
66	0	11.500300	99.999997
66	1	11.499101	99.999997
66	2	11.495505	99.999997
66	3	11.489511	99.999997
66	4	11.481120	99.999997
66	5	11.470331	99.999997
66	6	11.457144	99.999997
66	7	11.441561	99.999997
66	8	11.423579	99.999997
66	9	11.403200	99.999997
66	10	11.380424	99.999997
66	11	11.355250	99.999997
66	12	11.327679	99.999997
66	13	11.297710	99.999997
66	14	11.265344	99.999997
66	15	11.230580	99.999997
66	16	11.193418	99.999997
66	17	11.153859	99.999997
66	18	11.111903	99.999997
66	19	11.067549	99.999997
66	20	11.020797	99.999997
66	21	10.971648	99.999997
66	22	10.920102	99.999997
66	23	10.866158	99.999997
66	24	10.809816	99.999997
66	25	10.751077	99.999997
66	26	10.689941	99.999997
66	27	10.626407	99.999997
66	28	10.560475	99.999997
66	29	10.492146	99.999997
66	30	10.421419	99.999997
66	31	10.348295	99.999998
66	32	10.272774	99.999998
66	33	10.194854	99.999998
66	34	10.114538	99.999998
66	35	10.031824	99.999998
66	36	9.946712	99.999998
66	37	9.859203	99.999998
66	38	9.769296	99.999998
66	39	9.676992	99.999998
66	40	9.582290	99.999998
66	41	9.485191	99.999998
66	42	9.385694	99.999998
66	43	9.283800	99.999998
66	44	9.179508	99.999998
66	45	9.072819	99.999998
66	46	8.963732	99.999998
66	47	8.852248	99.999998
66	48	8.738366	99.999998
66	49	8.622087	99.999998
66	50	8.503410	99.999998
66	51	8.382335	99.999998
66	52	8.258863	99.999998
66	53	8.132994	99.999998
66	54	8.004727	99.999998
66	55	7.874063	99.999998
66	56	7.741001	99.999998
66	57	7.605541	99.999998
66	58	7.467684	99.999998
66	59	7.327430	99.999998
66	60	7.184778	99.999998
66	61	7.039729	99.999998
66	62	6.892282	99.999998
66	63	6.742437	99.999998
66	64	6.590195	99.999998
66	65	6.435556	99.999998
66	66	6.278519	99.999998
68	-68	6.276259	99.999998
68	-67	6.428777	99.999998
68	-66	6.579035	99.999998
68	-65	6.727034	99.999998
68	-64	6.872774	99.999998
68	-63	7.016254	99.999998
68	-62	7.157474	99.999998
68	-61	7.296435	99.999998
68	-60	7.433136	99.999998
68	-59	7.567578	99.999998
68	-58	7.699760	99.999998
68	-57	7.829683	99.999998
68	-56	7.957346	99.999998
68	-55	8.082750	99.999998
68	-54	8.205894	99.999998
68	-53	8.326779	99.999998
68	-52	8.445404	99.999998
68	-51	8.561769	99.999998
68	-50	8.675875	99.999998
68	-49	8.787722	99.999998
68	-48	8.897309	99.999999
68	-47	9.004636	99.999999
68	-46	9.109704	99.999999
68	-45	9.212513	99.999999
68	-44	9.313062	99.999999
68	-43	9.411351	99.999999
68	-42	9.507381	99.999999
68	-41	9.601151	99.999999
68	-40	9.692662	99.999999
68	-39	9.781913	99.999999
68	-38	9.868905	99.999999
68	-37	9.953637	99.999999
68	-36	10.036110	99.999999
68	-35	10.116323	99.999999
68	-34	10.194277	99.999999
68	-33	10.269971	99.999999
68	-32	10.343405	99.999999
68	-31	10.414580	99.999999
68	-30	10.483496	99.999999
68	-29	10.550152	99.999999
68	-28	10.614548	99.999999
68	-27	10.676685	99.999999
68	-26	10.736563	99.999999
68	-25	10.794181	99.999999
68	-24	10.849539	99.999999
68	-23	10.902638	99.999999
68	-22	10.953477	99.999999
68	-21	11.002057	99.999999
68	-20	11.048377	99.999999
68	-19	11.092438	99.999999
68	-18	11.134239	99.999999
68	-17	11.173781	99.999999
68	-16	11.211063	99.999999
68	-15	11.246086	99.999999
68	-14	11.278849	99.999999
68	-13	11.309353	99.999999
68	-12	11.337597	99.999999
68	-11	11.363581	99.999999
68	-10	11.387306	99.999999
68	-9	11.408772	99.999999
68	-8	11.427978	99.999999
68	-7	11.444924	99.999999
68	-6	11.459611	99.999999
68	-5	11.472038	99.999999
68	-4	11.482206	99.999999
68	-3	11.490115	99.999999
68	-2	11.495763	99.999999
68	-1	11.499153	99.999999
68	0	11.500282	99.999999
68	1	11.499153	99.999999
68	2	11.495763	99.999999
68	3	11.490115	99.999999
68	4	11.482206	99.999999
68	5	11.472038	99.999999
68	6	11.459611	99.999999
68	7	11.444924	99.999999
68	8	11.427978	99.999999
68	9	11.408772	99.999999
68	10	11.387306	99.999999
68	11	11.363581	99.999999
68	12	11.337597	99.999999
68	13	11.309353	99.999999
68	14	11.278849	99.999999
68	15	11.246086	99.999999
68	16	11.211063	99.999999
68	17	11.173781	99.999999
68	18	11.134239	99.999999
68	19	11.092438	99.999999
68	20	11.048377	99.999999
68	21	11.002057	99.999999
68	22	10.953477	99.999999
68	23	10.902638	99.999999
68	24	10.849539	99.999999
68	25	10.794181	99.999999
68	26	10.736563	99.999999
68	27	10.676685	99.999999
68	28	10.614548	99.999999
68	29	10.550152	99.999999
68	30	10.483496	99.999999
68	31	10.414580	99.999999
68	32	10.343405	99.999999
68	33	10.269971	99.999999
68	34	10.194277	99.999999
68	35	10.116323	99.999999
68	36	10.036110	99.999999
68	37	9.953637	99.999999
68	38	9.868905	99.999999
68	39	9.781913	99.999999
68	40	9.692662	99.999999
68	41	9.601151	99.999999
68	42	9.507381	99.999999
68	43	9.411351	99.999999
68	44	9.313062	99.999999
68	45	9.212513	99.999999
68	46	9.109704	99.999999
68	47	9.004636	99.999999
68	48	8.897309	99.999999
68	49	8.787722	99.999999
68	50	8.675875	99.999999
68	51	8.561769	99.999999
68	52	8.445404	99.999999
68	53	8.326779	99.999999
68	54	8.205894	99.999999
68	55	8.082750	99.999999
68	56	7.957346	99.999999
68	57	7.829683	99.999999
68	58	7.699760	99.999999
68	59	7.567578	99.999999
68	60	7.433136	99.999999
68	61	7.296435	99.999999
68	62	7.157474	99.999999
68	63	7.016254	99.999999
68	64	6.872774	99.999999
68	65	6.727034	99.999999
68	66	6.579035	99.999999
68	67	6.428777	99.999999
68	68	6.276259	99.999999
70	-70	6.274126	99.999999
70	-69	6.422378	99.999999
70	-68	6.568496	99.999999
70	-67	6.712482	99.999999
70	-66	6.854334	99.999999
70	-65	6.994053	99.999999
70	-64	7.131640	99.999999
70	-63	7.267093	99.999999
70	-62	7.400413	99.999999
70	-61	7.531599	99.999999
70	-60	7.660653	99.999999
70	-59	7.787574	99.999999
70	-58	7.912361	99.999999
70	-57	8.035015	99.999999
70	-56	8.155537	99.999999
70	-55	8.273925	99.999999
70	-54	8.390180	99.999999
70	-53	8.504301	99.999999
70	-52	8.616290	99.999999
70	-51	8.726146	99.999999
70	-50	8.833868	99.999999
70	-49	8.939458	99.999999
70	-48	9.042914	99.999999
70	-47	9.144237	99.999999
70	-46	9.243427	99.999999
70	-45	9.340484	100.000000
70	-44	9.435408	100.000000
70	-43	9.528198	100.000000
70	-42	9.618856	100.000000
70	-41	9.707380	100.000000
70	-40	9.793772	100.000000
70	-39	9.878030	100.000000
70	-38	9.960155	100.000000
70	-37	10.040147	100.000000
70	-36	10.118006	100.000000
70	-35	10.193731	100.000000
70	-34	10.267324	100.000000
70	-33	10.338784	100.000000
70	-32	10.408110	100.000000
70	-31	10.475303	100.000000
70	-30	10.540363	100.000000
70	-29	10.603290	100.000000
70	-28	10.664084	100.000000
70	-27	10.722745	100.000000
70	-26	10.779273	100.000000
70	-25	10.833667	100.000000
70	-24	10.885928	100.000000
70	-23	10.936057	100.000000
70	-22	10.984052	100.000000
70	-21	11.029914	100.000000
70	-20	11.073643	100.000000
70	-19	11.115239	100.000000
70	-18	11.154701	100.000000
70	-17	11.192031	100.000000
70	-16	11.227227	100.000000
70	-15	11.260291	100.000000
70	-14	11.291221	100.000000
70	-13	11.320018	100.000000
70	-12	11.346682	100.000000
70	-11	11.371213	100.000000
70	-10	11.393611	100.000000
70	-9	11.413875	100.000000
70	-8	11.432007	100.000000
70	-7	11.448005	100.000000
70	-6	11.461871	100.000000
70	-5	11.473603	100.000000
70	-4	11.483202	100.000000
70	-3	11.490668	100.000000
70	-2	11.496000	100.000000
70	-1	11.499200	100.000000
70	0	11.500267	100.000000
70	1	11.499200	100.000000
70	2	11.496000	100.000000
70	3	11.490668	100.000000
70	4	11.483202	100.000000
70	5	11.473603	100.000000
70	6	11.461871	100.000000
70	7	11.448005	100.000000
70	8	11.432007	100.000000
70	9	11.413875	100.000000
70	10	11.393611	100.000000
70	11	11.371213	100.000000
70	12	11.346682	100.000000
70	13	11.320018	100.000000
70	14	11.291221	100.000000
70	15	11.260291	100.000000
70	16	11.227227	100.000000
70	17	11.192031	100.000000
70	18	11.154701	100.000000
70	19	11.115239	100.000000
70	20	11.073643	100.000000
70	21	11.029914	100.000000
70	22	10.984052	100.000000
70	23	10.936057	100.000000
70	24	10.885928	100.000000
70	25	10.833667	100.000000
70	26	10.779273	100.000000
70	27	10.722745	100.000000
70	28	10.664084	100.000000
70	29	10.603290	100.000000
70	30	10.540363	100.000000
70	31	10.475303	100.000000
70	32	10.408110	100.000000
70	33	10.338784	100.000000
70	34	10.267324	100.000000
70	35	10.193731	100.000000
70	36	10.118006	100.000000
70	37	10.040147	100.000000
70	38	9.960155	100.000000
70	39	9.878030	100.000000
70	40	9.793772	100.000000
70	41	9.707380	100.000000
70	42	9.618856	100.000000
70	43	9.528198	100.000000
70	44	9.435408	100.000000
70	45	9.340484	100.000000
70	46	9.243427	100.000000
70	47	9.144237	100.000000
70	48	9.042914	100.000000
70	49	8.939458	100.000000
70	50	8.833868	100.000000
70	51	8.726146	100.000000
70	52	8.616290	100.000000
70	53	8.504301	100.000000
70	54	8.390180	100.000000
70	55	8.273925	100.000000
70	56	8.155537	100.000000
70	57	8.035015	100.000000
70	58	7.912361	100.000000
70	59	7.787574	100.000000
70	60	7.660653	100.000000
70	61	7.531599	100.000000
70	62	7.400413	100.000000
70	63	7.267093	100.000000
70	64	7.131640	100.000000
70	65	6.994053	100.000000
70	66	6.854334	100.000000
70	67	6.712482	100.000000
70	68	6.568496	100.000000
70	69	6.422378	100.000000
70	70	6.274126	100.000000
72	-72	6.272109	100.000000
72	-71	6.416327	100.000000
72	-70	6.558527	100.000000
72	-69	6.698711	100.000000
72	-68	6.836877	100.000000
72	-67	6.973027	100.000000
72	-66	7.107160	100.000000
72	-65	7.239275	100.000000
72	-64	7.369373	100.000000
72	-63	7.497455	100.000000
72	-62	7.623519	100.000000
72	-61	7.747567	100.000000
72	-60	7.869597	100.000000
72	-59	7.989610	100.000000
72	-58	8.107607	100.000000
72	-57	8.223586	100.000000
72	-56	8.337548	100.000000
72	-55	8.449493	100.000000
72	-54	8.559422	100.000000
72	-53	8.667333	100.000000
72	-52	8.773227	100.000000
72	-51	8.877104	100.000000
72	-50	8.978964	100.000000
72	-49	9.078807	100.000000
72	-48	9.176633	100.000000
72	-47	9.272442	100.000000
72	-46	9.366234	100.000000
72	-45	9.458009	100.000000
72	-44	9.547767	100.000000
72	-43	9.635507	100.000000
72	-42	9.721231	100.000000
72	-41	9.804938	100.000000
72	-40	9.886628	100.000000
72	-39	9.966300	100.000000
72	-38	10.043956	100.000000
72	-37	10.119595	100.000000
72	-36	10.193216	100.000000
72	-35	10.264821	100.000000
72	-34	10.334408	100.000000
72	-33	10.401979	100.000000
72	-32	10.467532	100.000000
72	-31	10.531069	100.000000
72	-30	10.592588	100.000000
72	-29	10.652091	100.000000
72	-28	10.709576	100.000000
72	-27	10.765044	100.000000
72	-26	10.818496	100.000000
72	-25	10.869930	100.000000
72	-24	10.919347	100.000000
72	-23	10.966748	100.000000
72	-22	11.012131	100.000000
72	-21	11.055497	100.000000
72	-20	11.096846	100.000000
72	-19	11.136178	100.000000
72	-18	11.173493	100.000000
72	-17	11.208791	100.000000
72	-16	11.242072	100.000000
72	-15	11.273336	100.000000
72	-14	11.302583	100.000000
72	-13	11.329813	100.000000
72	-12	11.355026	100.000000
72	-11	11.378222	100.000000
72	-10	11.399401	100.000000
72	-9	11.418562	100.000000
72	-8	11.435707	100.000000
72	-7	11.450835	100.000000
72	-6	11.463946	100.000000
72	-5	11.475039	100.000000
72	-4	11.484116	100.000000
72	-3	11.491175	100.000000
72	-2	11.496218	100.000000
72	-1	11.499244	100.000000
72	0	11.500252	100.000000
72	1	11.499244	100.000000
72	2	11.496218	100.000000
72	3	11.491175	100.000000
72	4	11.484116	100.000000
72	5	11.475039	100.000000
72	6	11.463946	100.000000
72	7	11.450835	100.000000
72	8	11.435707	100.000000
72	9	11.418562	100.000000
72	10	11.399401	100.000000
72	11	11.378222	100.000000
72	12	11.355026	100.000000
72	13	11.329813	100.000000
72	14	11.302583	100.000000
72	15	11.273336	100.000000
72	16	11.242072	100.000000
72	17	11.208791	100.000000
72	18	11.173493	100.000000
72	19	11.136178	100.000000
72	20	11.096846	100.000000
72	21	11.055497	100.000000
72	22	11.012131	100.000000
72	23	10.966748	100.000000
72	24	10.919347	100.000000
72	25	10.869930	100.000000
72	26	10.818496	100.000000
72	27	10.765044	100.000000
72	28	10.709576	100.000000
72	29	10.652091	100.000000
72	30	10.592588	100.000000
72	31	10.531069	100.000000
72	32	10.467532	100.000000
72	33	10.401979	100.000000
72	34	10.334408	100.000000
72	35	10.264821	100.000000
72	36	10.193216	100.000000
72	37	10.119595	100.000000
72	38	10.043956	100.000000
72	39	9.966300	100.000000
72	40	9.886628	100.000000
72	41	9.804938	100.000000
72	42	9.721231	100.000000
72	43	9.635507	100.000000
72	44	9.547767	100.000000
72	45	9.458009	100.000000
72	46	9.366234	100.000000
72	47	9.272442	100.000000
72	48	9.176633	100.000000
72	49	9.078807	100.000000
72	50	8.978964	100.000000
72	51	8.877104	100.000000
72	52	8.773227	100.000000
72	53	8.667333	100.000000
72	54	8.559422	100.000000
72	55	8.449493	100.000000
72	56	8.337548	100.000000
72	57	8.223586	100.000000
72	58	8.107607	100.000000
72	59	7.989610	100.000000
72	60	7.869597	100.000000
72	61	7.747567	100.000000
72	62	7.623519	100.000000
72	63	7.497455	100.000000
72	64	7.369373	100.000000
72	65	7.239275	100.000000
72	66	7.107160	100.000000
72	67	6.973027	100.000000
72	68	6.836877	100.000000
72	69	6.698711	100.000000
72	70	6.558527	100.000000
72	71	6.416327	100.000000
72	72	6.272109	100.000000
74	-74	6.270199	100.000000
74	-73	6.410596	100.000000
74	-72	6.549083	100.000000
74	-71	6.685660	100.000000
74	-70	6.820327	100.000000
74	-69	6.953084	100.000000
74	-68	7.083930	100.000000
74	-67	7.212867	100.000000
74	-66	7.339893	100.000000
74	-65	7.465009	100.000000
74	-64	7.588215	100.000000
74	-63	7.709510	100.000000
74	-62	7.828896	100.000000
74	-61	7.946371	100.000000
74	-60	8.061936	100.000000
74	-59	8.175591	100.000000
74	-58	8.287336	100.000000
74	-57	8.397171	100.000000
74	-56	8.505095	100.000000
74	-55	8.611110	100.000000
74	-54	8.715214	100.000000
74	-53	8.817408	100.000000
74	-52	8.917692	100.000000
74	-51	9.016065	100.000000
74	-50	9.112529	100.000000
74	-49	9.207082	100.000000
74	-48	9.299725	100.000000
74	-47	9.390458	100.000000
74	-46	9.479281	100.000000
74	-45	9.566194	100.000000
74	-44	9.651196	100.000000
74	-43	9.734288	100.000000
74	-42	9.815471	100.000000
74	-41	9.894743	100.000000
74	-40	9.972104	100.000000
74	-39	10.047556	100.000000
74	-38	10.121097	100.000000
74	-37	10.192729	100.000000
74	-36	10.262450	100.000000
74	-35	10.330261	100.000000
74	-34	10.396162	100.000000
74	-33	10.460152	100.000000
74	-32	10.522233	100.000000
74	-31	10.582403	100.000000
74	-30	10.640663	100.000000
74	-29	10.697013	100.000000
74	-28	10.751453	100.000000
74	-27	10.803983	100.000000
74	-26	10.854602	100.000000
74	-25	10.903311	100.000000
74	-24	10.950110	100.000000
74	-23	10.994999	100.000000
74	-22	11.037978	100.000000
74	-21	11.079047	100.000000
74	-20	11.118205	100.000000
74	-19	11.155453	100.000000
74	-18	11.190792	100.000000
74	-17	11.224219	100.000000
74	-16	11.255737	100.000000
74	-15	11.285345	100.000000
74	-14	11.313042	100.000000
74	-13	11.338830	100.000000
74	-12	11.362707	100.000000
74	-11	11.384674	100.000000
74	-10	11.404730	100.000000
74	-9	11.422877	100.000000
74	-8	11.439113	100.000000
74	-7	11.453440	100.000000
74	-6	11.465856	100.000000
74	-5	11.476362	100.000000
74	-4	11.484957	100.000000
74	-3	11.491643	100.000000
74	-2	11.496418	100.000000
74	-1	11.499284	100.000000
74	0	11.500239	100.000000
74	1	11.499284	100.000000
74	2	11.496418	100.000000
74	3	11.491643	100.000000
74	4	11.484957	100.000000
74	5	11.476362	100.000000
74	6	11.465856	100.000000
74	7	11.453440	100.000000
74	8	11.439113	100.000000
74	9	11.422877	100.000000
74	10	11.404730	100.000000
74	11	11.384674	100.000000
74	12	11.362707	100.000000
74	13	11.338830	100.000000
74	14	11.313042	100.000000
74	15	11.285345	100.000000
74	16	11.255737	100.000000
74	17	11.224219	100.000000
74	18	11.190792	100.000000
74	19	11.155453	100.000000
74	20	11.118205	100.000000
74	21	11.079047	100.000000
74	22	11.037978	100.000000
74	23	10.994999	100.000000
74	24	10.950110	100.000000
74	25	10.903311	100.000000
74	26	10.854602	100.000000
74	27	10.803983	100.000000
74	28	10.751453	100.000000
74	29	10.697013	100.000000
74	30	10.640663	100.000000
74	31	10.582403	100.000000
74	32	10.522233	100.000000
74	33	10.460152	100.000000
74	34	10.396162	100.000000
74	35	10.330261	100.000000
74	36	10.262450	100.000000
74	37	10.192729	100.000000
74	38	10.121097	100.000000
74	39	10.047556	100.000000
74	40	9.972104	100.000000
74	41	9.894743	100.000000
74	42	9.815471	100.000000
74	43	9.734288	100.000000
74	44	9.651196	100.000000
74	45	9.566194	100.000000
74	46	9.479281	100.000000
74	47	9.390458	100.000000
74	48	9.299725	100.000000
74	49	9.207082	100.000000
74	50	9.112529	100.000000
74	51	9.016065	100.000000
74	52	8.917692	100.000000
74	53	8.817408	100.000000
74	54	8.715214	100.000000
74	55	8.611110	100.000000
74	56	8.505095	100.000000
74	57	8.397171	100.000000
74	58	8.287336	100.000000
74	59	8.175591	100.000000
74	60	8.061936	100.000000
74	61	7.946371	100.000000
74	62	7.828896	100.000000
74	63	7.709510	100.000000
74	64	7.588215	100.000000
74	65	7.465009	100.000000
74	66	7.339893	100.000000
74	67	7.212867	100.000000
74	68	7.083930	100.000000
74	69	6.953084	100.000000
74	70	6.820327	100.000000
74	71	6.685660	100.000000
74	72	6.549083	100.000000
74	73	6.410596	100.000000
74	74	6.270199	100.000000
76	-76	6.268387	100.000000
76	-75	6.405161	100.000000
76	-74	6.540124	100.000000
76	-73	6.673275	100.000000
76	-72	6.804614	100.000000
76	-71	6.934142	100.000000
76	-70	7.061859	100.000000
76	-69	7.187763	100.000000
76	-68	7.311856	100.000000
76	-67	7.434138	100.000000
76	-66	7.554608	100.000000
76	-65	7.673266	100.000000
76	-64	7.790113	100.000000
76	-63	7.905148	100.000000
76	-62	8.018372	100.000000
76	-61	8.129784	100.000000
76	-60	8.239385	100.000000
76	-59	8.347174	100.000000
76	-58	8.453151	100.000000
76	-57	8.557317	100.000000
76	-56	8.659671	100.000000
76	-55	8.760214	100.000000
76	-54	8.858945	100.000000
76	-53	8.955864	100.000000
76	-52	9.050972	100.000000
76	-51	9.144268	100.000000
76	-50	9.235753	100.000000
76	-49	9.325426	100.000000
76	-48	9.413288	100.000000
76	-47	9.499338	100.000000
76	-46	9.583576	100.000000
76	-45	9.666003	100.000000
76	-44	9.746618	100.000000
76	-43	9.825422	100.000000
76	-42	9.902414	100.000000
76	-41	9.977595	100.000000
76	-40	10.050963	100.000000
76	-39	10.122521	100.000000
76	-38	10.192267	100.000000
76	-37	10.260201	100.000000
76	-36	10.326323	100.000000
76	-35	10.390634	100.000000
76	-34	10.453134	100.000000
76	-33	10.513822	100.000000
76	-32	10.572698	100.000000
76	-31	10.629763	100.000000
76	-30	10.685016	100.000000
76	-29	10.738458	100.000000
76	-28	10.790088	100.000000
76	-27	10.839906	100.000000
76	-26	10.887913	100.000000
76	-25	10.934108	100.000000
76	-24	10.978492	100.000000
76	-23	11.021064	100.000000
76	-22	11.061824	100.000000
76	-21	11.100773	100.000000
76	-20	11.137911	100.000000
76	-19	11.173236	100.000000
76	-18	11.206751	100.000000
76	-17	11.238453	100.000000
76	-16	11.268344	100.000000
76	-15	11.296424	100.000000
76	-14	11.322692	100.000000
76	-13	11.347148	100.000000
76	-12	11.369793	100.000000
76	-11	11.390626	100.000000
76	-10	11.409648	100.000000
76	-9	11.426858	100.000000
76	-8	11.442256	100.000000
76	-7	11.455843	100.000000
76	-6	11.467618	100.000000
76	-5	11.477582	100.000000
76	-4	11.485734	100.000000
76	-3	11.492074	100.000000
76	-2	11.496603	100.000000
76	-1	11.499321	100.000000
76	0	11.500226	100.000000
76	1	11.499321	100.000000
76	2	11.496603	100.000000
76	3	11.492074	100.000000
76	4	11.485734	100.000000
76	5	11.477582	100.000000
76	6	11.467618	100.000000
76	7	11.455843	100.000000
76	8	11.442256	100.000000
76	9	11.426858	100.000000
76	10	11.409648	100.000000
76	11	11.390626	100.000000
76	12	11.369793	100.000000
76	13	11.347148	100.000000
76	14	11.322692	100.000000
76	15	11.296424	100.000000
76	16	11.268344	100.000000
76	17	11.238453	100.000000
76	18	11.206751	100.000000
76	19	11.173236	100.000000
76	20	11.137911	100.000000
76	21	11.100773	100.000000
76	22	11.061824	100.000000
76	23	11.021064	100.000000
76	24	10.978492	100.000000
76	25	10.934108	100.000000
76	26	10.887913	100.000000
76	27	10.839906	100.000000
76	28	10.790088	100.000000
76	29	10.738458	100.000000
76	30	10.685016	100.000000
76	31	10.629763	100.000000
76	32	10.572698	100.000000
76	33	10.513822	100.000000
76	34	10.453134	100.000000
76	35	10.390634	100.000000
76	36	10.326323	100.000000
76	37	10.260201	100.000000
76	38	10.192267	100.000000
76	39	10.122521	100.000000
76	40	10.050963	100.000000
76	41	9.977595	100.000000
76	42	9.902414	100.000000
76	43	9.825422	100.000000
76	44	9.746618	100.000000
76	45	9.666003	100.000000
76	46	9.583576	100.000000
76	47	9.499338	100.000000
76	48	9.413288	100.000000
76	49	9.325426	100.000000
76	50	9.235753	100.000000
76	51	9.144268	100.000000
76	52	9.050972	100.000000
76	53	8.955864	100.000000
76	54	8.858945	100.000000
76	55	8.760214	100.000000
76	56	8.659671	100.000000
76	57	8.557317	100.000000
76	58	8.453151	100.000000
76	59	8.347174	100.000000
76	60	8.239385	100.000000
76	61	8.129784	100.000000
76	62	8.018372	100.000000
76	63	7.905148	100.000000
76	64	7.790113	100.000000
76	65	7.673266	100.000000
76	66	7.554608	100.000000
76	67	7.434138	100.000000
76	68	7.311856	100.000000
76	69	7.187763	100.000000
76	70	7.061859	100.000000
76	71	6.934142	100.000000
76	72	6.804614	100.000000
76	73	6.673275	100.000000
76	74	6.540124	100.000000
76	75	6.405161	100.000000
76	76	6.268387	100.000000
78	-78	6.266667	100.000000
78	-77	6.400000	100.000000
78	-76	6.531613	100.000000
78	-75	6.661505	100.000000
78	-74	6.789677	100.000000
78	-73	6.916129	100.000000
78	-72	7.040860	100.000000
78	-71	7.163871	100.000000
78	-70	7.285161	100.000000
78	-69	7.404731	100.000000
78	-68	7.522581	100.000000
78	-67	7.638710	100.000000
78	-66	7.753118	100.000000
78	-65	7.865806	100.000000
78	-64	7.976774	100.000000
78	-63	8.086022	100.000000
78	-62	8.193548	100.000000
78	-61	8.299355	100.000000
78	-60	8.403441	100.000000
78	-59	8.505806	100.000000
78	-58	8.606452	100.000000
78	-57	8.705376	100.000000
78	-56	8.802581	100.000000
78	-55	8.898065	100.000000
78	-54	8.991828	100.000000
78	-53	9.083871	100.000000
78	-52	9.174194	100.000000
78	-51	9.262796	100.000000
78	-50	9.349677	100.000000
78	-49	9.434839	100.000000
78	-48	9.518280	100.000000
78	-47	9.600000	100.000000
78	-46	9.680000	100.000000
78	-45	9.758280	100.000000
78	-44	9.834839	100.000000
78	-43	9.909677	100.000000
78	-42	9.982796	100.000000
78	-41	10.054194	100.000000
78	-40	10.123871	100.000000
78	-39	10.191828	100.000000
78	-38	10.258065	100.000000
78	-37	10.322581	100.000000
78	-36	10.385376	100.000000
78	-35	10.446452	100.000000
78	-34	10.505806	100.000000
78	-33	10.563441	100.000000
78	-32	10.619355	100.000000
78	-31	10.673548	100.000000
78	-30	10.726022	100.000000
78	-29	10.776774	100.000000
78	-28	10.825806	100.000000
78	-27	10.873118	100.000000
78	-26	10.918710	100.000000
78	-25	10.962581	100.000000
78	-24	11.004731	100.000000
78	-23	11.045161	100.000000
78	-22	11.083871	100.000000
78	-21	11.120860	100.000000
78	-20	11.156129	100.000000
78	-19	11.189677	100.000000
78	-18	11.221505	100.000000
78	-17	11.251613	100.000000
78	-16	11.280000	100.000000
78	-15	11.306667	100.000000
78	-14	11.331613	100.000000
78	-13	11.354839	100.000000
78	-12	11.376344	100.000000
78	-11	11.396129	100.000000
78	-10	11.414194	100.000000
78	-9	11.430538	100.000000
78	-8	11.445161	100.000000
78	-7	11.458065	100.000000
78	-6	11.469247	100.000000
78	-5	11.478710	100.000000
78	-4	11.486452	100.000000
78	-3	11.492473	100.000000
78	-2	11.496774	100.000000
78	-1	11.499355	100.000000
78	0	11.500215	100.000000
78	1	11.499355	100.000000
78	2	11.496774	100.000000
78	3	11.492473	100.000000
78	4	11.486452	100.000000
78	5	11.478710	100.000000
78	6	11.469247	100.000000
78	7	11.458065	100.000000
78	8	11.445161	100.000000
78	9	11.430538	100.000000
78	10	11.414194	100.000000
78	11	11.396129	100.000000
78	12	11.376344	100.000000
78	13	11.354839	100.000000
78	14	11.331613	100.000000
78	15	11.306667	100.000000
78	16	11.280000	100.000000
78	17	11.251613	100.000000
78	18	11.221505	100.000000
78	19	11.189677	100.000000
78	20	11.156129	100.000000
78	21	11.120860	100.000000
78	22	11.083871	100.000000
78	23	11.045161	100.000000
78	24	11.004731	100.000000
78	25	10.962581	100.000000
78	26	10.918710	100.000000
78	27	10.873118	100.000000
78	28	10.825806	100.000000
78	29	10.776774	100.000000
78	30	10.726022	100.000000
78	31	10.673548	100.000000
78	32	10.619355	100.000000
78	33	10.563441	100.000000
78	34	10.505806	100.000000
78	35	10.446452	100.000000
78	36	10.385376	100.000000
78	37	10.322581	100.000000
78	38	10.258065	100.000000
78	39	10.191828	100.000000
78	40	10.123871	100.000000
78	41	10.054194	100.000000
78	42	9.982796	100.000000
78	43	9.909677	100.000000
78	44	9.834839	100.000000
78	45	9.758280	100.000000
78	46	9.680000	100.000000
78	47	9.600000	100.000000
78	48	9.518280	100.000000
78	49	9.434839	100.000000
78	50	9.349677	100.000000
78	51	9.262796	100.000000
78	52	9.174194	100.000000
78	53	9.083871	100.000000
78	54	8.991828	100.000000
78	55	8.898065	100.000000
78	56	8.802581	100.000000
78	57	8.705376	100.000000
78	58	8.606452	100.000000
78	59	8.505806	100.000000
78	60	8.403441	100.000000
78	61	8.299355	100.000000
78	62	8.193548	100.000000
78	63	8.086022	100.000000
78	64	7.976774	100.000000
78	65	7.865806	100.000000
78	66	7.753118	100.000000
78	67	7.638710	100.000000
78	68	7.522581	100.000000
78	69	7.404731	100.000000
78	70	7.285161	100.000000
78	71	7.163871	100.000000
78	72	7.040860	100.000000
78	73	6.916129	100.000000
78	74	6.789677	100.000000
78	75	6.661505	100.000000
78	76	6.531613	100.000000
78	77	6.400000	100.000000
78	78	6.266667	100.000000
80	-80	6.265031	100.000000
80	-79	6.395092	100.000000
80	-78	6.523517	100.000000
80	-77	6.650307	100.000000
80	-76	6.775460	100.000000
80	-75	6.898978	100.000000
80	-74	7.020859	100.000000
80	-73	7.141104	100.000000
80	-72	7.259714	100.000000
80	-71	7.376687	100.000000
80	-70	7.492025	100.000000
80	-69	7.605726	100.000000
80	-68	7.717791	100.000000
80	-67	7.828221	100.000000
80	-66	7.937014	100.000000
80	-65	8.044172	100.000000
80	-64	8.149693	100.000000
80	-63	8.253579	100.000000
80	-62	8.355828	100.000000
80	-61	8.456442	100.000000
80	-60	8.555419	100.000000
80	-59	8.652761	100.000000
80	-58	8.748466	100.000000
80	-57	8.842536	100.000000
80	-56	8.934969	100.000000
80	-55	9.025767	100.000000
80	-54	9.114928	100.000000
80	-53	9.202454	100.000000
80	-52	9.288344	100.000000
80	-51	9.372597	100.000000
80	-50	9.455215	100.000000
80	-49	9.536196	100.000000
80	-48	9.615542	100.000000
80	-47	9.693252	100.000000
80	-46	9.769325	100.000000
80	-45	9.843763	100.000000
80	-44	9.916564	100.000000
80	-43	9.987730	100.000000
80	-42	10.057260	100.000000
80	-41	10.125153	100.000000
80	-40	10.191411	100.000000
80	-39	10.256033	100.000000
80	-38	10.319018	100.000000
80	-37	10.380368	100.000000
80	-36	10.440082	100.000000
80	-35	10.498160	100.000000
80	-34	10.554601	100.000000
80	-33	10.609407	100.000000
80	-32	10.662577	100.000000
80	-31	10.714110	100.000000
80	-30	10.764008	100.000000
80	-29	10.812270	100.000000
80	-28	10.858896	100.000000
80	-27	10.903885	100.000000
80	-26	10.947239	100.000000
80	-25	10.988957	100.000000
80	-24	11.029039	100.000000
80	-23	11.067485	100.000000
80	-22	11.104294	100.000000
80	-21	11.139468	100.000000
80	-20	11.173006	100.000000
80	-19	11.204908	100.000000
80	-18	11.235174	100.000000
80	-17	11.263804	100.000000
80	-16	11.290798	100.000000
80	-15	11.316155	100.000000
80	-14	11.339877	100.000000
80	-13	11.361963	100.000000
80	-12	11.382413	100.000000
80	-11	11.401227	100.000000
80	-10	11.418405	100.000000
80	-9	11.433947	100.000000
80	-8	11.447853	100.000000
80	-7	11.460123	100.000000
80	-6	11.470757	100.000000
80	-5	11.479755	100.000000
80	-4	11.487117	100.000000
80	-3	11.492843	100.000000
80	-2	11.496933	100.000000
80	-1	11.499387	100.000000
80	0	11.500204	100.000000
80	1	11.499387	100.000000
80	2	11.496933	100.000000
80	3	11.492843	100.000000
80	4	11.487117	100.000000
80	5	11.479755	100.000000
80	6	11.470757	100.000000
80	7	11.460123	100.000000
80	8	11.447853	100.000000
80	9	11.433947	100.000000
80	10	11.418405	100.000000
80	11	11.401227	100.000000
80	12	11.382413	100.000000
80	13	11.361963	100.000000
80	14	11.339877	100.000000
80	15	11.316155	100.000000
80	16	11.290798	100.000000
80	17	11.263804	100.000000
80	18	11.235174	100.000000
80	19	11.204908	100.000000
80	20	11.173006	100.000000
80	21	11.139468	100.000000
80	22	11.104294	100.000000
80	23	11.067485	100.000000
80	24	11.029039	100.000000
80	25	10.988957	100.000000
80	26	10.947239	100.000000
80	27	10.903885	100.000000
80	28	10.858896	100.000000
80	29	10.812270	100.000000
80	30	10.764008	100.000000
80	31	10.714110	100.000000
80	32	10.662577	100.000000
80	33	10.609407	100.000000
80	34	10.554601	100.000000
80	35	10.498160	100.000000
80	36	10.440082	100.000000
80	37	10.380368	100.000000
80	38	10.319018	100.000000
80	39	10.256033	100.000000
80	40	10.191411	100.000000
80	41	10.125153	100.000000
80	42	10.057260	100.000000
80	43	9.987730	100.000000
80	44	9.916564	100.000000
80	45	9.843763	100.000000
80	46	9.769325	100.000000
80	47	9.693252	100.000000
80	48	9.615542	100.000000
80	49	9.536196	100.000000
80	50	9.455215	100.000000
80	51	9.372597	100.000000
80	52	9.288344	100.000000
80	53	9.202454	100.000000
80	54	9.114928	100.000000
80	55	9.025767	100.000000
80	56	8.934969	100.000000
80	57	8.842536	100.000000
80	58	8.748466	100.000000
80	59	8.652761	100.000000
80	60	8.555419	100.000000
80	61	8.456442	100.000000
80	62	8.355828	100.000000
80	63	8.253579	100.000000
80	64	8.149693	100.000000
80	65	8.044172	100.000000
80	66	7.937014	100.000000
80	67	7.828221	100.000000
80	68	7.717791	100.000000
80	69	7.605726	100.000000
80	70	7.492025	100.000000
80	71	7.376687	100.000000
80	72	7.259714	100.000000
80	73	7.141104	100.000000
80	74	7.020859	100.000000
80	75	6.898978	100.000000
80	76	6.775460	100.000000
80	77	6.650307	100.000000
80	78	6.523517	100.000000
80	79	6.395092	100.000000
80	80	6.265031	100.000000
82	-82	6.263473	100.000000
82	-81	6.390419	100.000000
82	-80	6.515808	100.000000
82	-79	6.639639	100.000000
82	-78	6.761912	100.000000
82	-77	6.882627	100.000000
82	-76	7.001785	100.000000
82	-75	7.119386	100.000000
82	-74	7.235429	100.000000
82	-73	7.349914	100.000000
82	-72	7.462841	100.000000
82	-71	7.574211	100.000000
82	-70	7.684023	100.000000
82	-69	7.792278	100.000000
82	-68	7.898975	100.000000
82	-67	8.004114	100.000000
82	-66	8.107696	100.000000
82	-65	8.209720	100.000000
82	-64	8.310187	100.000000
82	-63	8.409096	100.000000
82	-62	8.506447	100.000000
82	-61	8.602241	100.000000
82	-60	8.696477	100.000000
82	-59	8.789155	100.000000
82	-58	8.880276	100.000000
82	-57	8.969839	100.000000
82	-56	9.057845	100.000000
82	-55	9.144293	100.000000
82	-54	9.229183	100.000000
82	-53	9.312516	100.000000
82	-52	9.394291	100.000000
82	-51	9.474509	100.000000
82	-50	9.553169	100.000000
82	-49	9.630271	100.000000
82	-48	9.705815	100.000000
82	-47	9.779802	100.000000
82	-46	9.852232	100.000000
82	-45	9.923103	100.000000
82	-44	9.992418	100.000000
82	-43	10.060174	100.000000
82	-42	10.126373	100.000000
82	-41	10.191014	100.000000
82	-40	10.254098	100.000000
82	-39	10.315624	100.000000
82	-38	10.375592	100.000000
82	-37	10.434003	100.000000
82	-36	10.490856	100.000000
82	-35	10.546152	100.000000
82	-34	10.599890	100.000000
82	-33	10.652070	100.000000
82	-32	10.702693	100.000000
82	-31	10.751758	100.000000
82	-30	10.799265	100.000000
82	-29	10.845215	100.000000
82	-28	10.889607	100.000000
82	-27	10.932442	100.000000
82	-26	10.973719	100.000000
82	-25	11.013438	100.000000
82	-24	11.051600	100.000000
82	-23	11.088204	100.000000
82	-22	11.123250	100.000000
82	-21	11.156739	100.000000
82	-20	11.188671	100.000000
82	-19	11.219044	100.000000
82	-18	11.247860	100.000000
82	-17	11.275118	100.000000
82	-16	11.300819	100.000000
82	-15	11.324962	100.000000
82	-14	11.347548	100.000000
82	-13	11.368576	100.000000
82	-12	11.388046	100.000000
82	-11	11.405959	100.000000
82	-10	11.422314	100.000000
82	-9	11.437111	100.000000
82	-8	11.450351	100.000000
82	-7	11.462033	100.000000
82	-6	11.472158	100.000000
82	-5	11.480724	100.000000
82	-4	11.487734	100.000000
82	-3	11.493185	100.000000
82	-2	11.497079	100.000000
82	-1	11.499416	100.000000
82	0	11.500195	100.000000
82	1	11.499416	100.000000
82	2	11.497079	100.000000
82	3	11.493185	100.000000
82	4	11.487734	100.000000
82	5	11.480724	100.000000
82	6	11.472158	100.000000
82	7	11.462033	100.000000
82	8	11.450351	100.000000
82	9	11.437111	100.000000
82	10	11.422314	100.000000
82	11	11.405959	100.000000
82	12	11.388046	100.000000
82	13	11.368576	100.000000
82	14	11.347548	100.000000
82	15	11.324962	100.000000
82	16	11.300819	100.000000
82	17	11.275118	100.000000
82	18	11.247860	100.000000
82	19	11.219044	100.000000
82	20	11.188671	100.000000
82	21	11.156739	100.000000
82	22	11.123250	100.000000
82	23	11.088204	100.000000
82	24	11.051600	100.000000
82	25	11.013438	100.000000
82	26	10.973719	100.000000
82	27	10.932442	100.000000
82	28	10.889607	100.000000
82	29	10.845215	100.000000
82	30	10.799265	100.000000
82	31	10.751758	100.000000
82	32	10.702693	100.000000
82	33	10.652070	100.000000
82	34	10.599890	100.000000
82	35	10.546152	100.000000
82	36	10.490856	100.000000
82	37	10.434003	100.000000
82	38	10.375592	100.000000
82	39	10.315624	100.000000
82	40	10.254098	100.000000
82	41	10.191014	100.000000
82	42	10.126373	100.000000
82	43	10.060174	100.000000
82	44	9.992418	100.000000
82	45	9.923103	100.000000
82	46	9.852232	100.000000
82	47	9.779802	100.000000
82	48	9.705815	100.000000
82	49	9.630271	100.000000
82	50	9.553169	100.000000
82	51	9.474509	100.000000
82	52	9.394291	100.000000
82	53	9.312516	100.000000
82	54	9.229183	100.000000
82	55	9.144293	100.000000
82	56	9.057845	100.000000
82	57	8.969839	100.000000
82	58	8.880276	100.000000
82	59	8.789155	100.000000
82	60	8.696477	100.000000
82	61	8.602241	100.000000
82	62	8.506447	100.000000
82	63	8.409096	100.000000
82	64	8.310187	100.000000
82	65	8.209720	100.000000
82	66	8.107696	100.000000
82	67	8.004114	100.000000
82	68	7.898975	100.000000
82	69	7.792278	100.000000
82	70	7.684023	100.000000
82	71	7.574211	100.000000
82	72	7.462841	100.000000
82	73	7.349914	100.000000
82	74	7.235429	100.000000
82	75	7.119386	100.000000
82	76	7.001785	100.000000
82	77	6.882627	100.000000
82	78	6.761912	100.000000
82	79	6.639639	100.000000
82	80	6.515808	100.000000
82	81	6.390419	100.000000
82	82	6.263473	100.000000
84	-84	6.261988	100.000000
84	-83	6.385965	100.000000
84	-82	6.508457	100.000000
84	-81	6.629464	100.000000
84	-80	6.748986	100.000000
84	-79	6.867024	100.000000
84	-78	6.983577	100.000000
84	-77	7.098645	100.000000
84	-76	7.212228	100.000000
84	-75	7.324327	100.000000
84	-74	7.434941	100.000000
84	-73	7.544070	100.000000
84	-72	7.651714	100.000000
84	-71	7.757874	100.000000
84	-70	7.862549	100.000000
84	-69	7.965739	100.000000
84	-68	8.067444	100.000000
84	-67	8.167665	100.000000
84	-66	8.266401	100.000000
84	-65	8.363652	100.000000
84	-64	8.459418	100.000000
84	-63	8.553700	100.000000
84	-62	8.646496	100.000000
84	-61	8.737809	100.000000
84	-60	8.827636	100.000000
84	-59	8.915979	100.000000
84	-58	9.002836	100.000000
84	-57	9.088210	100.000000
84	-56	9.172098	100.000000
84	-55	9.254502	100.000000
84	-54	9.335420	100.000000
84	-53	9.414855	100.000000
84	-52	9.492804	100.000000
84	-51	9.569268	100.000000
84	-50	9.644248	100.000000
84	-49	9.717743	100.000000
84	-48	9.789754	100.000000
84	-47	9.860279	100.000000
84	-46	9.929320	100.000000
84	-45	9.996876	100.000000
84	-44	10.062948	100.000000
84	-43	10.127534	100.000000
84	-42	10.190636	100.000000
84	-41	10.252253	100.000000
84	-40	10.312386	100.000000
84	-39	10.371033	100.000000
84	-38	10.428196	100.000000
84	-37	10.483874	100.000000
84	-36	10.538068	100.000000
84	-35	10.590776	100.000000
84	-34	10.642000	100.000000
84	-33	10.691739	100.000000
84	-32	10.739994	100.000000
84	-31	10.786763	100.000000
84	-30	10.832048	100.000000
84	-29	10.875848	100.000000
84	-28	10.918164	100.000000
84	-27	10.958994	100.000000
84	-26	10.998340	100.000000
84	-25	11.036201	100.000000
84	-24	11.072578	100.000000
84	-23	11.107469	100.000000
84	-22	11.140876	100.000000
84	-21	11.172798	100.000000
84	-20	11.203236	100.000000
84	-19	11.232188	100.000000
84	-18	11.259656	100.000000
84	-17	11.285639	100.000000
84	-16	11.310138	100.000000
84	-15	11.333151	100.000000
84	-14	11.354680	100.000000
84	-13	11.374724	100.000000
84	-12	11.393284	100.000000
84	-11	11.410358	100.000000
84	-10	11.425948	100.000000
84	-9	11.440053	100.000000
84	-8	11.452674	100.000000
84	-7	11.463809	100.000000
84	-6	11.473460	100.000000
84	-5	11.481626	100.000000
84	-4	11.488308	100.000000
84	-3	11.493504	100.000000
84	-2	11.497216	100.000000
84	-1	11.499443	100.000000
84	0	11.500186	100.000000
84	1	11.499443	100.000000
84	2	11.497216	100.000000
84	3	11.493504	100.000000
84	4	11.488308	100.000000
84	5	11.481626	100.000000
84	6	11.473460	100.000000
84	7	11.463809	100.000000
84	8	11.452674	100.000000
84	9	11.440053	100.000000
84	10	11.425948	100.000000
84	11	11.410358	100.000000
84	12	11.393284	100.000000
84	13	11.374724	100.000000
84	14	11.354680	100.000000
84	15	11.333151	100.000000
84	16	11.310138	100.000000
84	17	11.285639	100.000000
84	18	11.259656	100.000000
84	19	11.232188	100.000000
84	20	11.203236	100.000000
84	21	11.172798	100.000000
84	22	11.140876	100.000000
84	23	11.107469	100.000000
84	24	11.072578	100.000000
84	25	11.036201	100.000000
84	26	10.998340	100.000000
84	27	10.958994	100.000000
84	28	10.918164	100.000000
84	29	10.875848	100.000000
84	30	10.832048	100.000000
84	31	10.786763	100.000000
84	32	10.739994	100.000000
84	33	10.691739	100.000000
84	34	10.642000	100.000000
84	35	10.590776	100.000000
84	36	10.538068	100.000000
84	37	10.483874	100.000000
84	38	10.428196	100.000000
84	39	10.371033	100.000000
84	40	10.312386	100.000000
84	41	10.252253	100.000000
84	42	10.190636	100.000000
84	43	10.127534	100.000000
84	44	10.062948	100.000000
84	45	9.996876	100.000000
84	46	9.929320	100.000000
84	47	9.860279	100.000000
84	48	9.789754	100.000000
84	49	9.717743	100.000000
84	50	9.644248	100.000000
84	51	9.569268	100.000000
84	52	9.492804	100.000000
84	53	9.414855	100.000000
84	54	9.335420	100.000000
84	55	9.254502	100.000000
84	56	9.172098	100.000000
84	57	9.088210	100.000000
84	58	9.002836	100.000000
84	59	8.915979	100.000000
84	60	8.827636	100.000000
84	61	8.737809	100.000000
84	62	8.646496	100.000000
84	63	8.553700	100.000000
84	64	8.459418	100.000000
84	65	8.363652	100.000000
84	66	8.266401	100.000000
84	67	8.167665	100.000000
84	68	8.067444	100.000000
84	69	7.965739	100.000000
84	70	7.862549	100.000000
84	71	7.757874	100.000000
84	72	7.651714	100.000000
84	73	7.544070	100.000000
84	74	7.434941	100.000000
84	75	7.324327	100.000000
84	76	7.212228	100.000000
84	77	7.098645	100.000000
84	78	6.983577	100.000000
84	79	6.867024	100.000000
84	80	6.748986	100.000000
84	81	6.629464	100.000000
84	82	6.508457	100.000000
84	83	6.385965	100.000000
84	84	6.261988	100.000000
86	-86	6.260571	100.000000
86	-85	6.381714	100.000000
86	-84	6.501440	100.000000
86	-83	6.619749	100.000000
86	-82	6.736642	100.000000
86	-81	6.852117	100.000000
86	-80	6.966175	100.000000
86	-79	7.078817	100.000000
86	-78	7.190042	100.000000
86	-77	7.299850	100.000000
86	-76	7.408241	100.000000
86	-75	7.515215	100.000000
86	-74	7.620772	100.000000
86	-73	7.724912	100.000000
86	-72	7.827636	100.000000
86	-71	7.928942	100.000000
86	-70	8.028832	100.000000
86	-69	8.127305	100.000000
86	-68	8.224361	100.000000
86	-67	8.320000	100.000000
86	-66	8.414222	100.000000
86	-65	8.507028	100.000000
86	-64	8.598416	100.000000
86	-63	8.688388	100.000000
86	-62	8.776942	100.000000
86	-61	8.864080	100.000000
86	-60	8.949801	100.000000
86	-59	9.034105	100.000000
86	-58	9.116992	100.000000
86	-57	9.198463	100.000000
86	-56	9.278516	100.000000
86	-55	9.357153	100.000000
86	-54	9.434373	100.000000
86	-53	9.510175	100.000000
86	-52	9.584561	100.000000
86	-51	9.657530	100.000000
86	-50	9.729083	100.000000
86	-49	9.799218	100.000000
86	-48	9.867937	100.000000
86	-47	9.935238	100.000000
86	-46	10.001123	100.000000
86	-45	10.065591	100.000000
86	-44	10.128642	100.000000
86	-43	10.190276	100.000000
86	-42	10.250493	100.000000
86	-41	10.309293	100.000000
86	-40	10.366677	100.000000
86	-39	10.422643	100.000000
86	-38	10.477193	100.000000
86	-37	10.530326	100.000000
86	-36	10.582042	100.000000
86	-35	10.632341	100.000000
86	-34	10.681223	100.000000
86	-33	10.728688	100.000000
86	-32	10.774737	100.000000
86	-31	10.819368	100.000000
86	-30	10.862583	100.000000
86	-29	10.904381	100.000000
86	-28	10.944762	100.000000
86	-27	10.983726	100.000000
86	-26	11.021273	100.000000
86	-25	11.057404	100.000000
86	-24	11.092117	100.000000
86	-23	11.125414	100.000000
86	-22	11.157293	100.000000
86	-21	11.187756	100.000000
86	-20	11.216802	100.000000
86	-19	11.244431	100.000000
86	-18	11.270643	100.000000
86	-17	11.295439	100.000000
86	-16	11.318817	100.000000
86	-15	11.340779	100.000000
86	-14	11.361323	100.000000
86	-13	11.380451	100.000000
86	-12	11.398162	100.000000
86	-11	11.414456	100.000000
86	-10	11.429333	100.000000
86	-9	11.442794	100.000000
86	-8	11.454837	100.000000
86	-7	11.465464	100.000000
86	-6	11.474673	100.000000
86	-5	11.482466	100.000000
86	-4	11.488842	100.000000
86	-3	11.493801	100.000000
86	-2	11.497343	100.000000
86	-1	11.499469	100.000000
86	0	11.500177	100.000000
86	1	11.499469	100.000000
86	2	11.497343	100.000000
86	3	11.493801	100.000000
86	4	11.488842	100.000000
86	5	11.482466	100.000000
86	6	11.474673	100.000000
86	7	11.465464	100.000000
86	8	11.454837	100.000000
86	9	11.442794	100.000000
86	10	11.429333	100.000000
86	11	11.414456	100.000000
86	12	11.398162	100.000000
86	13	11.380451	100.000000
86	14	11.361323	100.000000
86	15	11.340779	100.000000
86	16	11.318817	100.000000
86	17	11.295439	100.000000
86	18	11.270643	100.000000
86	19	11.244431	100.000000
86	20	11.216802	100.000000
86	21	11.187756	100.000000
86	22	11.157293	100.000000
86	23	11.125414	100.000000
86	24	11.092117	100.000000
86	25	11.057404	100.000000
86	26	11.021273	100.000000
86	27	10.983726	100.000000
86	28	10.944762	100.000000
86	29	10.904381	100.000000
86	30	10.862583	100.000000
86	31	10.819368	100.000000
86	32	10.774737	100.000000
86	33	10.728688	100.000000
86	34	10.681223	100.000000
86	35	10.632341	100.000000
86	36	10.582042	100.000000
86	37	10.530326	100.000000
86	38	10.477193	100.000000
86	39	10.422643	100.000000
86	40	10.366677	100.000000
86	41	10.309293	100.000000
86	42	10.250493	100.000000
86	43	10.190276	100.000000
86	44	10.128642	100.000000
86	45	10.065591	100.000000
86	46	10.001123	100.000000
86	47	9.935238	100.000000
86	48	9.867937	100.000000
86	49	9.799218	100.000000
86	50	9.729083	100.000000
86	51	9.657530	100.000000
86	52	9.584561	100.000000
86	53	9.510175	100.000000
86	54	9.434373	100.000000
86	55	9.357153	100.000000
86	56	9.278516	100.000000
86	57	9.198463	100.000000
86	58	9.116992	100.000000
86	59	9.034105	100.000000
86	60	8.949801	100.000000
86	61	8.864080	100.000000
86	62	8.776942	100.000000
86	63	8.688388	100.000000
86	64	8.598416	100.000000
86	65	8.507028	100.000000
86	66	8.414222	100.000000
86	67	8.320000	100.000000
86	68	8.224361	100.000000
86	69	8.127305	100.000000
86	70	8.028832	100.000000
86	71	7.928942	100.000000
86	72	7.827636	100.000000
86	73	7.724912	100.000000
86	74	7.620772	100.000000
86	75	7.515215	100.000000
86	76	7.408241	100.000000
86	77	7.299850	100.000000
86	78	7.190042	100.000000
86	79	7.078817	100.000000
86	80	6.966175	100.000000
86	81	6.852117	100.000000
86	82	6.736642	100.000000
86	83	6.619749	100.000000
86	84	6.501440	100.000000
86	85	6.381714	100.000000
86	86	6.260571	100.000000
88	-88	6.259218	100.000000
88	-87	6.377654	100.000000
88	-86	6.494736	100.000000
88	-85	6.610464	100.000000
88	-84	6.724840	100.000000
88	-83	6.837861	100.000000
88	-82	6.949529	100.000000
88	-81	7.059844	100.000000
88	-80	7.168804	100.000000
88	-79	7.276412	100.000000
88	-78	7.382666	100.000000
88	-77	7.487566	100.000000
88	-76	7.591113	100.000000
88	-75	7.693306	100.000000
88	-74	7.794145	100.000000
88	-73	7.893631	100.000000
88	-72	7.991764	100.000000
88	-71	8.088543	100.000000
88	-70	8.183968	100.000000
88	-69	8.278040	100.000000
88	-68	8.370758	100.000000
88	-67	8.462123	100.000000
88	-66	8.552134	100.000000
88	-65	8.640792	100.000000
88	-64	8.728096	100.000000
88	-63	8.814046	100.000000
88	-62	8.898643	100.000000
88	-61	8.981887	100.000000
88	-60	9.063777	100.000000
88	-59	9.144313	100.000000
88	-58	9.223496	100.000000
88	-57	9.301325	100.000000
88	-56	9.377800	100.000000
88	-55	9.452923	100.000000
88	-54	9.526691	100.000000
88	-53	9.599106	100.000000
88	-52	9.670168	100.000000
88	-51	9.739875	100.000000
88	-50	9.808230	100.000000
88	-49	9.875231	100.000000
88	-48	9.940878	100.000000
88	-47	10.005172	100.000000
88	-46	10.068112	100.000000
88	-45	10.129698	100.000000
88	-44	10.189931	100.000000
88	-43	10.248811	100.000000
88	-42	10.306337	100.000000
88	-41	10.362509	100.000000
88	-40	10.417328	100.000000
88	-39	10.470793	100.000000
88	-38	10.522905	100.000000
88	-37	10.573663	100.000000
88	-36	10.623068	100.000000
88	-35	10.671119	100.000000
88	-34	10.717816	100.000000
88	-33	10.763160	100.000000
88	-32	10.807151	100.000000
88	-31	10.849788	100.000000
88	-30	10.891071	100.000000
88	-29	10.931001	100.000000
88	-28	10.969577	100.000000
88	-27	11.006800	100.000000
88	-26	11.042669	100.000000
88	-25	11.077184	100.000000
88	-24	11.110346	100.000000
88	-23	11.142155	100.000000
88	-22	11.172610	100.000000
88	-21	11.201711	100.000000
88	-20	11.229459	100.000000
88	-19	11.255853	100.000000
88	-18	11.280894	100.000000
88	-17	11.304581	100.000000
88	-16	11.326915	100.000000
88	-15	11.347895	100.000000
88	-14	11.367521	100.000000
88	-13	11.385794	100.000000
88	-12	11.402713	100.000000
88	-11	11.418279	100.000000
88	-10	11.432492	100.000000
88	-9	11.445350	100.000000
88	-8	11.456856	100.000000
88	-7	11.467007	100.000000
88	-6	11.475805	100.000000
88	-5	11.483250	100.000000
88	-4	11.489341	100.000000
88	-3	11.494078	100.000000
88	-2	11.497462	100.000000
88	-1	11.499492	100.000000
88	0	11.500169	100.000000
88	1	11.499492	100.000000
88	2	11.497462	100.000000
88	3	11.494078	100.000000
88	4	11.489341	100.000000
88	5	11.483250	100.000000
88	6	11.475805	100.000000
88	7	11.467007	100.000000
88	8	11.456856	100.000000
88	9	11.445350	100.000000
88	10	11.432492	100.000000
88	11	11.418279	100.000000
88	12	11.402713	100.000000
88	13	11.385794	100.000000
88	14	11.367521	100.000000
88	15	11.347895	100.000000
88	16	11.326915	100.000000
88	17	11.304581	100.000000
88	18	11.280894	100.000000
88	19	11.255853	100.000000
88	20	11.229459	100.000000
88	21	11.201711	100.000000
88	22	11.172610	100.000000
88	23	11.142155	100.000000
88	24	11.110346	100.000000
88	25	11.077184	100.000000
88	26	11.042669	100.000000
88	27	11.006800	100.000000
88	28	10.969577	100.000000
88	29	10.931001	100.000000
88	30	10.891071	100.000000
88	31	10.849788	100.000000
88	32	10.807151	100.000000
88	33	10.763160	100.000000
88	34	10.717816	100.000000
88	35	10.671119	100.000000
88	36	10.623068	100.000000
88	37	10.573663	100.000000
88	38	10.522905	100.000000
88	39	10.470793	100.000000
88	40	10.417328	100.000000
88	41	10.362509	100.000000
88	42	10.306337	100.000000
88	43	10.248811	100.000000
88	44	10.189931	100.000000
88	45	10.129698	100.000000
88	46	10.068112	100.000000
88	47	10.005172	100.000000
88	48	9.940878	100.000000
88	49	9.875231	100.000000
88	50	9.808230	100.000000
88	51	9.739875	100.000000
88	52	9.670168	100.000000
88	53	9.599106	100.000000
88	54	9.526691	100.000000
88	55	9.452923	100.000000
88	56	9.377800	100.000000
88	57	9.301325	100.000000
88	58	9.223496	100.000000
88	59	9.144313	100.000000
88	60	9.063777	100.000000
88	61	8.981887	100.000000
88	62	8.898643	100.000000
88	63	8.814046	100.000000
88	64	8.728096	100.000000
88	65	8.640792	100.000000
88	66	8.552134	100.000000
88	67	8.462123	100.000000
88	68	8.370758	100.000000
88	69	8.278040	100.000000
88	70	8.183968	100.000000
88	71	8.088543	100.000000
88	72	7.991764	100.000000
88	73	7.893631	100.000000
88	74	7.794145	100.000000
88	75	7.693306	100.000000
88	76	7.591113	100.000000
88	77	7.487566	100.000000
88	78	7.382666	100.000000
88	79	7.276412	100.000000
88	80	7.168804	100.000000
88	81	7.059844	100.000000
88	82	6.949529	100.000000
88	83	6.837861	100.000000
88	84	6.724840	100.000000
88	85	6.610464	100.000000
88	86	6.494736	100.000000
88	87	6.377654	100.000000
88	88	6.259218	100.000000
90	-90	6.257923	100.000000
90	-89	6.373770	100.000000
90	-88	6.488323	100.000000
90	-87	6.601581	100.000000
90	-86	6.713545	100.000000
90	-85	6.824215	100.000000
90	-84	6.933590	100.000000
90	-83	7.041670	100.000000
90	-82	7.148457	100.000000
90	-81	7.253949	100.000000
90	-80	7.358146	100.000000
90	-79	7.461050	100.000000
90	-78	7.562658	100.000000
90	-77	7.662973	100.000000
90	-76	7.761993	100.000000
90	-75	7.859719	100.000000
90	-74	7.956150	100.000000
90	-73	8.051287	100.000000
90	-72	8.145129	100.000000
90	-71	8.237677	100.000000
90	-70	8.328931	100.000000
90	-69	8.418891	100.000000
90	-68	8.507556	100.000000
90	-67	8.594926	100.000000
90	-66	8.681003	100.000000
90	-65	8.765784	100.000000
90	-64	8.849272	100.000000
90	-63	8.931465	100.000000
90	-62	9.012364	100.000000
90	-61	9.091968	100.000000
90	-60	9.170278	100.000000
90	-59	9.247294	100.000000
90	-58	9.323015	100.000000
90	-57	9.397442	100.000000
90	-56	9.470574	100.000000
90	-55	9.542412	100.000000
90	-54	9.612956	100.000000
90	-53	9.682205	100.000000
90	-52	9.750160	100.000000
90	-51	9.816821	100.000000
90	-50	9.882187	100.000000
90	-49	9.946259	100.000000
90	-48	10.009036	100.000000
90	-47	10.070519	100.000000
90	-46	10.130708	100.000000
90	-45	10.189602	100.000000
90	-44	10.247202	100.000000
90	-43	10.303508	100.000000
90	-42	10.358519	100.000000
90	-41	10.412236	100.000000
90	-40	10.464658	100.000000
90	-39	10.515786	100.000000
90	-38	10.565620	100.000000
90	-37	10.614159	100.000000
90	-36	10.661404	100.000000
90	-35	10.707354	100.000000
90	-34	10.752010	100.000000
90	-33	10.795372	100.000000
90	-32	10.837439	100.000000
90	-31	10.878212	100.000000
90	-30	10.917691	100.000000
90	-29	10.955875	100.000000
90	-28	10.992765	100.000000
90	-27	11.028360	100.000000
90	-26	11.062661	100.000000
90	-25	11.095668	100.000000
90	-24	11.127380	100.000000
90	-23	11.157798	100.000000
90	-22	11.186922	100.000000
90	-21	11.214751	100.000000
90	-20	11.241286	100.000000
90	-19	11.266526	100.000000
90	-18	11.290472	100.000000
90	-17	11.313124	100.000000
90	-16	11.334481	100.000000
90	-15	11.354544	100.000000
90	-14	11.373313	100.000000
90	-13	11.390787	100.000000
90	-12	11.406966	100.000000
90	-11	11.421852	100.000000
90	-10	11.435443	100.000000
90	-9	11.447739	100.000000
90	-8	11.458742	100.000000
90	-7	11.468449	100.000000
90	-6	11.476863	100.000000
90	-5	11.483982	100.000000
90	-4	11.489807	100.000000
90	-3	11.494337	100.000000
90	-2	11.497573	100.000000
90	-1	11.499515	100.000000
90	0	11.500162	100.000000
90	1	11.499515	100.000000
90	2	11.497573	100.000000
90	3	11.494337	100.000000
90	4	11.489807	100.000000
90	5	11.483982	100.000000
90	6	11.476863	100.000000
90	7	11.468449	100.000000
90	8	11.458742	100.000000
90	9	11.447739	100.000000
90	10	11.435443	100.000000
90	11	11.421852	100.000000
90	12	11.406966	100.000000
90	13	11.390787	100.000000
90	14	11.373313	100.000000
90	15	11.354544	100.000000
90	16	11.334481	100.000000
90	17	11.313124	100.000000
90	18	11.290472	100.000000
90	19	11.266526	100.000000
90	20	11.241286	100.000000
90	21	11.214751	100.000000
90	22	11.186922	100.000000
90	23	11.157798	100.000000
90	24	11.127380	100.000000
90	25	11.095668	100.000000
90	26	11.062661	100.000000
90	27	11.028360	100.000000
90	28	10.992765	100.000000
90	29	10.955875	100.000000
90	30	10.917691	100.000000
90	31	10.878212	100.000000
90	32	10.837439	100.000000
90	33	10.795372	100.000000
90	34	10.752010	100.000000
90	35	10.707354	100.000000
90	36	10.661404	100.000000
90	37	10.614159	100.000000
90	38	10.565620	100.000000
90	39	10.515786	100.000000
90	40	10.464658	100.000000
90	41	10.412236	100.000000
90	42	10.358519	100.000000
90	43	10.303508	100.000000
90	44	10.247202	100.000000
90	45	10.189602	100.000000
90	46	10.130708	100.000000
90	47	10.070519	100.000000
90	48	10.009036	100.000000
90	49	9.946259	100.000000
90	50	9.882187	100.000000
90	51	9.816821	100.000000
90	52	9.750160	100.000000
90	53	9.682205	100.000000
90	54	9.612956	100.000000
90	55	9.542412	100.000000
90	56	9.470574	100.000000
90	57	9.397442	100.000000
90	58	9.323015	100.000000
90	59	9.247294	100.000000
90	60	9.170278	100.000000
90	61	9.091968	100.000000
90	62	9.012364	100.000000
90	63	8.931465	100.000000
90	64	8.849272	100.000000
90	65	8.765784	100.000000
90	66	8.681003	100.000000
90	67	8.594926	100.000000
90	68	8.507556	100.000000
90	69	8.418891	100.000000
90	70	8.328931	100.000000
90	71	8.237677	100.000000
90	72	8.145129	100.000000
90	73	8.051287	100.000000
90	74	7.956150	100.000000
90	75	7.859719	100.000000
90	76	7.761993	100.000000
90	77	7.662973	100.000000
90	78	7.562658	100.000000
90	79	7.461050	100.000000
90	80	7.358146	100.000000
90	81	7.253949	100.000000
90	82	7.148457	100.000000
90	83	7.041670	100.000000
90	84	6.933590	100.000000
90	85	6.824215	100.000000
90	86	6.713545	100.000000
90	87	6.601581	100.000000
90	88	6.488323	100.000000
90	89	6.373770	100.000000
90	90	6.257923	100.000000
92	-92	6.256684	100.000000
92	-91	6.370053	100.000000
92	-90	6.482183	100.000000
92	-89	6.593074	100.000000
92	-88	6.702726	100.000000
92	-87	6.811139	100.000000
92	-86	6.918313	100.000000
92	-85	7.024248	100.000000
92	-84	7.128944	100.000000
92	-83	7.232401	100.000000
92	-82	7.334619	100.000000
92	-81	7.435598	100.000000
92	-80	7.535338	100.000000
92	-79	7.633839	100.000000
92	-78	7.731101	100.000000
92	-77	7.827124	100.000000
92	-76	7.921908	100.000000
92	-75	8.015452	100.000000
92	-74	8.107758	100.000000
92	-73	8.198825	100.000000
92	-72	8.288653	100.000000
92	-71	8.377242	100.000000
92	-70	8.464592	100.000000
92	-69	8.550703	100.000000
92	-68	8.635575	100.000000
92	-67	8.719208	100.000000
92	-66	8.801601	100.000000
92	-65	8.882756	100.000000
92	-64	8.962672	100.000000
92	-63	9.041349	100.000000
92	-62	9.118787	100.000000
92	-61	9.194986	100.000000
92	-60	9.269945	100.000000
92	-59	9.343666	100.000000
92	-58	9.416148	100.000000
92	-57	9.487391	100.000000
92	-56	9.557395	100.000000
92	-55	9.626159	100.000000
92	-54	9.693685	100.000000
92	-53	9.759972	100.000000
92	-52	9.825020	100.000000
92	-51	9.888828	100.000000
92	-50	9.951398	100.000000
92	-49	10.012729	100.000000
92	-48	10.072821	100.000000
92	-47	10.131674	100.000000
92	-46	10.189287	100.000000
92	-45	10.245662	100.000000
92	-44	10.300798	100.000000
92	-43	10.354694	100.000000
92	-42	10.407352	100.000000
92	-41	10.458771	100.000000
92	-40	10.508951	100.000000
92	-39	10.557891	100.000000
92	-38	10.605593	100.000000
92	-37	10.652056	100.000000
92	-36	10.697279	100.000000
92	-35	10.741264	100.000000
92	-34	10.784010	100.000000
92	-33	10.825516	100.000000
92	-32	10.865784	100.000000
92	-31	10.904813	100.000000
92	-30	10.942602	100.000000
92	-29	10.979153	100.000000
92	-28	11.014465	100.000000
92	-27	11.048537	100.000000
92	-26	11.081371	100.000000
92	-25	11.112966	100.000000
92	-24	11.143321	100.000000
92	-23	11.172438	100.000000
92	-22	11.200316	100.000000
92	-21	11.226954	100.000000
92	-20	11.252354	100.000000
92	-19	11.276514	100.000000
92	-18	11.299436	100.000000
92	-17	11.321119	100.000000
92	-16	11.341562	100.000000
92	-15	11.360767	100.000000
92	-14	11.378732	100.000000
92	-13	11.395459	100.000000
92	-12	11.410946	100.000000
92	-11	11.425195	100.000000
92	-10	11.438205	100.000000
92	-9	11.449975	100.000000
92	-8	11.460507	100.000000
92	-7	11.469799	100.000000
92	-6	11.477853	100.000000
92	-5	11.484667	100.000000
92	-4	11.490243	100.000000
92	-3	11.494579	100.000000
92	-2	11.497677	100.000000
92	-1	11.499535	100.000000
92	0	11.500155	100.000000
92	1	11.499535	100.000000
92	2	11.497677	100.000000
92	3	11.494579	100.000000
92	4	11.490243	100.000000
92	5	11.484667	100.000000
92	6	11.477853	100.000000
92	7	11.469799	100.000000
92	8	11.460507	100.000000
92	9	11.449975	100.000000
92	10	11.438205	100.000000
92	11	11.425195	100.000000
92	12	11.410946	100.000000
92	13	11.395459	100.000000
92	14	11.378732	100.000000
92	15	11.360767	100.000000
92	16	11.341562	100.000000
92	17	11.321119	100.000000
92	18	11.299436	100.000000
92	19	11.276514	100.000000
92	20	11.252354	100.000000
92	21	11.226954	100.000000
92	22	11.200316	100.000000
92	23	11.172438	100.000000
92	24	11.143321	100.000000
92	25	11.112966	100.000000
92	26	11.081371	100.000000
92	27	11.048537	100.000000
92	28	11.014465	100.000000
92	29	10.979153	100.000000
92	30	10.942602	100.000000
92	31	10.904813	100.000000
92	32	10.865784	100.000000
92	33	10.825516	100.000000
92	34	10.784010	100.000000
92	35	10.741264	100.000000
92	36	10.697279	100.000000
92	37	10.652056	100.000000
92	38	10.605593	100.000000
92	39	10.557891	100.000000
92	40	10.508951	100.000000
92	41	10.458771	100.000000
92	42	10.407352	100.000000
92	43	10.354694	100.000000
92	44	10.300798	100.000000
92	45	10.245662	100.000000
92	46	10.189287	100.000000
92	47	10.131674	100.000000
92	48	10.072821	100.000000
92	49	10.012729	100.000000
92	50	9.951398	100.000000
92	51	9.888828	100.000000
92	52	9.825020	100.000000
92	53	9.759972	100.000000
92	54	9.693685	100.000000
92	55	9.626159	100.000000
92	56	9.557395	100.000000
92	57	9.487391	100.000000
92	58	9.416148	100.000000
92	59	9.343666	100.000000
92	60	9.269945	100.000000
92	61	9.194986	100.000000
92	62	9.118787	100.000000
92	63	9.041349	100.000000
92	64	8.962672	100.000000
92	65	8.882756	100.000000
92	66	8.801601	100.000000
92	67	8.719208	100.000000
92	68	8.635575	100.000000
92	69	8.550703	100.000000
92	70	8.464592	100.000000
92	71	8.377242	100.000000
92	72	8.288653	100.000000
92	73	8.198825	100.000000
92	74	8.107758	100.000000
92	75	8.015452	100.000000
92	76	7.921908	100.000000
92	77	7.827124	100.000000
92	78	7.731101	100.000000
92	79	7.633839	100.000000
92	80	7.535338	100.000000
92	81	7.435598	100.000000
92	82	7.334619	100.000000
92	83	7.232401	100.000000
92	84	7.128944	100.000000
92	85	7.024248	100.000000
92	86	6.918313	100.000000
92	87	6.811139	100.000000
92	88	6.702726	100.000000
92	89	6.593074	100.000000
92	90	6.482183	100.000000
92	91	6.370053	100.000000
92	92	6.256684	100.000000
94	-94	6.255497	100.000000
94	-93	6.366492	100.000000
94	-92	6.476300	100.000000
94	-91	6.584920	100.000000
94	-90	6.692354	100.000000
94	-89	6.798600	100.000000
94	-88	6.903659	100.000000
94	-87	7.007531	100.000000
94	-86	7.110216	100.000000
94	-85	7.211714	100.000000
94	-84	7.312025	100.000000
94	-83	7.411149	100.000000
94	-82	7.509085	100.000000
94	-81	7.605835	100.000000
94	-80	7.701397	100.000000
94	-79	7.795772	100.000000
94	-78	7.888960	100.000000
94	-77	7.980961	100.000000
94	-76	8.071775	100.000000
94	-75	8.161402	100.000000
94	-74	8.249842	100.000000
94	-73	8.337094	100.000000
94	-72	8.423160	100.000000
94	-71	8.508038	100.000000
94	-70	8.591729	100.000000
94	-69	8.674234	100.000000
94	-68	8.755551	100.000000
94	-67	8.835680	100.000000
94	-66	8.914623	100.000000
94	-65	8.992379	100.000000
94	-64	9.068948	100.000000
94	-63	9.144329	100.000000
94	-62	9.218523	100.000000
94	-61	9.291531	100.000000
94	-60	9.363351	100.000000
94	-59	9.433984	100.000000
94	-58	9.503430	100.000000
94	-57	9.571689	100.000000
94	-56	9.638760	100.000000
94	-55	9.704645	100.000000
94	-54	9.769342	100.000000
94	-53	9.832853	100.000000
94	-52	9.895176	100.000000
94	-51	9.956312	100.000000
94	-50	10.016261	100.000000
94	-49	10.075023	100.000000
94	-48	10.132598	100.000000
94	-47	10.188986	100.000000
94	-46	10.244186	100.000000
94	-45	10.298200	100.000000
94	-44	10.351026	100.000000
94	-43	10.402665	100.000000
94	-42	10.453118	100.000000
94	-41	10.502383	100.000000
94	-40	10.550461	100.000000
94	-39	10.597351	100.000000
94	-38	10.643055	100.000000
94	-37	10.687572	100.000000
94	-36	10.730901	100.000000
94	-35	10.773044	100.000000
94	-34	10.813999	100.000000
94	-33	10.853767	100.000000
94	-32	10.892348	100.000000
94	-31	10.929742	100.000000
94	-30	10.965949	100.000000
94	-29	11.000969	100.000000
94	-28	11.034801	100.000000
94	-27	11.067447	100.000000
94	-26	11.098905	100.000000
94	-25	11.129177	100.000000
94	-24	11.158261	100.000000
94	-23	11.186158	100.000000
94	-22	11.212868	100.000000
94	-21	11.238391	100.000000
94	-20	11.262726	100.000000
94	-19	11.285875	100.000000
94	-18	11.307837	100.000000
94	-17	11.328611	100.000000
94	-16	11.348198	100.000000
94	-15	11.366599	100.000000
94	-14	11.383812	100.000000
94	-13	11.399838	100.000000
94	-12	11.414676	100.000000
94	-11	11.428328	100.000000
94	-10	11.440793	100.000000
94	-9	11.452070	100.000000
94	-8	11.462161	100.000000
94	-7	11.471064	100.000000
94	-6	11.478780	100.000000
94	-5	11.485310	100.000000
94	-4	11.490652	100.000000
94	-3	11.494806	100.000000
94	-2	11.497774	100.000000
94	-1	11.499555	100.000000
94	0	11.500148	100.000000
94	1	11.499555	100.000000
94	2	11.497774	100.000000
94	3	11.494806	100.000000
94	4	11.490652	100.000000
94	5	11.485310	100.000000
94	6	11.478780	100.000000
94	7	11.471064	100.000000
94	8	11.462161	100.000000
94	9	11.452070	100.000000
94	10	11.440793	100.000000
94	11	11.428328	100.000000
94	12	11.414676	100.000000
94	13	11.399838	100.000000
94	14	11.383812	100.000000
94	15	11.366599	100.000000
94	16	11.348198	100.000000
94	17	11.328611	100.000000
94	18	11.307837	100.000000
94	19	11.285875	100.000000
94	20	11.262726	100.000000
94	21	11.238391	100.000000
94	22	11.212868	100.000000
94	23	11.186158	100.000000
94	24	11.158261	100.000000
94	25	11.129177	100.000000
94	26	11.098905	100.000000
94	27	11.067447	100.000000
94	28	11.034801	100.000000
94	29	11.000969	100.000000
94	30	10.965949	100.000000
94	31	10.929742	100.000000
94	32	10.892348	100.000000
94	33	10.853767	100.000000
94	34	10.813999	100.000000
94	35	10.773044	100.000000
94	36	10.730901	100.000000
94	37	10.687572	100.000000
94	38	10.643055	100.000000
94	39	10.597351	100.000000
94	40	10.550461	100.000000
94	41	10.502383	100.000000
94	42	10.453118	100.000000
94	43	10.402665	100.000000
94	44	10.351026	100.000000
94	45	10.298200	100.000000
94	46	10.244186	100.000000
94	47	10.188986	100.000000
94	48	10.132598	100.000000
94	49	10.075023	100.000000
94	50	10.016261	100.000000
94	51	9.956312	100.000000
94	52	9.895176	100.000000
94	53	9.832853	100.000000
94	54	9.769342	100.000000
94	55	9.704645	100.000000
94	56	9.638760	100.000000
94	57	9.571689	100.000000
94	58	9.503430	100.000000
94	59	9.433984	100.000000
94	60	9.363351	100.000000
94	61	9.291531	100.000000
94	62	9.218523	100.000000
94	63	9.144329	100.000000
94	64	9.068948	100.000000
94	65	8.992379	100.000000
94	66	8.914623	100.000000
94	67	8.835680	100.000000
94	68	8.755551	100.000000
94	69	8.674234	100.000000
94	70	8.591729	100.000000
94	71	8.508038	100.000000
94	72	8.423160	100.000000
94	73	8.337094	100.000000
94	74	8.249842	100.000000
94	75	8.161402	100.000000
94	76	8.071775	100.000000
94	77	7.980961	100.000000
94	78	7.888960	100.000000
94	79	7.795772	100.000000
94	80	7.701397	100.000000
94	81	7.605835	100.000000
94	82	7.509085	100.000000
94	83	7.411149	100.000000
94	84	7.312025	100.000000
94	85	7.211714	100.000000
94	86	7.110216	100.000000
94	87	7.007531	100.000000
94	88	6.903659	100.000000
94	89	6.798600	100.000000
94	90	6.692354	100.000000
94	91	6.584920	100.000000
94	92	6.476300	100.000000
94	93	6.366492	100.000000
94	94	6.255497	100.000000
96	-96	6.254359	100.000000
96	-95	6.363077	100.000000
96	-94	6.470656	100.000000
96	-93	6.577098	100.000000
96	-92	6.682400	100.000000
96	-91	6.786565	100.000000
96	-90	6.889591	100.000000
96	-89	6.991478	100.000000
96	-88	7.092227	100.000000
96	-87	7.191838	100.000000
96	-86	7.290310	100.000000
96	-85	7.387644	100.000000
96	-84	7.483839	100.000000
96	-83	7.578896	100.000000
96	-82	7.672815	100.000000
96	-81	7.765595	100.000000
96	-80	7.857237	100.000000
96	-79	7.947741	100.000000
96	-78	8.037106	100.000000
96	-77	8.125332	100.000000
96	-76	8.212420	100.000000
96	-75	8.298370	100.000000
96	-74	8.383182	100.000000
96	-73	8.466855	100.000000
96	-72	8.549389	100.000000
96	-71	8.630785	100.000000
96	-70	8.711043	100.000000
96	-69	8.790162	100.000000
96	-68	8.868143	100.000000
96	-67	8.944986	100.000000
96	-66	9.020690	100.000000
96	-65	9.095256	100.000000
96	-64	9.168683	100.000000
96	-63	9.240972	100.000000
96	-62	9.312122	100.000000
96	-61	9.382135	100.000000
96	-60	9.451008	100.000000
96	-59	9.518743	100.000000
96	-58	9.585340	100.000000
96	-57	9.650799	100.000000
96	-56	9.715119	100.000000
96	-55	9.778300	100.000000
96	-54	9.840344	100.000000
96	-53	9.901248	100.000000
96	-52	9.961015	100.000000
96	-51	10.019643	100.000000
96	-50	10.077133	100.000000
96	-49	10.133484	100.000000
96	-48	10.188696	100.000000
96	-47	10.242771	100.000000
96	-46	10.295707	100.000000
96	-45	10.347504	100.000000
96	-44	10.398164	100.000000
96	-43	10.447684	100.000000
96	-42	10.496067	100.000000
96	-41	10.543311	100.000000
96	-40	10.589416	100.000000
96	-39	10.634383	100.000000
96	-38	10.678212	100.000000
96	-37	10.720902	100.000000
96	-36	10.762454	100.000000
96	-35	10.802867	100.000000
96	-34	10.842143	100.000000
96	-33	10.880279	100.000000
96	-32	10.917277	100.000000
96	-31	10.953137	100.000000
96	-30	10.987859	100.000000
96	-29	11.021442	100.000000
96	-28	11.053886	100.000000
96	-27	11.085193	100.000000
96	-26	11.115360	100.000000
96	-25	11.144390	100.000000
96	-24	11.172281	100.000000
96	-23	11.199033	100.000000
96	-22	11.224648	100.000000
96	-21	11.249123	100.000000
96	-20	11.272461	100.000000
96	-19	11.294660	100.000000
96	-18	11.315720	100.000000
96	-17	11.335642	100.000000
96	-16	11.354426	100.000000
96	-15	11.372071	100.000000
96	-14	11.388578	100.000000
96	-13	11.403947	100.000000
96	-12	11.418177	100.000000
96	-11	11.431269	100.000000
96	-10	11.443222	100.000000
96	-9	11.454037	100.000000
96	-8	11.463713	100.000000
96	-7	11.472251	100.000000
96	-6	11.479651	100.000000
96	-5	11.485912	100.000000
96	-4	11.491035	100.000000
96	-3	11.495019	100.000000
96	-2	11.497865	100.000000
96	-1	11.499573	100.000000
96	0	11.500142	100.000000
96	1	11.499573	100.000000
96	2	11.497865	100.000000
96	3	11.495019	100.000000
96	4	11.491035	100.000000
96	5	11.485912	100.000000
96	6	11.479651	100.000000
96	7	11.472251	100.000000
96	8	11.463713	100.000000
96	9	11.454037	100.000000
96	10	11.443222	100.000000
96	11	11.431269	100.000000
96	12	11.418177	100.000000
96	13	11.403947	100.000000
96	14	11.388578	100.000000
96	15	11.372071	100.000000
96	16	11.354426	100.000000
96	17	11.335642	100.000000
96	18	11.315720	100.000000
96	19	11.294660	100.000000
96	20	11.272461	100.000000
96	21	11.249123	100.000000
96	22	11.224648	100.000000
96	23	11.199033	100.000000
96	24	11.172281	100.000000
96	25	11.144390	100.000000
96	26	11.115360	100.000000
96	27	11.085193	100.000000
96	28	11.053886	100.000000
96	29	11.021442	100.000000
96	30	10.987859	100.000000
96	31	10.953137	100.000000
96	32	10.917277	100.000000
96	33	10.880279	100.000000
96	34	10.842143	100.000000
96	35	10.802867	100.000000
96	36	10.762454	100.000000
96	37	10.720902	100.000000
96	38	10.678212	100.000000
96	39	10.634383	100.000000
96	40	10.589416	100.000000
96	41	10.543311	100.000000
96	42	10.496067	100.000000
96	43	10.447684	100.000000
96	44	10.398164	100.000000
96	45	10.347504	100.000000
96	46	10.295707	100.000000
96	47	10.242771	100.000000
96	48	10.188696	100.000000
96	49	10.133484	100.000000
96	50	10.077133	100.000000
96	51	10.019643	100.000000
96	52	9.961015	100.000000
96	53	9.901248	100.000000
96	54	9.840344	100.000000
96	55	9.778300	100.000000
96	56	9.715119	100.000000
96	57	9.650799	100.000000
96	58	9.585340	100.000000
96	59	9.518743	100.000000
96	60	9.451008	100.000000
96	61	9.382135	100.000000
96	62	9.312122	100.000000
96	63	9.240972	100.000000
96	64	9.168683	100.000000
96	65	9.095256	100.000000
96	66	9.020690	100.000000
96	67	8.944986	100.000000
96	68	8.868143	100.000000
96	69	8.790162	100.000000
96	70	8.711043	100.000000
96	71	8.630785	100.000000
96	72	8.549389	100.000000
96	73	8.466855	100.000000
96	74	8.383182	100.000000
96	75	8.298370	100.000000
96	76	8.212420	100.000000
96	77	8.125332	100.000000
96	78	8.037106	100.000000
96	79	7.947741	100.000000
96	80	7.857237	100.000000
96	81	7.765595	100.000000
96	82	7.672815	100.000000
96	83	7.578896	100.000000
96	84	7.483839	100.000000
96	85	7.387644	100.000000
96	86	7.290310	100.000000
96	87	7.191838	100.000000
96	88	7.092227	100.000000
96	89	6.991478	100.000000
96	90	6.889591	100.000000
96	91	6.786565	100.000000
96	92	6.682400	100.000000
96	93	6.577098	100.000000
96	94	6.470656	100.000000
96	95	6.363077	100.000000
96	96	6.254359	100.000000
98	-98	6.253266	100.000000
98	-97	6.359799	100.000000
98	-96	6.465239	100.000000
98	-95	6.569586	100.000000
98	-94	6.672841	100.000000
98	-93	6.775003	100.000000
98	-92	6.876073	100.000000
98	-91	6.976049	100.000000
98	-90	7.074934	100.000000
98	-89	7.172725	100.000000
98	-88	7.269424	100.000000
98	-87	7.365030	100.000000
98	-86	7.459544	100.000000
98	-85	7.552965	100.000000
98	-84	7.645293	100.000000
98	-83	7.736529	100.000000
98	-82	7.826672	100.000000
98	-81	7.915722	100.000000
98	-80	8.003680	100.000000
98	-79	8.090545	100.000000
98	-78	8.176317	100.000000
98	-77	8.260997	100.000000
98	-76	8.344584	100.000000
98	-75	8.427079	100.000000
98	-74	8.508481	100.000000
98	-73	8.588790	100.000000
98	-72	8.668007	100.000000
98	-71	8.746131	100.000000
98	-70	8.823162	100.000000
98	-69	8.899101	100.000000
98	-68	8.973947	100.000000
98	-67	9.047700	100.000000
98	-66	9.120361	100.000000
98	-65	9.191929	100.000000
98	-64	9.262404	100.000000
98	-63	9.331787	100.000000
98	-62	9.400077	100.000000
98	-61	9.467275	100.000000
98	-60	9.533380	100.000000
98	-59	9.598392	100.000000
98	-58	9.662312	100.000000
98	-57	9.725139	100.000000
98	-56	9.786873	100.000000
98	-55	9.847514	100.000000
98	-54	9.907064	100.000000
98	-53	9.965520	100.000000
98	-52	10.022884	100.000000
98	-51	10.079155	100.000000
98	-50	10.134333	100.000000
98	-49	10.188419	100.000000
98	-48	10.241412	100.000000
98	-47	10.293313	100.000000
98	-46	10.344121	100.000000
98	-45	10.393836	100.000000
98	-44	10.442458	100.000000
98	-43	10.489988	100.000000
98	-42	10.536426	100.000000
98	-41	10.581770	100.000000
98	-40	10.626022	100.000000
98	-39	10.669182	100.000000
98	-38	10.711249	100.000000
98	-37	10.752223	100.000000
98	-36	10.792104	100.000000
98	-35	10.830893	100.000000
98	-34	10.868589	100.000000
98	-33	10.905193	100.000000
98	-32	10.940704	100.000000
98	-31	10.975122	100.000000
98	-30	11.008447	100.000000
98	-29	11.040680	100.000000
98	-28	11.071821	100.000000
98	-27	11.101868	100.000000
98	-26	11.130823	100.000000
98	-25	11.158686	100.000000
98	-24	11.185455	100.000000
98	-23	11.211133	100.000000
98	-22	11.235717	100.000000
98	-21	11.259209	100.000000
98	-20	11.281608	100.000000
98	-19	11.302915	100.000000
98	-18	11.323128	100.000000
98	-17	11.342250	100.000000
98	-16	11.360278	100.000000
98	-15	11.377214	100.000000
98	-14	11.393058	100.000000
98	-13	11.407808	100.000000
98	-12	11.421466	100.000000
98	-11	11.434032	100.000000
98	-10	11.445504	100.000000
98	-9	11.455885	100.000000
98	-8	11.465172	100.000000
98	-7	11.473367	100.000000
98	-6	11.480469	100.000000
98	-5	11.486479	100.000000
98	-4	11.491395	100.000000
98	-3	11.495220	100.000000
98	-2	11.497951	100.000000
98	-1	11.499590	100.000000
98	0	11.500137	100.000000
98	1	11.499590	100.000000
98	2	11.497951	100.000000
98	3	11.495220	100.000000
98	4	11.491395	100.000000
98	5	11.486479	100.000000
98	6	11.480469	100.000000
98	7	11.473367	100.000000
98	8	11.465172	100.000000
98	9	11.455885	100.000000
98	10	11.445504	100.000000
98	11	11.434032	100.000000
98	12	11.421466	100.000000
98	13	11.407808	100.000000
98	14	11.393058	100.000000
98	15	11.377214	100.000000
98	16	11.360278	100.000000
98	17	11.342250	100.000000
98	18	11.323128	100.000000
98	19	11.302915	100.000000
98	20	11.281608	100.000000
98	21	11.259209	100.000000
98	22	11.235717	100.000000
98	23	11.211133	100.000000
98	24	11.185455	100.000000
98	25	11.158686	100.000000
98	26	11.130823	100.000000
98	27	11.101868	100.000000
98	28	11.071821	100.000000
98	29	11.040680	100.000000
98	30	11.008447	100.000000
98	31	10.975122	100.000000
98	32	10.940704	100.000000
98	33	10.905193	100.000000
98	34	10.868589	100.000000
98	35	10.830893	100.000000
98	36	10.792104	100.000000
98	37	10.752223	100.000000
98	38	10.711249	100.000000
98	39	10.669182	100.000000
98	40	10.626022	100.000000
98	41	10.581770	100.000000
98	42	10.536426	100.000000
98	43	10.489988	100.000000
98	44	10.442458	100.000000
98	45	10.393836	100.000000
98	46	10.344121	100.000000
98	47	10.293313	100.000000
98	48	10.241412	100.000000
98	49	10.188419	100.000000
98	50	10.134333	100.000000
98	51	10.079155	100.000000
98	52	10.022884	100.000000
98	53	9.965520	100.000000
98	54	9.907064	100.000000
98	55	9.847514	100.000000
98	56	9.786873	100.000000
98	57	9.725139	100.000000
98	58	9.662312	100.000000
98	59	9.598392	100.000000
98	60	9.533380	100.000000
98	61	9.467275	100.000000
98	62	9.400077	100.000000
98	63	9.331787	100.000000
98	64	9.262404	100.000000
98	65	9.191929	100.000000
98	66	9.120361	100.000000
98	67	9.047700	100.000000
98	68	8.973947	100.000000
98	69	8.899101	100.000000
98	70	8.823162	100.000000
98	71	8.746131	100.000000
98	72	8.668007	100.000000
98	73	8.588790	100.000000
98	74	8.508481	100.000000
98	75	8.427079	100.000000
98	76	8.344584	100.000000
98	77	8.260997	100.000000
98	78	8.176317	100.000000
98	79	8.090545	100.000000
98	80	8.003680	100.000000
98	81	7.915722	100.000000
98	82	7.826672	100.000000
98	83	7.736529	100.000000
98	84	7.645293	100.000000
98	85	7.552965	100.000000
98	86	7.459544	100.000000
98	87	7.365030	100.000000
98	88	7.269424	100.000000
98	89	7.172725	100.000000
98	90	7.074934	100.000000
98	91	6.976049	100.000000
98	92	6.876073	100.000000
98	93	6.775003	100.000000
98	94	6.672841	100.000000
98	95	6.569586	100.000000
98	96	6.465239	100.000000
98	97	6.359799	100.000000
98	98	6.253266	100.000000
